url,verdict,coverageState,indexingState,robotsTxtState,pageFetchState,userCanonical,googleCanonical,lastCrawlTime,crawledAs,referringSitemaps,error
https://reklamap.pl/,PASS,Strona przesłana i zindeksowana,INDEXING_ALLOWED,ALLOWED,SUCCESSFUL,https://reklamap.pl/,https://reklamap.pl/,2026-09-08T01:13:44Z,MOBILE,,
https://reklamap.pl/blog,PASS,Strona przesłana i zindeksowana,INDEXING_ALLOWED,ALLOWED,SUCCESSFUL,https://reklamap.pl/blog,https://reklamap.pl/blog,2026-08-21T12:51:31Z,MOBILE,,
https://reklamap.pl/blog/lokalizacje,PASS,Strona przesłana i zindeksowana,INDEXING_ALLOWED,ALLOWED,SUCCESSFUL,https://reklamap.pl/blog/lokalizacje,https://reklamap.pl/blog/lokalizacje,2026-07-28T08:28:44Z,MOBILE,,
https://reklamap.pl/blog/lokalizacje/reklama-outdoor-bydgoszcz,PASS,Strona przesłana i zindeksowana,INDEXING_ALLOWED,ALLOWED,SUCCESSFUL,https://reklamap.pl/blog/lokalizacje/reklama-outdoor-bydgoszcz,https://reklamap.pl/blog/lokalizacje/reklama-outdoor-bydgoszcz,2026-07-18T03:59:34Z,MOBILE,,
https://reklamap.pl/blog/lokalizacje/reklama-outdoor-gdansk,PASS,Strona przesłana i zindeksowana,INDEXING_ALLOWED,ALLOWED,SUCCESSFUL,https://reklamap.pl/blog/lokalizacje/reklama-outdoor-gdansk,https://reklamap.pl/blog/lokalizacje/reklama-outdoor-gdansk,2026-07-29T09:40:23Z,MOBILE,,
https://reklamap.pl/blog/lokalizacje/reklama-outdoor-katowice,NEUTRAL,"Strona zeskanowana, ale jeszcze nie zindeksowana",INDEXING_ALLOWED,ALLOWED,SUCCESSFUL,https://reklamap.pl/blog/lokalizacje/reklama-outdoor-katowice,https://reklamap.pl/blog/lokalizacje/reklama-outdoor-katowice,2026-07-17T04:05:32Z,MOBILE,,
https://reklamap.pl/blog/lokalizacje/reklama-outdoor-krakow,PASS,Strona przesłana i zindeksowana,INDEXING_ALLOWED,ALLOWED,SUCCESSFUL,https://reklamap.pl/blog/lokalizacje/reklama-outdoor-krakow,https://reklamap.pl/blog/lokalizacje/reklama-outdoor-krakow,2026-07-13T07:36:06Z,MOBILE,,
https://reklamap.pl/blog/lokalizacje/reklama-outdoor-lodz,PASS,Strona przesłana i zindeksowana,INDEXING_ALLOWED,ALLOWED,SUCCESSFUL,https://reklamap.pl/blog/lokalizacje/reklama-outdoor-lodz,https://reklamap.pl/blog/lokalizacje/reklama-outdoor-lodz,2026-07-13T07:36:06Z,MOBILE,,
https://reklamap.pl/blog/lokalizacje/reklama-outdoor-lublin,PASS,Strona przesłana i zindeksowana,INDEXING_ALLOWED,ALLOWED,SUCCESSFUL,https://reklamap.pl/blog/lokalizacje/reklama-outdoor-lublin,https://reklamap.pl/blog/lokalizacje/reklama-outdoor-lublin,2026-08-23T20:23:41Z,MOBILE,,
https://reklamap.pl/blog/lokalizacje/reklama-outdoor-olsztyn,NEUTRAL,"Strona zeskanowana, ale jeszcze nie zindeksowana",INDEXING_ALLOWED,ALLOWED,SUCCESSFUL,https://reklamap.pl/blog/lokalizacje/reklama-outdoor-olsztyn,https://reklamap.pl/blog/lokalizacje/reklama-outdoor-olsztyn,2026-07-18T08:43:20Z,MOBILE,,
https://reklamap.pl/blog/lokalizacje/reklama-outdoor-poznan,PASS,Strona przesłana i zindeksowana,INDEXING_ALLOWED,ALLOWED,SUCCESSFUL,https://reklamap.pl/blog/lokalizacje/reklama-outdoor-poznan,https://reklamap.pl/blog/lokalizacje/reklama-outdoor-poznan,2026-07-13T07:34:05Z,MOBILE,,
https://reklamap.pl/blog/lokalizacje/reklama-outdoor-szczecin,NEUTRAL,"Strona zeskanowana, ale jeszcze nie zindeksowana",INDEXING_STATE_UNSPECIFIED,ALLOWED,SUCCESSFUL,,,2026-09-07T05:01:19Z,MOBILE,,
https://reklamap.pl/blog/lokalizacje/reklama-outdoor-warszawa,PASS,Strona przesłana i zindeksowana,INDEXING_ALLOWED,ALLOWED,SUCCESSFUL,https://reklamap.pl/blog/lokalizacje/reklama-outdoor-warszawa,https://reklamap.pl/blog/lokalizacje/reklama-outdoor-warszawa,2026-09-01T05:43:16Z,MOBILE,,
https://reklamap.pl/blog/lokalizacje/reklama-outdoor-wroclaw,PASS,Strona przesłana i zindeksowana,INDEXING_ALLOWED,ALLOWED,SUCCESSFUL,https://reklamap.pl/blog/lokalizacje/reklama-outdoor-wroclaw,https://reklamap.pl/blog/lokalizacje/reklama-outdoor-wroclaw,2026-09-04T21:51:27Z,MOBILE,,
https://reklamap.pl/blog/poradniki,PASS,Strona przesłana i zindeksowana,INDEXING_ALLOWED,ALLOWED,SUCCESSFUL,https://reklamap.pl/blog/poradniki,https://reklamap.pl/blog/poradniki,2026-09-01T05:52:42Z,MOBILE,,
https://reklamap.pl/blog/poradniki/baner-reklamowy-cena,PASS,Strona przesłana i zindeksowana,INDEXING_ALLOWED,ALLOWED,SUCCESSFUL,https://reklamap.pl/blog/poradniki/baner-reklamowy-cena,https://reklamap.pl/blog/poradniki/baner-reklamowy-cena,2026-08-21T14:21:30Z,MOBILE,,
https://reklamap.pl/blog/poradniki/billboard-reklama,PASS,Strona przesłana i zindeksowana,INDEXING_ALLOWED,ALLOWED,SUCCESSFUL,https://reklamap.pl/blog/poradniki/billboard-reklama,https://reklamap.pl/blog/poradniki/billboard-reklama,2026-08-16T16:26:57Z,MOBILE,,
https://reklamap.pl/blog/poradniki/budowa-wlasnego-billboardu-koszt,NEUTRAL,Strona wykryta – obecnie niezindeksowana,INDEXING_STATE_UNSPECIFIED,ROBOTS_TXT_STATE_UNSPECIFIED,PAGE_FETCH_STATE_UNSPECIFIED,,,,CRAWLING_USER_AGENT_UNSPECIFIED,,
https://reklamap.pl/blog/poradniki/citylight-reklama,PASS,Strona przesłana i zindeksowana,INDEXING_ALLOWED,ALLOWED,SUCCESSFUL,https://reklamap.pl/blog/poradniki/citylight-reklama,https://reklamap.pl/blog/poradniki/citylight-reklama,2026-08-22T15:39:49Z,MOBILE,,
https://reklamap.pl/blog/poradniki/czy-oplaca-sie-wynajmowac-powierzchnie-reklamowa,PASS,Strona przesłana i zindeksowana,INDEXING_ALLOWED,ALLOWED,SUCCESSFUL,https://reklamap.pl/blog/poradniki/czy-oplaca-sie-wynajmowac-powierzchnie-reklamowa,https://reklamap.pl/blog/poradniki/czy-oplaca-sie-wynajmowac-powierzchnie-reklamowa,2026-08-26T07:01:27Z,MOBILE,,
https://reklamap.pl/blog/poradniki/dzierzawa-gruntu-pod-reklame,PASS,Strona przesłana i zindeksowana,INDEXING_ALLOWED,ALLOWED,SUCCESSFUL,https://reklamap.pl/blog/poradniki/dzierzawa-gruntu-pod-reklame,https://reklamap.pl/blog/poradniki/dzierzawa-gruntu-pod-reklame,2026-09-06T22:01:06Z,MOBILE,,
https://reklamap.pl/blog/poradniki/ekran-led-cena,PASS,Strona przesłana i zindeksowana,INDEXING_ALLOWED,ALLOWED,SUCCESSFUL,https://reklamap.pl/blog/poradniki/ekran-led-cena,https://reklamap.pl/blog/poradniki/ekran-led-cena,2026-08-22T15:41:50Z,MOBILE,,
https://reklamap.pl/blog/poradniki/ile-kosztuje-reklama-outdoor,PASS,Strona przesłana i zindeksowana,INDEXING_ALLOWED,ALLOWED,SUCCESSFUL,https://reklamap.pl/blog/poradniki/ile-kosztuje-reklama-outdoor,https://reklamap.pl/blog/poradniki/ile-kosztuje-reklama-outdoor,2026-09-08T03:27:21Z,MOBILE,,
https://reklamap.pl/blog/poradniki/jak-wybrac-powierzchnie-reklamowa,PASS,Strona przesłana i zindeksowana,INDEXING_ALLOWED,ALLOWED,SUCCESSFUL,https://reklamap.pl/blog/poradniki/jak-wybrac-powierzchnie-reklamowa,https://reklamap.pl/blog/poradniki/jak-wybrac-powierzchnie-reklamowa,2026-08-21T14:21:30Z,MOBILE,,
https://reklamap.pl/blog/poradniki/jak-zarobic-na-wynajmie-powierzchni-reklamowej,PASS,Strona przesłana i zindeksowana,INDEXING_ALLOWED,ALLOWED,SUCCESSFUL,https://reklamap.pl/blog/poradniki/jak-zarobic-na-wynajmie-powierzchni-reklamowej,https://reklamap.pl/blog/poradniki/jak-zarobic-na-wynajmie-powierzchni-reklamowej,2026-07-18T09:20:48Z,MOBILE,,
https://reklamap.pl/blog/poradniki/reklama-na-elewacji-wspolnoty,NEUTRAL,Strona wykluczona za pomocą tagu „noindex”,BLOCKED_BY_META_TAG,ALLOWED,SUCCESSFUL,,https://reklamap.pl/blog/poradniki/reklama-na-ogrodzeniu,2026-07-17T21:42:52Z,MOBILE,,
https://reklamap.pl/blog/poradniki/reklama-na-ogrodzeniu,NEUTRAL,Strona wykluczona za pomocą tagu „noindex”,BLOCKED_BY_META_TAG,ALLOWED,SUCCESSFUL,,https://reklamap.pl/blog/poradniki/reklama-na-ogrodzeniu,2026-07-18T15:20:08Z,MOBILE,,
https://reklamap.pl/blog/poradniki/reklama-na-samochodzie,PASS,Strona przesłana i zindeksowana,INDEXING_ALLOWED,ALLOWED,SUCCESSFUL,https://reklamap.pl/blog/poradniki/reklama-na-samochodzie,https://reklamap.pl/blog/poradniki/reklama-na-samochodzie,2026-08-21T14:21:30Z,MOBILE,,
https://reklamap.pl/blog/poradniki/reklama-w-transporcie-publicznym,PASS,Strona przesłana i zindeksowana,INDEXING_ALLOWED,ALLOWED,SUCCESSFUL,https://reklamap.pl/blog/poradniki/reklama-w-transporcie-publicznym,https://reklamap.pl/blog/poradniki/reklama-w-transporcie-publicznym,2026-09-01T06:02:55Z,MOBILE,,
https://reklamap.pl/blog/poradniki/reklama-zewnetrzna,PASS,Strona przesłana i zindeksowana,INDEXING_ALLOWED,ALLOWED,SUCCESSFUL,https://reklamap.pl/blog/poradniki/reklama-zewnetrzna,https://reklamap.pl/blog/poradniki/reklama-zewnetrzna,2026-08-21T14:19:29Z,MOBILE,,
https://reklamap.pl/blog/poradniki/tablica-reklamowa,PASS,Strona przesłana i zindeksowana,INDEXING_ALLOWED,ALLOWED,SUCCESSFUL,https://reklamap.pl/blog/poradniki/tablica-reklamowa,https://reklamap.pl/blog/poradniki/tablica-reklamowa,2026-08-21T14:21:30Z,MOBILE,,
https://reklamap.pl/blog/prawo-i-regulacje,PASS,Strona przesłana i zindeksowana,INDEXING_ALLOWED,ALLOWED,SUCCESSFUL,https://reklamap.pl/blog/prawo-i-regulacje,https://reklamap.pl/blog/prawo-i-regulacje,2026-09-04T14:03:05Z,MOBILE,,
https://reklamap.pl/blog/prawo-i-regulacje/oplata-reklamowa,PASS,Strona przesłana i zindeksowana,INDEXING_ALLOWED,ALLOWED,SUCCESSFUL,https://reklamap.pl/blog/prawo-i-regulacje/oplata-reklamowa,https://reklamap.pl/blog/prawo-i-regulacje/oplata-reklamowa,2026-08-26T07:01:39Z,MOBILE,,
https://reklamap.pl/blog/prawo-i-regulacje/podatek-od-wynajmu-powierzchni-reklamowej,NEUTRAL,"Strona zeskanowana, ale jeszcze nie zindeksowana",INDEXING_STATE_UNSPECIFIED,ALLOWED,SUCCESSFUL,,,2026-09-07T09:13:46Z,MOBILE,,
https://reklamap.pl/blog/prawo-i-regulacje/pozwolenie-na-tablice-reklamowa,PASS,Strona przesłana i zindeksowana,INDEXING_ALLOWED,ALLOWED,SUCCESSFUL,https://reklamap.pl/blog/prawo-i-regulacje/pozwolenie-na-tablice-reklamowa,https://reklamap.pl/blog/prawo-i-regulacje/pozwolenie-na-tablice-reklamowa,2026-09-03T06:51:01Z,MOBILE,,
https://reklamap.pl/blog/prawo-i-regulacje/reklama-bez-pozwolenia-kary,PASS,Strona przesłana i zindeksowana,INDEXING_ALLOWED,ALLOWED,SUCCESSFUL,https://reklamap.pl/blog/prawo-i-regulacje/reklama-bez-pozwolenia-kary,https://reklamap.pl/blog/prawo-i-regulacje/reklama-bez-pozwolenia-kary,2026-08-22T15:39:49Z,MOBILE,,
https://reklamap.pl/blog/prawo-i-regulacje/uchwala-krajobrazowa-reklama,PASS,Strona przesłana i zindeksowana,INDEXING_ALLOWED,ALLOWED,SUCCESSFUL,https://reklamap.pl/blog/prawo-i-regulacje/uchwala-krajobrazowa-reklama,https://reklamap.pl/blog/prawo-i-regulacje/uchwala-krajobrazowa-reklama,2026-07-13T07:34:05Z,MOBILE,,
https://reklamap.pl/blog/trendy,PASS,Strona przesłana i zindeksowana,INDEXING_ALLOWED,ALLOWED,SUCCESSFUL,https://reklamap.pl/blog/trendy,https://reklamap.pl/blog/trendy,2026-07-28T08:30:44Z,MOBILE,,
https://reklamap.pl/blog/trendy/dooh-reklama-programatyczna,PASS,Strona przesłana i zindeksowana,INDEXING_ALLOWED,ALLOWED,SUCCESSFUL,https://reklamap.pl/blog/trendy/dooh-reklama-programatyczna,https://reklamap.pl/blog/trendy/dooh-reklama-programatyczna,2026-08-22T23:25:57Z,MOBILE,,
https://reklamap.pl/blog/trendy/murale-reklamowe,PASS,Strona przesłana i zindeksowana,INDEXING_ALLOWED,ALLOWED,SUCCESSFUL,https://reklamap.pl/blog/trendy/murale-reklamowe,https://reklamap.pl/blog/trendy/murale-reklamowe,2026-08-21T21:24:33Z,MOBILE,,
https://reklamap.pl/blog/trendy/telebim-ekran-led-reklama,PASS,Strona przesłana i zindeksowana,INDEXING_ALLOWED,ALLOWED,SUCCESSFUL,https://reklamap.pl/blog/trendy/telebim-ekran-led-reklama,https://reklamap.pl/blog/trendy/telebim-ekran-led-reklama,2026-08-21T14:23:31Z,MOBILE,,
https://reklamap.pl/blog/trendy/totem-reklamowy,PASS,Strona przesłana i zindeksowana,INDEXING_ALLOWED,ALLOWED,SUCCESSFUL,https://reklamap.pl/blog/trendy/totem-reklamowy,https://reklamap.pl/blog/trendy/totem-reklamowy,2026-09-01T05:56:23Z,MOBILE,,
https://reklamap.pl/dla-agencji,PASS,Strona przesłana i zindeksowana,INDEXING_ALLOWED,ALLOWED,SUCCESSFUL,https://reklamap.pl/dla-agencji,https://reklamap.pl/dla-agencji,2026-08-28T17:59:58Z,MOBILE,,
https://reklamap.pl/dodaj-powierzchnie-reklamowa,PASS,Strona przesłana i zindeksowana,INDEXING_ALLOWED,ALLOWED,SUCCESSFUL,https://reklamap.pl/dodaj-powierzchnie-reklamowa,https://reklamap.pl/dodaj-powierzchnie-reklamowa,2026-09-01T06:22:48Z,MOBILE,,
https://reklamap.pl/faq,PASS,Strona przesłana i zindeksowana,INDEXING_ALLOWED,ALLOWED,SUCCESSFUL,https://reklamap.pl/faq,https://reklamap.pl/faq,2026-07-26T21:26:19Z,MOBILE,,
https://reklamap.pl/kontakt,PASS,Strona przesłana i zindeksowana,INDEXING_ALLOWED,ALLOWED,SUCCESSFUL,https://reklamap.pl/kontakt,https://reklamap.pl/kontakt,2026-08-23T05:51:52Z,MOBILE,,
https://reklamap.pl/polityka-prywatnosci,PASS,Strona przesłana i zindeksowana,INDEXING_ALLOWED,ALLOWED,SUCCESSFUL,https://reklamap.pl/polityka-prywatnosci,https://reklamap.pl/polityka-prywatnosci,2026-08-31T00:45:34Z,MOBILE,,
https://reklamap.pl/powierzchnia-reklamowa/banery/bielewo/dw-308-gostyn-koscian-banery-reklama-308,PASS,Strona przesłana i zindeksowana,INDEXING_ALLOWED,ALLOWED,SUCCESSFUL,https://reklamap.pl/powierzchnia-reklamowa/banery/bielewo/dw-308-gostyn-koscian-banery-reklama-308,https://reklamap.pl/powierzchnia-reklamowa/banery/bielewo/dw-308-gostyn-koscian-banery-reklama-308,2026-08-23T17:45:42Z,MOBILE,,
https://reklamap.pl/powierzchnia-reklamowa/banery/czerwionka-leszczyny/baner-przy-ulicy-armii-krajowej-73,NEUTRAL,"Strona zeskanowana, ale jeszcze nie zindeksowana",INDEXING_STATE_UNSPECIFIED,ALLOWED,SUCCESSFUL,,,2026-09-06T19:43:49Z,MOBILE,,
https://reklamap.pl/powierzchnia-reklamowa/banery/czestochowa/czestochowa-parkitka-okulickiego-przy-skrzyzowaniu-dk-43-i-46-64,NEUTRAL,Adres URL jest Google nieznany,INDEXING_STATE_UNSPECIFIED,ROBOTS_TXT_STATE_UNSPECIFIED,PAGE_FETCH_STATE_UNSPECIFIED,,,,,,
https://reklamap.pl/powierzchnia-reklamowa/banery/elblag/elblag-baner-reklamowy-65,NEUTRAL,Strona wykryta – obecnie niezindeksowana,INDEXING_STATE_UNSPECIFIED,ROBOTS_TXT_STATE_UNSPECIFIED,PAGE_FETCH_STATE_UNSPECIFIED,,,,CRAWLING_USER_AGENT_UNSPECIFIED,,
https://reklamap.pl/powierzchnia-reklamowa/banery/gora-kalwaria/billboard-przy-krajowej-50-115,NEUTRAL,"Strona zeskanowana, ale jeszcze nie zindeksowana",INDEXING_STATE_UNSPECIFIED,ALLOWED,SUCCESSFUL,,,2026-09-07T05:25:04Z,MOBILE,,
https://reklamap.pl/powierzchnia-reklamowa/banery/katowice/banner-katowice-ul-bochenskiego-109,PASS,Strona przesłana i zindeksowana,INDEXING_ALLOWED,ALLOWED,SUCCESSFUL,https://reklamap.pl/powierzchnia-reklamowa/banery/katowice/banner-katowice-ul-bochenskiego-109,https://reklamap.pl/powierzchnia-reklamowa/banery/katowice/banner-katowice-ul-bochenskiego-109,2026-09-04T16:42:52Z,MOBILE,,
https://reklamap.pl/powierzchnia-reklamowa/banery/katowice/banner-katowice-ul-bochenskiego-200-mkw-108,PASS,Strona przesłana i zindeksowana,INDEXING_ALLOWED,ALLOWED,SUCCESSFUL,https://reklamap.pl/powierzchnia-reklamowa/banery/katowice/banner-katowice-ul-bochenskiego-200-mkw-108,https://reklamap.pl/powierzchnia-reklamowa/banery/katowice/banner-katowice-ul-bochenskiego-200-mkw-108,2026-09-04T08:49:00Z,MOBILE,,
https://reklamap.pl/powierzchnia-reklamowa/banery/ruda-slaska/powoerzchnia-reklamowa-41,NEUTRAL,Strona wykryta – obecnie niezindeksowana,INDEXING_STATE_UNSPECIFIED,ROBOTS_TXT_STATE_UNSPECIFIED,PAGE_FETCH_STATE_UNSPECIFIED,,,,CRAWLING_USER_AGENT_UNSPECIFIED,,
https://reklamap.pl/powierzchnia-reklamowa/banery/ustron/wynajme-nosnik-reklamy-96m2-w-ustroniu-na-swiatlachprawa-strona-do-skoczowa-1244,NEUTRAL,Alternatywna strona zawierająca prawidłowy tag strony kanonicznej,INDEXING_ALLOWED,ALLOWED,SUCCESSFUL,https://reklamap.pl/,https://reklamap.pl/powierzchnia-reklamowa/ekrany-led/olsztyn/telebim-olsztyn-centrum-ratusz-1025,2026-09-03T09:58:52Z,MOBILE,,
https://reklamap.pl/powierzchnia-reklamowa/banery/warszawa/reklama-na-dachu-przy-al-ken-w-warszawie-84,PASS,Strona przesłana i zindeksowana,INDEXING_ALLOWED,ALLOWED,SUCCESSFUL,https://reklamap.pl/powierzchnia-reklamowa/banery/warszawa/reklama-na-dachu-przy-al-ken-w-warszawie-84,https://reklamap.pl/powierzchnia-reklamowa/banery/warszawa/reklama-na-dachu-przy-al-ken-w-warszawie-84,2026-07-18T12:09:04Z,MOBILE,,
https://reklamap.pl/powierzchnia-reklamowa/billboardy/andrychow/billboard-andrychow-beskidzka-1030,PASS,Strona przesłana i zindeksowana,INDEXING_ALLOWED,ALLOWED,SUCCESSFUL,https://reklamap.pl/powierzchnia-reklamowa/billboardy/andrychow/billboard-andrychow-beskidzka-1030,https://reklamap.pl/powierzchnia-reklamowa/billboardy/andrychow/billboard-andrychow-beskidzka-1030,2026-08-24T21:56:44Z,MOBILE,,
https://reklamap.pl/powierzchnia-reklamowa/billboardy/andrychow/billboard-andrychow-beskidzka-i2-1031,PASS,Strona przesłana i zindeksowana,INDEXING_ALLOWED,ALLOWED,SUCCESSFUL,https://reklamap.pl/powierzchnia-reklamowa/billboardy/andrychow/billboard-andrychow-beskidzka-i2-1031,https://reklamap.pl/powierzchnia-reklamowa/billboardy/andrychow/billboard-andrychow-beskidzka-i2-1031,2026-08-24T11:11:26Z,MOBILE,,
https://reklamap.pl/powierzchnia-reklamowa/billboardy/andrychow/billboard-andrychow-beskidzka-ii-1032,PASS,Strona przesłana i zindeksowana,INDEXING_ALLOWED,ALLOWED,SUCCESSFUL,https://reklamap.pl/powierzchnia-reklamowa/billboardy/andrychow/billboard-andrychow-beskidzka-ii-1032,https://reklamap.pl/powierzchnia-reklamowa/billboardy/andrychow/billboard-andrychow-beskidzka-ii-1032,2026-08-24T21:09:42Z,MOBILE,,
https://reklamap.pl/powierzchnia-reklamowa/billboardy/andrychow/billboard-andrychow-jaroslawa-dabrowskiego-1034,PASS,Strona przesłana i zindeksowana,INDEXING_ALLOWED,ALLOWED,SUCCESSFUL,https://reklamap.pl/powierzchnia-reklamowa/billboardy/andrychow/billboard-andrychow-jaroslawa-dabrowskiego-1034,https://reklamap.pl/powierzchnia-reklamowa/billboardy/andrychow/billboard-andrychow-jaroslawa-dabrowskiego-1034,2026-08-22T19:44:51Z,MOBILE,,
https://reklamap.pl/powierzchnia-reklamowa/billboardy/andrychow/billboard-andrychow-jaroslawa-dabrowskiego-i2-1035,NEUTRAL,"Strona zeskanowana, ale jeszcze nie zindeksowana",INDEXING_ALLOWED,ALLOWED,SUCCESSFUL,https://reklamap.pl/powierzchnia-reklamowa/billboardy/andrychow/billboard-andrychow-jaroslawa-dabrowskiego-i2-1035,https://reklamap.pl/powierzchnia-reklamowa/billboardy/andrychow/billboard-andrychow-jaroslawa-dabrowskiego-i2-1035,2026-08-24T11:14:23Z,MOBILE,,
https://reklamap.pl/powierzchnia-reklamowa/billboardy/andrychow/billboard-andrychow-krakowska-2-1037,PASS,Strona przesłana i zindeksowana,INDEXING_ALLOWED,ALLOWED,SUCCESSFUL,https://reklamap.pl/powierzchnia-reklamowa/billboardy/andrychow/billboard-andrychow-krakowska-2-1037,https://reklamap.pl/powierzchnia-reklamowa/billboardy/andrychow/billboard-andrychow-krakowska-2-1037,2026-08-22T20:44:18Z,MOBILE,,
https://reklamap.pl/powierzchnia-reklamowa/billboardy/andrychow/billboard-andrychow-krakowska-i-1036,PASS,Strona przesłana i zindeksowana,INDEXING_ALLOWED,ALLOWED,SUCCESSFUL,https://reklamap.pl/powierzchnia-reklamowa/billboardy/andrychow/billboard-andrychow-krakowska-i-1036,https://reklamap.pl/powierzchnia-reklamowa/billboardy/andrychow/billboard-andrychow-krakowska-i-1036,2026-08-22T21:01:01Z,MOBILE,,
https://reklamap.pl/powierzchnia-reklamowa/billboardy/andrychow/billboard-andrychow-starowiejska-1039,PASS,Strona przesłana i zindeksowana,INDEXING_ALLOWED,ALLOWED,SUCCESSFUL,https://reklamap.pl/powierzchnia-reklamowa/billboardy/andrychow/billboard-andrychow-starowiejska-1039,https://reklamap.pl/powierzchnia-reklamowa/billboardy/andrychow/billboard-andrychow-starowiejska-1039,2026-08-24T10:55:42Z,MOBILE,,
https://reklamap.pl/powierzchnia-reklamowa/billboardy/andrychow/billboard-andrychow-starowiejska-i2-1040,PASS,Strona przesłana i zindeksowana,INDEXING_ALLOWED,ALLOWED,SUCCESSFUL,https://reklamap.pl/powierzchnia-reklamowa/billboardy/andrychow/billboard-andrychow-starowiejska-i2-1040,https://reklamap.pl/powierzchnia-reklamowa/billboardy/andrychow/billboard-andrychow-starowiejska-i2-1040,2026-08-24T11:23:00Z,MOBILE,,
https://reklamap.pl/powierzchnia-reklamowa/billboardy/andrychow/billboard-andrychow-stefana-batorego-ii-1029,PASS,Strona przesłana i zindeksowana,INDEXING_ALLOWED,ALLOWED,SUCCESSFUL,https://reklamap.pl/powierzchnia-reklamowa/billboardy/andrychow/billboard-andrychow-stefana-batorego-ii-1029,https://reklamap.pl/powierzchnia-reklamowa/billboardy/andrychow/billboard-andrychow-stefana-batorego-ii-1029,2026-08-22T19:43:01Z,MOBILE,,
https://reklamap.pl/powierzchnia-reklamowa/billboardy/bardo/billboard-bardo-wjazd-do-barda-580,PASS,Strona przesłana i zindeksowana,INDEXING_ALLOWED,ALLOWED,SUCCESSFUL,https://reklamap.pl/powierzchnia-reklamowa/billboardy/bardo/billboard-bardo-wjazd-do-barda-580,https://reklamap.pl/powierzchnia-reklamowa/billboardy/bardo/billboard-bardo-wjazd-do-barda-580,2026-08-29T03:21:53Z,MOBILE,,
https://reklamap.pl/powierzchnia-reklamowa/billboardy/bardo/billboard-bardo-wjazd-do-barda-582,PASS,Strona przesłana i zindeksowana,INDEXING_ALLOWED,ALLOWED,SUCCESSFUL,https://reklamap.pl/powierzchnia-reklamowa/billboardy/bardo/billboard-bardo-wjazd-do-barda-582,https://reklamap.pl/powierzchnia-reklamowa/billboardy/bardo/billboard-bardo-wjazd-do-barda-582,2026-09-07T08:12:19Z,MOBILE,,
https://reklamap.pl/powierzchnia-reklamowa/billboardy/bardo/billboard-bardo-wjazd-od-klodzka-ulkolejowa-432,PASS,Strona przesłana i zindeksowana,INDEXING_ALLOWED,ALLOWED,SUCCESSFUL,https://reklamap.pl/powierzchnia-reklamowa/billboardy/bardo/billboard-bardo-wjazd-od-klodzka-ulkolejowa-432,https://reklamap.pl/powierzchnia-reklamowa/billboardy/bardo/billboard-bardo-wjazd-od-klodzka-ulkolejowa-432,2026-08-29T01:16:55Z,MOBILE,,
https://reklamap.pl/powierzchnia-reklamowa/billboardy/bardo/billboard-bardo-wyjazd-na-klodzko-ulkolejowa-431,PASS,Strona przesłana i zindeksowana,INDEXING_ALLOWED,ALLOWED,SUCCESSFUL,https://reklamap.pl/powierzchnia-reklamowa/billboardy/bardo/billboard-bardo-wyjazd-na-klodzko-ulkolejowa-431,https://reklamap.pl/powierzchnia-reklamowa/billboardy/bardo/billboard-bardo-wyjazd-na-klodzko-ulkolejowa-431,2026-08-29T00:28:16Z,MOBILE,,
https://reklamap.pl/powierzchnia-reklamowa/billboardy/bardo/billboard-bardo-wyjazd-z-barda-dojazd-do-klodzka-579,PASS,Strona przesłana i zindeksowana,INDEXING_ALLOWED,ALLOWED,SUCCESSFUL,https://reklamap.pl/powierzchnia-reklamowa/billboardy/bardo/billboard-bardo-wyjazd-z-barda-dojazd-do-klodzka-579,https://reklamap.pl/powierzchnia-reklamowa/billboardy/bardo/billboard-bardo-wyjazd-z-barda-dojazd-do-klodzka-579,2026-08-03T20:31:21Z,MOBILE,,
https://reklamap.pl/powierzchnia-reklamowa/billboardy/bardo/billboard-bardo-wyjazd-z-barda-dojazd-do-klodzka-581,PASS,Strona przesłana i zindeksowana,INDEXING_ALLOWED,ALLOWED,SUCCESSFUL,https://reklamap.pl/powierzchnia-reklamowa/billboardy/bardo/billboard-bardo-wyjazd-z-barda-dojazd-do-klodzka-581,https://reklamap.pl/powierzchnia-reklamowa/billboardy/bardo/billboard-bardo-wyjazd-z-barda-dojazd-do-klodzka-581,2026-08-04T11:50:30Z,MOBILE,,
https://reklamap.pl/powierzchnia-reklamowa/billboardy/bedzin/billboard-5-04-x-2-38-m-bedzin-bedzin-grodziec-123,PASS,Strona przesłana i zindeksowana,INDEXING_ALLOWED,ALLOWED,SUCCESSFUL,https://reklamap.pl/powierzchnia-reklamowa/billboardy/bedzin/billboard-5-04-x-2-38-m-bedzin-bedzin-grodziec-123,https://reklamap.pl/powierzchnia-reklamowa/billboardy/bedzin/billboard-5-04-x-2-38-m-bedzin-bedzin-grodziec-123,2026-08-30T08:16:26Z,MOBILE,,
https://reklamap.pl/powierzchnia-reklamowa/billboardy/bedzin/billboard-5-04-x-2-38-m-bedzin-bedzin-stadion-124,PASS,Strona przesłana i zindeksowana,INDEXING_ALLOWED,ALLOWED,SUCCESSFUL,https://reklamap.pl/powierzchnia-reklamowa/billboardy/bedzin/billboard-5-04-x-2-38-m-bedzin-bedzin-stadion-124,https://reklamap.pl/powierzchnia-reklamowa/billboardy/bedzin/billboard-5-04-x-2-38-m-bedzin-bedzin-stadion-124,2026-08-04T04:21:19Z,MOBILE,,
https://reklamap.pl/powierzchnia-reklamowa/billboardy/bedzin/billboard-6-x-3-m-bedzin-auto-komis-120,PASS,Strona przesłana i zindeksowana,INDEXING_ALLOWED,ALLOWED,SUCCESSFUL,https://reklamap.pl/powierzchnia-reklamowa/billboardy/bedzin/billboard-6-x-3-m-bedzin-auto-komis-120,https://reklamap.pl/powierzchnia-reklamowa/billboardy/bedzin/billboard-6-x-3-m-bedzin-auto-komis-120,2026-08-25T08:34:10Z,MOBILE,,
https://reklamap.pl/powierzchnia-reklamowa/billboardy/bedzin/billboard-6-x-3-m-bedzin-bedzin-centrum-nerka-przystanek-tramwajowy-118,PASS,Strona przesłana i zindeksowana,INDEXING_ALLOWED,ALLOWED,SUCCESSFUL,https://reklamap.pl/powierzchnia-reklamowa/billboardy/bedzin/billboard-6-x-3-m-bedzin-bedzin-centrum-nerka-przystanek-tramwajowy-118,https://reklamap.pl/powierzchnia-reklamowa/billboardy/bedzin/billboard-6-x-3-m-bedzin-bedzin-centrum-nerka-przystanek-tramwajowy-118,2026-08-27T03:26:54Z,MOBILE,,
https://reklamap.pl/powierzchnia-reklamowa/billboardy/bedzin/billboard-6-x-3-m-bedzin-bedzin-stadion-121,PASS,Strona przesłana i zindeksowana,INDEXING_ALLOWED,ALLOWED,SUCCESSFUL,https://reklamap.pl/powierzchnia-reklamowa/billboardy/bedzin/billboard-6-x-3-m-bedzin-bedzin-stadion-121,https://reklamap.pl/powierzchnia-reklamowa/billboardy/bedzin/billboard-6-x-3-m-bedzin-bedzin-stadion-121,2026-08-30T19:03:49Z,MOBILE,,
https://reklamap.pl/powierzchnia-reklamowa/billboardy/bedzin/billboard-6-x-3-m-bedzin-bedzin-syberka-kolo-lotosa-119,PASS,Strona przesłana i zindeksowana,INDEXING_ALLOWED,ALLOWED,SUCCESSFUL,https://reklamap.pl/powierzchnia-reklamowa/billboardy/bedzin/billboard-6-x-3-m-bedzin-bedzin-syberka-kolo-lotosa-119,https://reklamap.pl/powierzchnia-reklamowa/billboardy/bedzin/billboard-6-x-3-m-bedzin-bedzin-syberka-kolo-lotosa-119,2026-08-27T03:29:13Z,MOBILE,,
https://reklamap.pl/powierzchnia-reklamowa/billboardy/bedzin/billboard-6-x-3-m-bedzin-nerka-muzeum-122,PASS,Strona przesłana i zindeksowana,INDEXING_ALLOWED,ALLOWED,SUCCESSFUL,https://reklamap.pl/powierzchnia-reklamowa/billboardy/bedzin/billboard-6-x-3-m-bedzin-nerka-muzeum-122,https://reklamap.pl/powierzchnia-reklamowa/billboardy/bedzin/billboard-6-x-3-m-bedzin-nerka-muzeum-122,2026-08-04T08:51:48Z,MOBILE,,
https://reklamap.pl/powierzchnia-reklamowa/billboardy/bedzin/billboard-6-x-3-m-bedzin-warpie-kolo-aldi-117,PASS,Strona przesłana i zindeksowana,INDEXING_ALLOWED,ALLOWED,SUCCESSFUL,https://reklamap.pl/powierzchnia-reklamowa/billboardy/bedzin/billboard-6-x-3-m-bedzin-warpie-kolo-aldi-117,https://reklamap.pl/powierzchnia-reklamowa/billboardy/bedzin/billboard-6-x-3-m-bedzin-warpie-kolo-aldi-117,2026-08-22T13:07:23Z,MOBILE,,
https://reklamap.pl/powierzchnia-reklamowa/billboardy/biala-podlaska/billboard-5-04-x-2-38-m-biala-podlaska-271,PASS,Strona przesłana i zindeksowana,INDEXING_ALLOWED,ALLOWED,SUCCESSFUL,https://reklamap.pl/powierzchnia-reklamowa/billboardy/biala-podlaska/billboard-5-04-x-2-38-m-biala-podlaska-271,https://reklamap.pl/powierzchnia-reklamowa/billboardy/biala-podlaska/billboard-5-04-x-2-38-m-biala-podlaska-271,2026-08-04T05:53:42Z,MOBILE,,
https://reklamap.pl/powierzchnia-reklamowa/billboardy/biala-podlaska/billboard-5-04-x-2-38-m-biala-podlaska-272,PASS,Strona przesłana i zindeksowana,INDEXING_ALLOWED,ALLOWED,SUCCESSFUL,https://reklamap.pl/powierzchnia-reklamowa/billboardy/biala-podlaska/billboard-5-04-x-2-38-m-biala-podlaska-272,https://reklamap.pl/powierzchnia-reklamowa/billboardy/biala-podlaska/billboard-5-04-x-2-38-m-biala-podlaska-272,2026-08-18T17:58:54Z,MOBILE,,
https://reklamap.pl/powierzchnia-reklamowa/billboardy/biala-podlaska/billboard-5-04-x-2-38-m-biala-podlaska-273,PASS,Strona przesłana i zindeksowana,INDEXING_ALLOWED,ALLOWED,SUCCESSFUL,https://reklamap.pl/powierzchnia-reklamowa/billboardy/biala-podlaska/billboard-5-04-x-2-38-m-biala-podlaska-273,https://reklamap.pl/powierzchnia-reklamowa/billboardy/biala-podlaska/billboard-5-04-x-2-38-m-biala-podlaska-273,2026-08-04T05:51:55Z,MOBILE,,
https://reklamap.pl/powierzchnia-reklamowa/billboardy/biala-podlaska/billboard-5-04-x-2-38-m-biala-podlaska-274,PASS,Strona przesłana i zindeksowana,INDEXING_ALLOWED,ALLOWED,SUCCESSFUL,https://reklamap.pl/powierzchnia-reklamowa/billboardy/biala-podlaska/billboard-5-04-x-2-38-m-biala-podlaska-274,https://reklamap.pl/powierzchnia-reklamowa/billboardy/biala-podlaska/billboard-5-04-x-2-38-m-biala-podlaska-274,2026-08-04T05:53:15Z,MOBILE,,
https://reklamap.pl/powierzchnia-reklamowa/billboardy/biala-podlaska/billboard-5-04-x-2-38-m-biala-podlaska-275,PASS,Strona przesłana i zindeksowana,INDEXING_ALLOWED,ALLOWED,SUCCESSFUL,https://reklamap.pl/powierzchnia-reklamowa/billboardy/biala-podlaska/billboard-5-04-x-2-38-m-biala-podlaska-275,https://reklamap.pl/powierzchnia-reklamowa/billboardy/biala-podlaska/billboard-5-04-x-2-38-m-biala-podlaska-275,2026-08-19T08:20:26Z,MOBILE,,
https://reklamap.pl/powierzchnia-reklamowa/billboardy/biala-podlaska/billboard-5-04-x-2-38-m-biala-podlaska-276,PASS,Strona przesłana i zindeksowana,INDEXING_ALLOWED,ALLOWED,SUCCESSFUL,https://reklamap.pl/powierzchnia-reklamowa/billboardy/biala-podlaska/billboard-5-04-x-2-38-m-biala-podlaska-276,https://reklamap.pl/powierzchnia-reklamowa/billboardy/biala-podlaska/billboard-5-04-x-2-38-m-biala-podlaska-276,2026-08-03T16:23:58Z,MOBILE,,
https://reklamap.pl/powierzchnia-reklamowa/billboardy/biala-podlaska/billboard-5-04-x-2-38-m-biala-podlaska-277,NEUTRAL,Strona wykryta – obecnie niezindeksowana,INDEXING_STATE_UNSPECIFIED,ROBOTS_TXT_STATE_UNSPECIFIED,PAGE_FETCH_STATE_UNSPECIFIED,,,,CRAWLING_USER_AGENT_UNSPECIFIED,,
https://reklamap.pl/powierzchnia-reklamowa/billboardy/biala-podlaska/billboard-5-04-x-2-38-m-biala-podlaska-278,PASS,Strona przesłana i zindeksowana,INDEXING_ALLOWED,ALLOWED,SUCCESSFUL,https://reklamap.pl/powierzchnia-reklamowa/billboardy/biala-podlaska/billboard-5-04-x-2-38-m-biala-podlaska-278,https://reklamap.pl/powierzchnia-reklamowa/billboardy/biala-podlaska/billboard-5-04-x-2-38-m-biala-podlaska-278,2026-08-03T15:46:58Z,MOBILE,,
https://reklamap.pl/powierzchnia-reklamowa/billboardy/biala-podlaska/billboard-5-04-x-2-38-m-biala-podlaska-281,PASS,Strona przesłana i zindeksowana,INDEXING_ALLOWED,ALLOWED,SUCCESSFUL,https://reklamap.pl/powierzchnia-reklamowa/billboardy/biala-podlaska/billboard-5-04-x-2-38-m-biala-podlaska-281,https://reklamap.pl/powierzchnia-reklamowa/billboardy/biala-podlaska/billboard-5-04-x-2-38-m-biala-podlaska-281,2026-08-04T11:31:37Z,MOBILE,,
https://reklamap.pl/powierzchnia-reklamowa/billboardy/biala-podlaska/billboard-5-04-x-2-38-m-biala-podlaska-282,PASS,Strona przesłana i zindeksowana,INDEXING_ALLOWED,ALLOWED,SUCCESSFUL,https://reklamap.pl/powierzchnia-reklamowa/billboardy/biala-podlaska/billboard-5-04-x-2-38-m-biala-podlaska-282,https://reklamap.pl/powierzchnia-reklamowa/billboardy/biala-podlaska/billboard-5-04-x-2-38-m-biala-podlaska-282,2026-09-02T00:39:04Z,MOBILE,,
https://reklamap.pl/powierzchnia-reklamowa/billboardy/biala-podlaska/billboard-5-04-x-2-38-m-biala-podlaska-283,NEUTRAL,Strona wykryta – obecnie niezindeksowana,INDEXING_STATE_UNSPECIFIED,ROBOTS_TXT_STATE_UNSPECIFIED,PAGE_FETCH_STATE_UNSPECIFIED,,,,CRAWLING_USER_AGENT_UNSPECIFIED,,
https://reklamap.pl/powierzchnia-reklamowa/billboardy/biala-podlaska/billboard-5-04-x-2-38-m-biala-podlaska-286,PASS,Strona przesłana i zindeksowana,INDEXING_ALLOWED,ALLOWED,SUCCESSFUL,https://reklamap.pl/powierzchnia-reklamowa/billboardy/biala-podlaska/billboard-5-04-x-2-38-m-biala-podlaska-286,https://reklamap.pl/powierzchnia-reklamowa/billboardy/biala-podlaska/billboard-5-04-x-2-38-m-biala-podlaska-286,2026-08-28T20:04:26Z,MOBILE,,
https://reklamap.pl/powierzchnia-reklamowa/billboardy/biala-podlaska/billboard-5-04-x-2-38-m-biala-podlaska-289,PASS,Strona przesłana i zindeksowana,INDEXING_ALLOWED,ALLOWED,SUCCESSFUL,https://reklamap.pl/powierzchnia-reklamowa/billboardy/biala-podlaska/billboard-5-04-x-2-38-m-biala-podlaska-289,https://reklamap.pl/powierzchnia-reklamowa/billboardy/biala-podlaska/billboard-5-04-x-2-38-m-biala-podlaska-289,2026-08-04T00:08:47Z,MOBILE,,
https://reklamap.pl/powierzchnia-reklamowa/billboardy/biala-podlaska/billboard-5-04-x-2-38-m-biala-podlaska-290,PASS,Strona przesłana i zindeksowana,INDEXING_ALLOWED,ALLOWED,SUCCESSFUL,https://reklamap.pl/powierzchnia-reklamowa/billboardy/biala-podlaska/billboard-5-04-x-2-38-m-biala-podlaska-290,https://reklamap.pl/powierzchnia-reklamowa/billboardy/biala-podlaska/billboard-5-04-x-2-38-m-biala-podlaska-290,2026-08-03T20:44:48Z,MOBILE,,
https://reklamap.pl/powierzchnia-reklamowa/billboardy/biala-podlaska/billboard-5-04-x-2-38-m-biala-podlaska-291,PASS,Strona przesłana i zindeksowana,INDEXING_ALLOWED,ALLOWED,SUCCESSFUL,https://reklamap.pl/powierzchnia-reklamowa/billboardy/biala-podlaska/billboard-5-04-x-2-38-m-biala-podlaska-291,https://reklamap.pl/powierzchnia-reklamowa/billboardy/biala-podlaska/billboard-5-04-x-2-38-m-biala-podlaska-291,2026-09-02T01:04:04Z,MOBILE,,
https://reklamap.pl/powierzchnia-reklamowa/billboardy/biala-podlaska/billboard-5-04-x-2-38-m-biala-podlaska-292,PASS,Strona przesłana i zindeksowana,INDEXING_ALLOWED,ALLOWED,SUCCESSFUL,https://reklamap.pl/powierzchnia-reklamowa/billboardy/biala-podlaska/billboard-5-04-x-2-38-m-biala-podlaska-292,https://reklamap.pl/powierzchnia-reklamowa/billboardy/biala-podlaska/billboard-5-04-x-2-38-m-biala-podlaska-292,2026-08-04T11:40:48Z,MOBILE,,
https://reklamap.pl/powierzchnia-reklamowa/billboardy/biala-podlaska/billboard-5-04-x-2-38-m-biala-podlaska-295,PASS,Strona przesłana i zindeksowana,INDEXING_ALLOWED,ALLOWED,SUCCESSFUL,https://reklamap.pl/powierzchnia-reklamowa/billboardy/biala-podlaska/billboard-5-04-x-2-38-m-biala-podlaska-295,https://reklamap.pl/powierzchnia-reklamowa/billboardy/biala-podlaska/billboard-5-04-x-2-38-m-biala-podlaska-295,2026-08-04T05:56:51Z,MOBILE,,
https://reklamap.pl/powierzchnia-reklamowa/billboardy/biala-podlaska/billboard-5-04-x-2-38-m-biala-podlaska-296,PASS,Strona przesłana i zindeksowana,INDEXING_ALLOWED,ALLOWED,SUCCESSFUL,https://reklamap.pl/powierzchnia-reklamowa/billboardy/biala-podlaska/billboard-5-04-x-2-38-m-biala-podlaska-296,https://reklamap.pl/powierzchnia-reklamowa/billboardy/biala-podlaska/billboard-5-04-x-2-38-m-biala-podlaska-296,2026-09-02T00:06:37Z,MOBILE,,
https://reklamap.pl/powierzchnia-reklamowa/billboardy/biala-podlaska/billboard-5-04-x-2-38-m-biala-podlaska-297,PASS,Strona przesłana i zindeksowana,INDEXING_ALLOWED,ALLOWED,SUCCESSFUL,https://reklamap.pl/powierzchnia-reklamowa/billboardy/biala-podlaska/billboard-5-04-x-2-38-m-biala-podlaska-297,https://reklamap.pl/powierzchnia-reklamowa/billboardy/biala-podlaska/billboard-5-04-x-2-38-m-biala-podlaska-297,2026-08-18T17:58:17Z,MOBILE,,
https://reklamap.pl/powierzchnia-reklamowa/billboardy/biala-podlaska/billboard-5-04-x-2-38-m-biala-podlaska-298,NEUTRAL,"Duplikat, wyszukiwarka Google wybrała inną stronę kanoniczną niż użytkownik",INDEXING_ALLOWED,ALLOWED,SUCCESSFUL,https://reklamap.pl/powierzchnia-reklamowa/billboardy/biala-podlaska/billboard-5-04-x-2-38-m-biala-podlaska-298,https://reklamap.pl/powierzchnia-reklamowa/billboardy/biala-podlaska/billboard-5-04-x-2-38-m-biala-podlaska-302,2026-09-01T23:29:06Z,MOBILE,,
https://reklamap.pl/powierzchnia-reklamowa/billboardy/biala-podlaska/billboard-5-04-x-2-38-m-biala-podlaska-299,NEUTRAL,"Duplikat, wyszukiwarka Google wybrała inną stronę kanoniczną niż użytkownik",INDEXING_ALLOWED,ALLOWED,SUCCESSFUL,https://reklamap.pl/powierzchnia-reklamowa/billboardy/biala-podlaska/billboard-5-04-x-2-38-m-biala-podlaska-299,https://reklamap.pl/powierzchnia-reklamowa/billboardy/biala-podlaska/billboard-5-04-x-2-38-m-biala-podlaska-302,2026-08-04T11:56:41Z,MOBILE,,
https://reklamap.pl/powierzchnia-reklamowa/billboardy/biala-podlaska/billboard-5-04-x-2-38-m-biala-podlaska-302,PASS,Strona przesłana i zindeksowana,INDEXING_ALLOWED,ALLOWED,SUCCESSFUL,https://reklamap.pl/powierzchnia-reklamowa/billboardy/biala-podlaska/billboard-5-04-x-2-38-m-biala-podlaska-302,https://reklamap.pl/powierzchnia-reklamowa/billboardy/biala-podlaska/billboard-5-04-x-2-38-m-biala-podlaska-302,2026-08-06T07:55:51Z,MOBILE,,
https://reklamap.pl/powierzchnia-reklamowa/billboardy/biala-podlaska/billboard-5-04-x-2-38-m-biala-podlaska-303,NEUTRAL,"Duplikat, wyszukiwarka Google wybrała inną stronę kanoniczną niż użytkownik",INDEXING_ALLOWED,ALLOWED,SUCCESSFUL,https://reklamap.pl/powierzchnia-reklamowa/billboardy/biala-podlaska/billboard-5-04-x-2-38-m-biala-podlaska-303,https://reklamap.pl/powierzchnia-reklamowa/billboardy/biala-podlaska/billboard-5-04-x-2-38-m-biala-podlaska-302,2026-08-15T19:52:50Z,MOBILE,,
https://reklamap.pl/powierzchnia-reklamowa/billboardy/biala-podlaska/billboard-6-x-3-m-biala-podlaska-279,PASS,Strona przesłana i zindeksowana,INDEXING_ALLOWED,ALLOWED,SUCCESSFUL,https://reklamap.pl/powierzchnia-reklamowa/billboardy/biala-podlaska/billboard-6-x-3-m-biala-podlaska-279,https://reklamap.pl/powierzchnia-reklamowa/billboardy/biala-podlaska/billboard-6-x-3-m-biala-podlaska-279,2026-08-03T22:17:50Z,MOBILE,,
https://reklamap.pl/powierzchnia-reklamowa/billboardy/biala-podlaska/billboard-6-x-3-m-biala-podlaska-280,NEUTRAL,Strona wykryta – obecnie niezindeksowana,INDEXING_STATE_UNSPECIFIED,ROBOTS_TXT_STATE_UNSPECIFIED,PAGE_FETCH_STATE_UNSPECIFIED,,,,CRAWLING_USER_AGENT_UNSPECIFIED,,
https://reklamap.pl/powierzchnia-reklamowa/billboardy/biala-podlaska/billboard-6-x-3-m-biala-podlaska-284,NEUTRAL,Strona wykryta – obecnie niezindeksowana,INDEXING_STATE_UNSPECIFIED,ROBOTS_TXT_STATE_UNSPECIFIED,PAGE_FETCH_STATE_UNSPECIFIED,,,,CRAWLING_USER_AGENT_UNSPECIFIED,,
https://reklamap.pl/powierzchnia-reklamowa/billboardy/biala-podlaska/billboard-6-x-3-m-biala-podlaska-285,PASS,Strona przesłana i zindeksowana,INDEXING_ALLOWED,ALLOWED,SUCCESSFUL,https://reklamap.pl/powierzchnia-reklamowa/billboardy/biala-podlaska/billboard-6-x-3-m-biala-podlaska-285,https://reklamap.pl/powierzchnia-reklamowa/billboardy/biala-podlaska/billboard-6-x-3-m-biala-podlaska-285,2026-08-04T05:53:55Z,MOBILE,,
https://reklamap.pl/powierzchnia-reklamowa/billboardy/biala-podlaska/billboard-6-x-3-m-biala-podlaska-287,NEUTRAL,Strona wykryta – obecnie niezindeksowana,INDEXING_STATE_UNSPECIFIED,ROBOTS_TXT_STATE_UNSPECIFIED,PAGE_FETCH_STATE_UNSPECIFIED,,,,CRAWLING_USER_AGENT_UNSPECIFIED,,
https://reklamap.pl/powierzchnia-reklamowa/billboardy/biala-podlaska/billboard-6-x-3-m-biala-podlaska-288,NEUTRAL,"Strona zeskanowana, ale jeszcze nie zindeksowana",INDEXING_STATE_UNSPECIFIED,ALLOWED,SUCCESSFUL,,,2026-09-07T03:43:58Z,MOBILE,,
https://reklamap.pl/powierzchnia-reklamowa/billboardy/biala-podlaska/billboard-6-x-3-m-biala-podlaska-293,PASS,Strona przesłana i zindeksowana,INDEXING_ALLOWED,ALLOWED,SUCCESSFUL,https://reklamap.pl/powierzchnia-reklamowa/billboardy/biala-podlaska/billboard-6-x-3-m-biala-podlaska-293,https://reklamap.pl/powierzchnia-reklamowa/billboardy/biala-podlaska/billboard-6-x-3-m-biala-podlaska-293,2026-09-01T23:04:06Z,MOBILE,,
https://reklamap.pl/powierzchnia-reklamowa/billboardy/biala-podlaska/billboard-6-x-3-m-biala-podlaska-300,PASS,Strona przesłana i zindeksowana,INDEXING_ALLOWED,ALLOWED,SUCCESSFUL,https://reklamap.pl/powierzchnia-reklamowa/billboardy/biala-podlaska/billboard-6-x-3-m-biala-podlaska-300,https://reklamap.pl/powierzchnia-reklamowa/billboardy/biala-podlaska/billboard-6-x-3-m-biala-podlaska-300,2026-09-01T22:39:05Z,MOBILE,,
https://reklamap.pl/powierzchnia-reklamowa/billboardy/biala-podlaska/billboard-6-x-3-m-biala-podlaska-301,NEUTRAL,"Duplikat, wyszukiwarka Google wybrała inną stronę kanoniczną niż użytkownik",INDEXING_ALLOWED,ALLOWED,SUCCESSFUL,https://reklamap.pl/powierzchnia-reklamowa/billboardy/biala-podlaska/billboard-6-x-3-m-biala-podlaska-301,https://reklamap.pl/powierzchnia-reklamowa/billboardy/biala-podlaska/billboard-6-x-3-m-biala-podlaska-300,2026-08-04T05:11:53Z,MOBILE,,
https://reklamap.pl/powierzchnia-reklamowa/billboardy/bialobrzegi/billboard-przy-trasie-s7-radom-warszawa-45,NEUTRAL,Błąd serwera (5xx),INDEXING_STATE_UNSPECIFIED,ALLOWED,SERVER_ERROR,,,2026-05-15T05:40:06Z,MOBILE,,
https://reklamap.pl/powierzchnia-reklamowa/billboardy/bialy-kosciol/tablica-reklamowa-58,NEUTRAL,"Strona zeskanowana, ale jeszcze nie zindeksowana",INDEXING_STATE_UNSPECIFIED,ALLOWED,SUCCESSFUL,,,2026-09-07T07:08:40Z,MOBILE,,
https://reklamap.pl/powierzchnia-reklamowa/billboardy/bielawa/billboard-bielawa-bielawa-boh-getta-przejazd-kolejowy-706,NEUTRAL,Adres URL jest Google nieznany,INDEXING_STATE_UNSPECIFIED,ROBOTS_TXT_STATE_UNSPECIFIED,PAGE_FETCH_STATE_UNSPECIFIED,,,,,,
https://reklamap.pl/powierzchnia-reklamowa/billboardy/bielawa/billboard-bielawa-bielawa-ostroszowicka-11-705,NEUTRAL,Adres URL jest Google nieznany,INDEXING_STATE_UNSPECIFIED,ROBOTS_TXT_STATE_UNSPECIFIED,PAGE_FETCH_STATE_UNSPECIFIED,,,,,,
https://reklamap.pl/powierzchnia-reklamowa/billboardy/bielawa/billboard-bielawa-bielawa-rondo-dzierzoniowska-31-701,PASS,Strona przesłana i zindeksowana,INDEXING_ALLOWED,ALLOWED,SUCCESSFUL,https://reklamap.pl/powierzchnia-reklamowa/billboardy/bielawa/billboard-bielawa-bielawa-rondo-dzierzoniowska-31-701,https://reklamap.pl/powierzchnia-reklamowa/billboardy/bielawa/billboard-bielawa-bielawa-rondo-dzierzoniowska-31-701,2026-07-18T14:21:43Z,MOBILE,,
https://reklamap.pl/powierzchnia-reklamowa/billboardy/bielawa/billboard-bielawa-bielawa-rondo-przy-galerii-wpolskiego-k-dzierzoniow-700,PASS,Strona przesłana i zindeksowana,INDEXING_ALLOWED,ALLOWED,SUCCESSFUL,https://reklamap.pl/powierzchnia-reklamowa/billboardy/bielawa/billboard-bielawa-bielawa-rondo-przy-galerii-wpolskiego-k-dzierzoniow-700,https://reklamap.pl/powierzchnia-reklamowa/billboardy/bielawa/billboard-bielawa-bielawa-rondo-przy-galerii-wpolskiego-k-dzierzoniow-700,2026-07-18T15:46:13Z,MOBILE,,
https://reklamap.pl/powierzchnia-reklamowa/billboardy/bielawa/billboard-bielawa-bielawa-rondo-przy-galerii-wpolskiego-k-galeria-699,PASS,Strona przesłana i zindeksowana,INDEXING_ALLOWED,ALLOWED,SUCCESSFUL,https://reklamap.pl/powierzchnia-reklamowa/billboardy/bielawa/billboard-bielawa-bielawa-rondo-przy-galerii-wpolskiego-k-galeria-699,https://reklamap.pl/powierzchnia-reklamowa/billboardy/bielawa/billboard-bielawa-bielawa-rondo-przy-galerii-wpolskiego-k-galeria-699,2026-08-03T20:31:52Z,MOBILE,,
https://reklamap.pl/powierzchnia-reklamowa/billboardy/bielawa/billboard-bielawa-bielawa-sikorskiego-37-kier-lm-697,NEUTRAL,Adres URL jest Google nieznany,INDEXING_STATE_UNSPECIFIED,ROBOTS_TXT_STATE_UNSPECIFIED,PAGE_FETCH_STATE_UNSPECIFIED,,,,,,
https://reklamap.pl/powierzchnia-reklamowa/billboardy/bielawa/billboard-bielawa-bielawa-sikorskiego-37-kier-miasto-698,NEUTRAL,Adres URL jest Google nieznany,INDEXING_STATE_UNSPECIFIED,ROBOTS_TXT_STATE_UNSPECIFIED,PAGE_FETCH_STATE_UNSPECIFIED,,,,,,
https://reklamap.pl/powierzchnia-reklamowa/billboardy/bielawa/billboard-bielawa-bielawa-ulkasztanowa-rondo-wysoka-703,PASS,Strona przesłana i zindeksowana,INDEXING_ALLOWED,ALLOWED,SUCCESSFUL,https://reklamap.pl/powierzchnia-reklamowa/billboardy/bielawa/billboard-bielawa-bielawa-ulkasztanowa-rondo-wysoka-703,https://reklamap.pl/powierzchnia-reklamowa/billboardy/bielawa/billboard-bielawa-bielawa-ulkasztanowa-rondo-wysoka-703,2026-08-31T03:21:16Z,MOBILE,,
https://reklamap.pl/powierzchnia-reklamowa/billboardy/bielawa/billboard-bielawa-bielawa-ulkasztanowa-rondo-wysoka-704,PASS,Strona przesłana i zindeksowana,INDEXING_ALLOWED,ALLOWED,SUCCESSFUL,https://reklamap.pl/powierzchnia-reklamowa/billboardy/bielawa/billboard-bielawa-bielawa-ulkasztanowa-rondo-wysoka-704,https://reklamap.pl/powierzchnia-reklamowa/billboardy/bielawa/billboard-bielawa-bielawa-ulkasztanowa-rondo-wysoka-704,2026-08-03T20:46:14Z,MOBILE,,
https://reklamap.pl/powierzchnia-reklamowa/billboardy/bielawa/billboard-bielawa-bielawa-wolnosci-141a-702,PASS,Strona przesłana i zindeksowana,INDEXING_ALLOWED,ALLOWED,SUCCESSFUL,https://reklamap.pl/powierzchnia-reklamowa/billboardy/bielawa/billboard-bielawa-bielawa-wolnosci-141a-702,https://reklamap.pl/powierzchnia-reklamowa/billboardy/bielawa/billboard-bielawa-bielawa-wolnosci-141a-702,2026-08-04T04:56:38Z,MOBILE,,
https://reklamap.pl/powierzchnia-reklamowa/billboardy/bielawa/billboard-bielawa-bielawa-zeromskiego-24-kier-lm-695,NEUTRAL,Strona wykryta – obecnie niezindeksowana,INDEXING_STATE_UNSPECIFIED,ROBOTS_TXT_STATE_UNSPECIFIED,PAGE_FETCH_STATE_UNSPECIFIED,,,,CRAWLING_USER_AGENT_UNSPECIFIED,,
https://reklamap.pl/powierzchnia-reklamowa/billboardy/bielawa/billboard-bielawa-bielawa-zeromskiego-24-kier-miasto-696,PASS,Strona przesłana i zindeksowana,INDEXING_ALLOWED,ALLOWED,SUCCESSFUL,https://reklamap.pl/powierzchnia-reklamowa/billboardy/bielawa/billboard-bielawa-bielawa-zeromskiego-24-kier-miasto-696,https://reklamap.pl/powierzchnia-reklamowa/billboardy/bielawa/billboard-bielawa-bielawa-zeromskiego-24-kier-miasto-696,2026-08-31T02:02:47Z,MOBILE,,
https://reklamap.pl/powierzchnia-reklamowa/billboardy/bielsko-biala/billboardy-przy-ch-auchan-leroymerlin-48,NEUTRAL,Błąd serwera (5xx),INDEXING_STATE_UNSPECIFIED,ALLOWED,SERVER_ERROR,,,2026-05-15T06:27:08Z,MOBILE,,
https://reklamap.pl/powierzchnia-reklamowa/billboardy/bierun/billboard-bierun-warszawska-1053,PASS,Strona przesłana i zindeksowana,INDEXING_ALLOWED,ALLOWED,SUCCESSFUL,https://reklamap.pl/powierzchnia-reklamowa/billboardy/bierun/billboard-bierun-warszawska-1053,https://reklamap.pl/powierzchnia-reklamowa/billboardy/bierun/billboard-bierun-warszawska-1053,2026-08-22T21:46:24Z,MOBILE,,
https://reklamap.pl/powierzchnia-reklamowa/billboardy/bierun/billboard-bierun-warszawska-1054,PASS,Strona przesłana i zindeksowana,INDEXING_ALLOWED,ALLOWED,SUCCESSFUL,https://reklamap.pl/powierzchnia-reklamowa/billboardy/bierun/billboard-bierun-warszawska-1054,https://reklamap.pl/powierzchnia-reklamowa/billboardy/bierun/billboard-bierun-warszawska-1054,2026-08-22T21:46:09Z,MOBILE,,
https://reklamap.pl/powierzchnia-reklamowa/billboardy/bierun/billboard-bierun-warszawska-2-1055,PASS,Strona przesłana i zindeksowana,INDEXING_ALLOWED,ALLOWED,SUCCESSFUL,https://reklamap.pl/powierzchnia-reklamowa/billboardy/bierun/billboard-bierun-warszawska-2-1055,https://reklamap.pl/powierzchnia-reklamowa/billboardy/bierun/billboard-bierun-warszawska-2-1055,2026-08-24T21:56:37Z,MOBILE,,
https://reklamap.pl/powierzchnia-reklamowa/billboardy/bierun/billboard-bierun-warszawska-i2-1057,PASS,Strona przesłana i zindeksowana,INDEXING_ALLOWED,ALLOWED,SUCCESSFUL,https://reklamap.pl/powierzchnia-reklamowa/billboardy/bierun/billboard-bierun-warszawska-i2-1057,https://reklamap.pl/powierzchnia-reklamowa/billboardy/bierun/billboard-bierun-warszawska-i2-1057,2026-08-24T11:09:59Z,MOBILE,,
https://reklamap.pl/powierzchnia-reklamowa/billboardy/bierun/billboard-bierun-warszawska-ii2-1056,PASS,Strona przesłana i zindeksowana,INDEXING_ALLOWED,ALLOWED,SUCCESSFUL,https://reklamap.pl/powierzchnia-reklamowa/billboardy/bierun/billboard-bierun-warszawska-ii2-1056,https://reklamap.pl/powierzchnia-reklamowa/billboardy/bierun/billboard-bierun-warszawska-ii2-1056,2026-08-22T19:26:32Z,MOBILE,,
https://reklamap.pl/powierzchnia-reklamowa/billboardy/biskupice/wynajme-billboard-reklamowy-przy-trasie-s7-krakow-warszawa-44,NEUTRAL,"Strona zeskanowana, ale jeszcze nie zindeksowana",INDEXING_STATE_UNSPECIFIED,ALLOWED,SUCCESSFUL,,,2026-09-07T01:19:44Z,MOBILE,,
https://reklamap.pl/powierzchnia-reklamowa/billboardy/bozkow/billboard-bozkow-bozkow-660,NEUTRAL,Strona wykryta – obecnie niezindeksowana,INDEXING_STATE_UNSPECIFIED,ROBOTS_TXT_STATE_UNSPECIFIED,PAGE_FETCH_STATE_UNSPECIFIED,,,,CRAWLING_USER_AGENT_UNSPECIFIED,,
https://reklamap.pl/powierzchnia-reklamowa/billboardy/bozkow/billboard-bozkow-bozkow-661,NEUTRAL,Strona wykryta – obecnie niezindeksowana,INDEXING_STATE_UNSPECIFIED,ROBOTS_TXT_STATE_UNSPECIFIED,PAGE_FETCH_STATE_UNSPECIFIED,,,,CRAWLING_USER_AGENT_UNSPECIFIED,,
https://reklamap.pl/powierzchnia-reklamowa/billboardy/braszowice/billboard-braszowice-braszowice-602,PASS,Strona przesłana i zindeksowana,INDEXING_ALLOWED,ALLOWED,SUCCESSFUL,https://reklamap.pl/powierzchnia-reklamowa/billboardy/braszowice/billboard-braszowice-braszowice-602,https://reklamap.pl/powierzchnia-reklamowa/billboardy/braszowice/billboard-braszowice-braszowice-602,2026-08-03T20:34:43Z,MOBILE,,
https://reklamap.pl/powierzchnia-reklamowa/billboardy/braszowice/billboard-braszowice-braszowice-603,PASS,Strona przesłana i zindeksowana,INDEXING_ALLOWED,ALLOWED,SUCCESSFUL,https://reklamap.pl/powierzchnia-reklamowa/billboardy/braszowice/billboard-braszowice-braszowice-603,https://reklamap.pl/powierzchnia-reklamowa/billboardy/braszowice/billboard-braszowice-braszowice-603,2026-08-03T22:37:32Z,MOBILE,,
https://reklamap.pl/powierzchnia-reklamowa/billboardy/braszowice/billboard-braszowice-braszowice-dk-8-640,PASS,Strona przesłana i zindeksowana,INDEXING_ALLOWED,ALLOWED,SUCCESSFUL,https://reklamap.pl/powierzchnia-reklamowa/billboardy/braszowice/billboard-braszowice-braszowice-dk-8-640,https://reklamap.pl/powierzchnia-reklamowa/billboardy/braszowice/billboard-braszowice-braszowice-dk-8-640,2026-07-18T03:16:59Z,MOBILE,,
https://reklamap.pl/powierzchnia-reklamowa/billboardy/braszowice/billboard-braszowice-braszowice-dk-8-714,PASS,Strona przesłana i zindeksowana,INDEXING_ALLOWED,ALLOWED,SUCCESSFUL,https://reklamap.pl/powierzchnia-reklamowa/billboardy/braszowice/billboard-braszowice-braszowice-dk-8-714,https://reklamap.pl/powierzchnia-reklamowa/billboardy/braszowice/billboard-braszowice-braszowice-dk-8-714,2026-08-26T05:00:08Z,MOBILE,,
https://reklamap.pl/powierzchnia-reklamowa/billboardy/braszowice/billboard-braszowice-poza-terenem-zabudowlanym-410,NEUTRAL,Strona wykryta – obecnie niezindeksowana,INDEXING_STATE_UNSPECIFIED,ROBOTS_TXT_STATE_UNSPECIFIED,PAGE_FETCH_STATE_UNSPECIFIED,,,,CRAWLING_USER_AGENT_UNSPECIFIED,,
https://reklamap.pl/powierzchnia-reklamowa/billboardy/braszowice/billboard-braszowice-poza-terenem-zabudowlanym-411,NEUTRAL,Adres URL jest Google nieznany,INDEXING_STATE_UNSPECIFIED,ROBOTS_TXT_STATE_UNSPECIFIED,PAGE_FETCH_STATE_UNSPECIFIED,,,,,,
https://reklamap.pl/powierzchnia-reklamowa/billboardy/braszowice/billboard-braszowice-wyjazd-z-terenu-zabudowanego-347,PASS,Strona przesłana i zindeksowana,INDEXING_ALLOWED,ALLOWED,SUCCESSFUL,https://reklamap.pl/powierzchnia-reklamowa/billboardy/braszowice/billboard-braszowice-wyjazd-z-terenu-zabudowanego-347,https://reklamap.pl/powierzchnia-reklamowa/billboardy/braszowice/billboard-braszowice-wyjazd-z-terenu-zabudowanego-347,2026-09-03T05:15:16Z,MOBILE,,
https://reklamap.pl/powierzchnia-reklamowa/billboardy/braszowice/billboard-braszowice-wyjazd-z-terenu-zabudowanego-567,PASS,Strona przesłana i zindeksowana,INDEXING_ALLOWED,ALLOWED,SUCCESSFUL,https://reklamap.pl/powierzchnia-reklamowa/billboardy/braszowice/billboard-braszowice-wyjazd-z-terenu-zabudowanego-567,https://reklamap.pl/powierzchnia-reklamowa/billboardy/braszowice/billboard-braszowice-wyjazd-z-terenu-zabudowanego-567,2026-09-04T13:18:49Z,MOBILE,,
https://reklamap.pl/powierzchnia-reklamowa/billboardy/braszowice/billboard-braszowice-wyjazd-z-terenu-zabudowanego-568,NEUTRAL,"Strona zeskanowana, ale jeszcze nie zindeksowana",INDEXING_STATE_UNSPECIFIED,ALLOWED,SUCCESSFUL,,,2026-09-06T13:21:09Z,MOBILE,,
https://reklamap.pl/powierzchnia-reklamowa/billboardy/brzeszcze/billboard-brzeszcze-ofiar-oswiecimia-ii-1063,PASS,Strona przesłana i zindeksowana,INDEXING_ALLOWED,ALLOWED,SUCCESSFUL,https://reklamap.pl/powierzchnia-reklamowa/billboardy/brzeszcze/billboard-brzeszcze-ofiar-oswiecimia-ii-1063,https://reklamap.pl/powierzchnia-reklamowa/billboardy/brzeszcze/billboard-brzeszcze-ofiar-oswiecimia-ii-1063,2026-08-21T19:25:13Z,MOBILE,,
https://reklamap.pl/powierzchnia-reklamowa/billboardy/brzeszcze/billboard-brzeszcze-ofiar-oswiecimia-ii2-1062,PASS,Strona przesłana i zindeksowana,INDEXING_ALLOWED,ALLOWED,SUCCESSFUL,https://reklamap.pl/powierzchnia-reklamowa/billboardy/brzeszcze/billboard-brzeszcze-ofiar-oswiecimia-ii2-1062,https://reklamap.pl/powierzchnia-reklamowa/billboardy/brzeszcze/billboard-brzeszcze-ofiar-oswiecimia-ii2-1062,2026-08-22T17:14:08Z,MOBILE,,
https://reklamap.pl/powierzchnia-reklamowa/billboardy/brzeszcze/billboard-brzeszcze-ofiar-oswiecimia-iii2-1064,PASS,Strona przesłana i zindeksowana,INDEXING_ALLOWED,ALLOWED,SUCCESSFUL,https://reklamap.pl/powierzchnia-reklamowa/billboardy/brzeszcze/billboard-brzeszcze-ofiar-oswiecimia-iii2-1064,https://reklamap.pl/powierzchnia-reklamowa/billboardy/brzeszcze/billboard-brzeszcze-ofiar-oswiecimia-iii2-1064,2026-08-21T18:10:07Z,MOBILE,,
https://reklamap.pl/powierzchnia-reklamowa/billboardy/brzeszcze/billboard-brzeszcze-ofiar-oswiecimia-iv2-1065,PASS,Strona przesłana i zindeksowana,INDEXING_ALLOWED,ALLOWED,SUCCESSFUL,https://reklamap.pl/powierzchnia-reklamowa/billboardy/brzeszcze/billboard-brzeszcze-ofiar-oswiecimia-iv2-1065,https://reklamap.pl/powierzchnia-reklamowa/billboardy/brzeszcze/billboard-brzeszcze-ofiar-oswiecimia-iv2-1065,2026-08-21T18:47:35Z,MOBILE,,
https://reklamap.pl/powierzchnia-reklamowa/billboardy/bukowno/billboard-5-04-x-2-38-m-bukowno-242,PASS,Strona przesłana i zindeksowana,INDEXING_ALLOWED,ALLOWED,SUCCESSFUL,https://reklamap.pl/powierzchnia-reklamowa/billboardy/bukowno/billboard-5-04-x-2-38-m-bukowno-242,https://reklamap.pl/powierzchnia-reklamowa/billboardy/bukowno/billboard-5-04-x-2-38-m-bukowno-242,2026-08-04T08:58:22Z,MOBILE,,
https://reklamap.pl/powierzchnia-reklamowa/billboardy/bystrzyca-klodzka/billboard-bystrzyca-klodzka-obwodnica-miasta-380,PASS,Strona przesłana i zindeksowana,INDEXING_ALLOWED,ALLOWED,SUCCESSFUL,https://reklamap.pl/powierzchnia-reklamowa/billboardy/bystrzyca-klodzka/billboard-bystrzyca-klodzka-obwodnica-miasta-380,https://reklamap.pl/powierzchnia-reklamowa/billboardy/bystrzyca-klodzka/billboard-bystrzyca-klodzka-obwodnica-miasta-380,2026-08-26T23:48:57Z,MOBILE,,
https://reklamap.pl/powierzchnia-reklamowa/billboardy/bystrzyca-klodzka/billboard-bystrzyca-klodzka-obwodnica-miasta-381,PASS,Strona przesłana i zindeksowana,INDEXING_ALLOWED,ALLOWED,SUCCESSFUL,https://reklamap.pl/powierzchnia-reklamowa/billboardy/bystrzyca-klodzka/billboard-bystrzyca-klodzka-obwodnica-miasta-381,https://reklamap.pl/powierzchnia-reklamowa/billboardy/bystrzyca-klodzka/billboard-bystrzyca-klodzka-obwodnica-miasta-381,2026-07-19T08:07:16Z,MOBILE,,
https://reklamap.pl/powierzchnia-reklamowa/billboardy/bystrzyca-klodzka/billboard-bystrzyca-klodzka-obwodnica-miasta-382,PASS,Strona przesłana i zindeksowana,INDEXING_ALLOWED,ALLOWED,SUCCESSFUL,https://reklamap.pl/powierzchnia-reklamowa/billboardy/bystrzyca-klodzka/billboard-bystrzyca-klodzka-obwodnica-miasta-382,https://reklamap.pl/powierzchnia-reklamowa/billboardy/bystrzyca-klodzka/billboard-bystrzyca-klodzka-obwodnica-miasta-382,2026-08-30T16:42:25Z,MOBILE,,
https://reklamap.pl/powierzchnia-reklamowa/billboardy/bystrzyca-klodzka/billboard-bystrzyca-klodzka-ul-sienkiewicza-kier-centrum-377,PASS,Strona przesłana i zindeksowana,INDEXING_ALLOWED,ALLOWED,SUCCESSFUL,https://reklamap.pl/powierzchnia-reklamowa/billboardy/bystrzyca-klodzka/billboard-bystrzyca-klodzka-ul-sienkiewicza-kier-centrum-377,https://reklamap.pl/powierzchnia-reklamowa/billboardy/bystrzyca-klodzka/billboard-bystrzyca-klodzka-ul-sienkiewicza-kier-centrum-377,2026-08-27T03:26:23Z,MOBILE,,
https://reklamap.pl/powierzchnia-reklamowa/billboardy/bystrzyca-klodzka/billboard-bystrzyca-klodzka-ul-sienkiewicza-obok-netto-386,PASS,Strona przesłana i zindeksowana,INDEXING_ALLOWED,ALLOWED,SUCCESSFUL,https://reklamap.pl/powierzchnia-reklamowa/billboardy/bystrzyca-klodzka/billboard-bystrzyca-klodzka-ul-sienkiewicza-obok-netto-386,https://reklamap.pl/powierzchnia-reklamowa/billboardy/bystrzyca-klodzka/billboard-bystrzyca-klodzka-ul-sienkiewicza-obok-netto-386,2026-08-24T00:17:22Z,MOBILE,,
https://reklamap.pl/powierzchnia-reklamowa/billboardy/bystrzyca-klodzka/billboard-bystrzyca-klodzka-wjazd-do-miasta-385,PASS,Strona przesłana i zindeksowana,INDEXING_ALLOWED,ALLOWED,SUCCESSFUL,https://reklamap.pl/powierzchnia-reklamowa/billboardy/bystrzyca-klodzka/billboard-bystrzyca-klodzka-wjazd-do-miasta-385,https://reklamap.pl/powierzchnia-reklamowa/billboardy/bystrzyca-klodzka/billboard-bystrzyca-klodzka-wjazd-do-miasta-385,2026-07-19T07:52:23Z,MOBILE,,
https://reklamap.pl/powierzchnia-reklamowa/billboardy/bystrzyca-klodzka/billboard-bystrzyca-klodzka-wjazd-do-miasta-561,PASS,Strona przesłana i zindeksowana,INDEXING_ALLOWED,ALLOWED,SUCCESSFUL,https://reklamap.pl/powierzchnia-reklamowa/billboardy/bystrzyca-klodzka/billboard-bystrzyca-klodzka-wjazd-do-miasta-561,https://reklamap.pl/powierzchnia-reklamowa/billboardy/bystrzyca-klodzka/billboard-bystrzyca-klodzka-wjazd-do-miasta-561,2026-07-09T20:07:03Z,MOBILE,,
https://reklamap.pl/powierzchnia-reklamowa/billboardy/bystrzyca-klodzka/billboard-bystrzyca-klodzka-wyjazd-na-obwodnice-383,PASS,Strona przesłana i zindeksowana,INDEXING_ALLOWED,ALLOWED,SUCCESSFUL,https://reklamap.pl/powierzchnia-reklamowa/billboardy/bystrzyca-klodzka/billboard-bystrzyca-klodzka-wyjazd-na-obwodnice-383,https://reklamap.pl/powierzchnia-reklamowa/billboardy/bystrzyca-klodzka/billboard-bystrzyca-klodzka-wyjazd-na-obwodnice-383,2026-08-26T23:31:27Z,MOBILE,,
https://reklamap.pl/powierzchnia-reklamowa/billboardy/bystrzyca-klodzka/billboard-bystrzyca-klodzka-wyjazd-na-obwodnice-miasta-384,PASS,Strona przesłana i zindeksowana,INDEXING_ALLOWED,ALLOWED,SUCCESSFUL,https://reklamap.pl/powierzchnia-reklamowa/billboardy/bystrzyca-klodzka/billboard-bystrzyca-klodzka-wyjazd-na-obwodnice-miasta-384,https://reklamap.pl/powierzchnia-reklamowa/billboardy/bystrzyca-klodzka/billboard-bystrzyca-klodzka-wyjazd-na-obwodnice-miasta-384,2026-08-31T03:17:37Z,MOBILE,,
https://reklamap.pl/powierzchnia-reklamowa/billboardy/bystrzyca-klodzka/billboard-bystrzyca-klodzka-wyjazd-na-obwodnice-miasta-560,PASS,Strona przesłana i zindeksowana,INDEXING_ALLOWED,ALLOWED,SUCCESSFUL,https://reklamap.pl/powierzchnia-reklamowa/billboardy/bystrzyca-klodzka/billboard-bystrzyca-klodzka-wyjazd-na-obwodnice-miasta-560,https://reklamap.pl/powierzchnia-reklamowa/billboardy/bystrzyca-klodzka/billboard-bystrzyca-klodzka-wyjazd-na-obwodnice-miasta-560,2026-07-19T04:47:32Z,MOBILE,,
https://reklamap.pl/powierzchnia-reklamowa/billboardy/chlapowo-1/billboard-przy-a2-12-15-x-11-5-m-chlapowo-1-kier-poznan-tyl-927,NEUTRAL,Adres URL jest Google nieznany,INDEXING_STATE_UNSPECIFIED,ROBOTS_TXT_STATE_UNSPECIFIED,PAGE_FETCH_STATE_UNSPECIFIED,,,,,,
https://reklamap.pl/powierzchnia-reklamowa/billboardy/chlapowo-1/billboard-przy-a2-12-15-x-11-5-m-chlapowo-1-kier-warszawa-front-926,PASS,Strona przesłana i zindeksowana,INDEXING_ALLOWED,ALLOWED,SUCCESSFUL,https://reklamap.pl/powierzchnia-reklamowa/billboardy/chlapowo-1/billboard-przy-a2-12-15-x-11-5-m-chlapowo-1-kier-warszawa-front-926,https://reklamap.pl/powierzchnia-reklamowa/billboardy/chlapowo-1/billboard-przy-a2-12-15-x-11-5-m-chlapowo-1-kier-warszawa-front-926,2026-08-03T16:14:52Z,MOBILE,,
https://reklamap.pl/powierzchnia-reklamowa/billboardy/chlapowo-1/billboard-przy-a2-2-4-x-11-5-m-chlapowo-1-kier-poznan-i-warszawa-bok-928,PASS,Strona przesłana i zindeksowana,INDEXING_ALLOWED,ALLOWED,SUCCESSFUL,https://reklamap.pl/powierzchnia-reklamowa/billboardy/chlapowo-1/billboard-przy-a2-2-4-x-11-5-m-chlapowo-1-kier-poznan-i-warszawa-bok-928,https://reklamap.pl/powierzchnia-reklamowa/billboardy/chlapowo-1/billboard-przy-a2-2-4-x-11-5-m-chlapowo-1-kier-poznan-i-warszawa-bok-928,2026-08-03T18:47:18Z,MOBILE,,
https://reklamap.pl/powierzchnia-reklamowa/billboardy/chlapowo-1/billboard-przy-a2-caly-nosnik-front-tyl-bok-chlapowo-1-929,PASS,Strona przesłana i zindeksowana,INDEXING_ALLOWED,ALLOWED,SUCCESSFUL,https://reklamap.pl/powierzchnia-reklamowa/billboardy/chlapowo-1/billboard-przy-a2-caly-nosnik-front-tyl-bok-chlapowo-1-929,https://reklamap.pl/powierzchnia-reklamowa/billboardy/chlapowo-1/billboard-przy-a2-caly-nosnik-front-tyl-bok-chlapowo-1-929,2026-08-04T12:13:01Z,MOBILE,,
https://reklamap.pl/powierzchnia-reklamowa/billboardy/chlapowo-2/billboard-przy-a2-12-15-x-11-5-m-chlapowo-2-kier-poznan-tyl-931,PASS,Strona przesłana i zindeksowana,INDEXING_ALLOWED,ALLOWED,SUCCESSFUL,https://reklamap.pl/powierzchnia-reklamowa/billboardy/chlapowo-2/billboard-przy-a2-12-15-x-11-5-m-chlapowo-2-kier-poznan-tyl-931,https://reklamap.pl/powierzchnia-reklamowa/billboardy/chlapowo-2/billboard-przy-a2-12-15-x-11-5-m-chlapowo-2-kier-poznan-tyl-931,2026-08-03T17:39:54Z,MOBILE,,
https://reklamap.pl/powierzchnia-reklamowa/billboardy/chlapowo-2/billboard-przy-a2-12-15-x-11-5-m-chlapowo-2-kier-warszawa-front-930,PASS,Strona przesłana i zindeksowana,INDEXING_ALLOWED,ALLOWED,SUCCESSFUL,https://reklamap.pl/powierzchnia-reklamowa/billboardy/chlapowo-2/billboard-przy-a2-12-15-x-11-5-m-chlapowo-2-kier-warszawa-front-930,https://reklamap.pl/powierzchnia-reklamowa/billboardy/chlapowo-2/billboard-przy-a2-12-15-x-11-5-m-chlapowo-2-kier-warszawa-front-930,2026-08-04T12:11:51Z,MOBILE,,
https://reklamap.pl/powierzchnia-reklamowa/billboardy/chlapowo-2/billboard-przy-a2-2-4-x-11-5-m-chlapowo-2-kier-poznan-i-warszawa-bok-932,PASS,Strona przesłana i zindeksowana,INDEXING_ALLOWED,ALLOWED,SUCCESSFUL,https://reklamap.pl/powierzchnia-reklamowa/billboardy/chlapowo-2/billboard-przy-a2-2-4-x-11-5-m-chlapowo-2-kier-poznan-i-warszawa-bok-932,https://reklamap.pl/powierzchnia-reklamowa/billboardy/chlapowo-2/billboard-przy-a2-2-4-x-11-5-m-chlapowo-2-kier-poznan-i-warszawa-bok-932,2026-08-03T15:45:14Z,MOBILE,,
https://reklamap.pl/powierzchnia-reklamowa/billboardy/chlapowo-2/billboard-przy-a2-caly-nosnik-front-tyl-bok-chlapowo-2-933,NEUTRAL,Adres URL jest Google nieznany,INDEXING_STATE_UNSPECIFIED,ROBOTS_TXT_STATE_UNSPECIFIED,PAGE_FETCH_STATE_UNSPECIFIED,,,,,,
https://reklamap.pl/powierzchnia-reklamowa/billboardy/chrzanow/billboard-5-04-x-2-38-m-chrzanow-246,NEUTRAL,"Strona zeskanowana, ale jeszcze nie zindeksowana",INDEXING_STATE_UNSPECIFIED,ALLOWED,SUCCESSFUL,,,2026-09-06T14:15:41Z,MOBILE,,
https://reklamap.pl/powierzchnia-reklamowa/billboardy/chrzanow/billboard-5-04-x-2-38-m-chrzanow-247,PASS,Strona przesłana i zindeksowana,INDEXING_ALLOWED,ALLOWED,SUCCESSFUL,https://reklamap.pl/powierzchnia-reklamowa/billboardy/chrzanow/billboard-5-04-x-2-38-m-chrzanow-247,https://reklamap.pl/powierzchnia-reklamowa/billboardy/chrzanow/billboard-5-04-x-2-38-m-chrzanow-247,2026-08-23T08:24:39Z,MOBILE,,
https://reklamap.pl/powierzchnia-reklamowa/billboardy/chrzanow/billboard-5-04-x-2-38-m-chrzanow-kierunek-rondo-245,PASS,Strona przesłana i zindeksowana,INDEXING_ALLOWED,ALLOWED,SUCCESSFUL,https://reklamap.pl/powierzchnia-reklamowa/billboardy/chrzanow/billboard-5-04-x-2-38-m-chrzanow-kierunek-rondo-245,https://reklamap.pl/powierzchnia-reklamowa/billboardy/chrzanow/billboard-5-04-x-2-38-m-chrzanow-kierunek-rondo-245,2026-08-24T21:02:10Z,MOBILE,,
https://reklamap.pl/powierzchnia-reklamowa/billboardy/chrzanow/billboard-chrzanow-borowcowa-1077,PASS,Strona przesłana i zindeksowana,INDEXING_ALLOWED,ALLOWED,SUCCESSFUL,https://reklamap.pl/powierzchnia-reklamowa/billboardy/chrzanow/billboard-chrzanow-borowcowa-1077,https://reklamap.pl/powierzchnia-reklamowa/billboardy/chrzanow/billboard-chrzanow-borowcowa-1077,2026-08-23T01:06:52Z,MOBILE,,
https://reklamap.pl/powierzchnia-reklamowa/billboardy/chwaszczyno/billboard-g829-s6-koleczkowo-kier-gdynia-980,PASS,Strona przesłana i zindeksowana,INDEXING_ALLOWED,ALLOWED,SUCCESSFUL,https://reklamap.pl/powierzchnia-reklamowa/billboardy/chwaszczyno/billboard-g829-s6-koleczkowo-kier-gdynia-980,https://reklamap.pl/powierzchnia-reklamowa/billboardy/chwaszczyno/billboard-g829-s6-koleczkowo-kier-gdynia-980,2026-08-04T14:47:40Z,MOBILE,,
https://reklamap.pl/powierzchnia-reklamowa/billboardy/chwaszczyno/billboard-g830-s6-koleczkowo-kier-gdynia-981,NEUTRAL,Adres URL jest Google nieznany,INDEXING_STATE_UNSPECIFIED,ROBOTS_TXT_STATE_UNSPECIFIED,PAGE_FETCH_STATE_UNSPECIFIED,,,,,,
https://reklamap.pl/powierzchnia-reklamowa/billboardy/chwaszczyno/billboard-g832-s6-koleczkowo-kier-gdynia-982,NEUTRAL,Strona wykryta – obecnie niezindeksowana,INDEXING_STATE_UNSPECIFIED,ROBOTS_TXT_STATE_UNSPECIFIED,PAGE_FETCH_STATE_UNSPECIFIED,,,,CRAWLING_USER_AGENT_UNSPECIFIED,,
https://reklamap.pl/powierzchnia-reklamowa/billboardy/cieszyn/tablica-reklamowa-6m-x-3m-18m2-de-s52-kierunek-skoczow-bielsko-biala-995,PASS,Strona przesłana i zindeksowana,INDEXING_ALLOWED,ALLOWED,SUCCESSFUL,https://reklamap.pl/powierzchnia-reklamowa/billboardy/cieszyn/tablica-reklamowa-6m-x-3m-18m-de-s52-kierunek-skoczow-bielsko-biala-995,https://reklamap.pl/powierzchnia-reklamowa/billboardy/cieszyn/tablica-reklamowa-6m-x-3m-18m2-de-s52-kierunek-skoczow-bielsko-biala-995,2026-08-04T06:06:47Z,MOBILE,,
https://reklamap.pl/powierzchnia-reklamowa/billboardy/czeladz/billboard-5-04-x-2-38-m-czeladz-centrum-134,PASS,Strona przesłana i zindeksowana,INDEXING_ALLOWED,ALLOWED,SUCCESSFUL,https://reklamap.pl/powierzchnia-reklamowa/billboardy/czeladz/billboard-5-04-x-2-38-m-czeladz-centrum-134,https://reklamap.pl/powierzchnia-reklamowa/billboardy/czeladz/billboard-5-04-x-2-38-m-czeladz-centrum-134,2026-08-25T08:34:14Z,MOBILE,,
https://reklamap.pl/powierzchnia-reklamowa/billboardy/czeladz/billboard-5-04-x-2-38-m-czeladz-skrzyz-katowickanowopogonska-129,PASS,Strona przesłana i zindeksowana,INDEXING_ALLOWED,ALLOWED,SUCCESSFUL,https://reklamap.pl/powierzchnia-reklamowa/billboardy/czeladz/billboard-5-04-x-2-38-m-czeladz-skrzyz-katowickanowopogonska-129,https://reklamap.pl/powierzchnia-reklamowa/billboardy/czeladz/billboard-5-04-x-2-38-m-czeladz-skrzyz-katowickanowopogonska-129,2026-08-26T05:42:41Z,MOBILE,,
https://reklamap.pl/powierzchnia-reklamowa/billboardy/czeladz/billboard-6-x-3-m-czeladz-centrum-m1-szafran-130,PASS,Strona przesłana i zindeksowana,INDEXING_ALLOWED,ALLOWED,SUCCESSFUL,https://reklamap.pl/powierzchnia-reklamowa/billboardy/czeladz/billboard-6-x-3-m-czeladz-centrum-m1-szafran-130,https://reklamap.pl/powierzchnia-reklamowa/billboardy/czeladz/billboard-6-x-3-m-czeladz-centrum-m1-szafran-130,2026-08-04T05:50:17Z,MOBILE,,
https://reklamap.pl/powierzchnia-reklamowa/billboardy/czeladz/billboard-6-x-3-m-czeladz-centrum-m1-szafran-131,PASS,Strona przesłana i zindeksowana,INDEXING_ALLOWED,ALLOWED,SUCCESSFUL,https://reklamap.pl/powierzchnia-reklamowa/billboardy/czeladz/billboard-6-x-3-m-czeladz-centrum-m1-szafran-131,https://reklamap.pl/powierzchnia-reklamowa/billboardy/czeladz/billboard-6-x-3-m-czeladz-centrum-m1-szafran-131,2026-08-04T05:49:52Z,MOBILE,,
https://reklamap.pl/powierzchnia-reklamowa/billboardy/czeladz/billboard-6-x-3-m-czeladz-centrum-vis-a-vis-stacja-statoil-128,NEUTRAL,Adres URL jest Google nieznany,INDEXING_STATE_UNSPECIFIED,ROBOTS_TXT_STATE_UNSPECIFIED,PAGE_FETCH_STATE_UNSPECIFIED,,,,,,
https://reklamap.pl/powierzchnia-reklamowa/billboardy/czeladz/billboard-6-x-3-m-czeladz-dk94-132,NEUTRAL,Adres URL jest Google nieznany,INDEXING_STATE_UNSPECIFIED,ROBOTS_TXT_STATE_UNSPECIFIED,PAGE_FETCH_STATE_UNSPECIFIED,,,,,,
https://reklamap.pl/powierzchnia-reklamowa/billboardy/czeladz/billboard-6-x-3-m-czeladz-dk-94-hotel-rycerski-125,PASS,Strona przesłana i zindeksowana,INDEXING_ALLOWED,ALLOWED,SUCCESSFUL,https://reklamap.pl/powierzchnia-reklamowa/billboardy/czeladz/billboard-6-x-3-m-czeladz-dk-94-hotel-rycerski-125,https://reklamap.pl/powierzchnia-reklamowa/billboardy/czeladz/billboard-6-x-3-m-czeladz-dk-94-hotel-rycerski-125,2026-08-26T05:37:55Z,MOBILE,,
https://reklamap.pl/powierzchnia-reklamowa/billboardy/czeladz/billboard-6-x-3-m-czeladz-dk-94-hotel-rycerski-126,PASS,Strona przesłana i zindeksowana,INDEXING_ALLOWED,ALLOWED,SUCCESSFUL,https://reklamap.pl/powierzchnia-reklamowa/billboardy/czeladz/billboard-6-x-3-m-czeladz-dk-94-hotel-rycerski-126,https://reklamap.pl/powierzchnia-reklamowa/billboardy/czeladz/billboard-6-x-3-m-czeladz-dk-94-hotel-rycerski-126,2026-07-18T18:00:56Z,MOBILE,,
https://reklamap.pl/powierzchnia-reklamowa/billboardy/czeladz/billboard-6-x-3-m-czeladz-dk94-hotel-rycerski-133,PASS,Strona przesłana i zindeksowana,INDEXING_ALLOWED,ALLOWED,SUCCESSFUL,https://reklamap.pl/powierzchnia-reklamowa/billboardy/czeladz/billboard-6-x-3-m-czeladz-dk94-hotel-rycerski-133,https://reklamap.pl/powierzchnia-reklamowa/billboardy/czeladz/billboard-6-x-3-m-czeladz-dk94-hotel-rycerski-133,2026-07-18T17:39:30Z,MOBILE,,
https://reklamap.pl/powierzchnia-reklamowa/billboardy/czeladz/billboard-6-x-3-m-czeladz-skrzyz-katowickanowopogonska-127,PASS,Strona przesłana i zindeksowana,INDEXING_ALLOWED,ALLOWED,SUCCESSFUL,https://reklamap.pl/powierzchnia-reklamowa/billboardy/czeladz/billboard-6-x-3-m-czeladz-skrzyz-katowickanowopogonska-127,https://reklamap.pl/powierzchnia-reklamowa/billboardy/czeladz/billboard-6-x-3-m-czeladz-skrzyz-katowickanowopogonska-127,2026-08-03T19:46:52Z,MOBILE,,
https://reklamap.pl/powierzchnia-reklamowa/billboardy/dabrowa-gornicza/billboard-5-04-x-2-38-m-dabrowa-gornicza-leknice-186,PASS,Strona przesłana i zindeksowana,INDEXING_ALLOWED,ALLOWED,SUCCESSFUL,https://reklamap.pl/powierzchnia-reklamowa/billboardy/dabrowa-gornicza/billboard-5-04-x-2-38-m-dabrowa-gornicza-leknice-186,https://reklamap.pl/powierzchnia-reklamowa/billboardy/dabrowa-gornicza/billboard-5-04-x-2-38-m-dabrowa-gornicza-leknice-186,2026-07-11T03:37:01Z,MOBILE,,
https://reklamap.pl/powierzchnia-reklamowa/billboardy/dabrowa-gornicza/billboard-5-04-x-2-38-m-dabrowa-gornicza-leknice-187,NEUTRAL,Adres URL jest Google nieznany,INDEXING_STATE_UNSPECIFIED,ROBOTS_TXT_STATE_UNSPECIFIED,PAGE_FETCH_STATE_UNSPECIFIED,,,,,,
https://reklamap.pl/powierzchnia-reklamowa/billboardy/dabrowa-gornicza/billboard-5-04-x-2-38-m-dabrowa-gornicza-mydlice-176,PASS,Strona przesłana i zindeksowana,INDEXING_ALLOWED,ALLOWED,SUCCESSFUL,https://reklamap.pl/powierzchnia-reklamowa/billboardy/dabrowa-gornicza/billboard-5-04-x-2-38-m-dabrowa-gornicza-mydlice-176,https://reklamap.pl/powierzchnia-reklamowa/billboardy/dabrowa-gornicza/billboard-5-04-x-2-38-m-dabrowa-gornicza-mydlice-176,2026-08-04T04:24:49Z,MOBILE,,
https://reklamap.pl/powierzchnia-reklamowa/billboardy/dabrowa-gornicza/billboard-5-04-x-2-38-m-dabrowa-gornicza-reden-184,PASS,Strona przesłana i zindeksowana,INDEXING_ALLOWED,ALLOWED,SUCCESSFUL,https://reklamap.pl/powierzchnia-reklamowa/billboardy/dabrowa-gornicza/billboard-5-04-x-2-38-m-dabrowa-gornicza-reden-184,https://reklamap.pl/powierzchnia-reklamowa/billboardy/dabrowa-gornicza/billboard-5-04-x-2-38-m-dabrowa-gornicza-reden-184,2026-08-04T11:16:25Z,MOBILE,,
https://reklamap.pl/powierzchnia-reklamowa/billboardy/dabrowa-gornicza/billboard-5-04-x-2-38-m-dabrowa-gornicza-reden-185,NEUTRAL,Adres URL jest Google nieznany,INDEXING_STATE_UNSPECIFIED,ROBOTS_TXT_STATE_UNSPECIFIED,PAGE_FETCH_STATE_UNSPECIFIED,,,,,,
https://reklamap.pl/powierzchnia-reklamowa/billboardy/dabrowa-gornicza/billboard-5-04-x-2-38-m-dabrowa-gornicza-strzemieszyce-172,PASS,Strona przesłana i zindeksowana,INDEXING_ALLOWED,ALLOWED,SUCCESSFUL,https://reklamap.pl/powierzchnia-reklamowa/billboardy/dabrowa-gornicza/billboard-5-04-x-2-38-m-dabrowa-gornicza-strzemieszyce-172,https://reklamap.pl/powierzchnia-reklamowa/billboardy/dabrowa-gornicza/billboard-5-04-x-2-38-m-dabrowa-gornicza-strzemieszyce-172,2026-08-21T00:36:38Z,MOBILE,,
https://reklamap.pl/powierzchnia-reklamowa/billboardy/dabrowa-gornicza/billboard-5-04-x-2-38-m-dabrowa-gornicza-strzemieszyce-173,NEUTRAL,Strona wykryta – obecnie niezindeksowana,INDEXING_STATE_UNSPECIFIED,ROBOTS_TXT_STATE_UNSPECIFIED,PAGE_FETCH_STATE_UNSPECIFIED,,,,CRAWLING_USER_AGENT_UNSPECIFIED,,
https://reklamap.pl/powierzchnia-reklamowa/billboardy/dabrowa-gornicza/billboard-6-x-3-m-dabrowa-gornicza-193,PASS,Strona przesłana i zindeksowana,INDEXING_ALLOWED,ALLOWED,SUCCESSFUL,https://reklamap.pl/powierzchnia-reklamowa/billboardy/dabrowa-gornicza/billboard-6-x-3-m-dabrowa-gornicza-193,https://reklamap.pl/powierzchnia-reklamowa/billboardy/dabrowa-gornicza/billboard-6-x-3-m-dabrowa-gornicza-193,2026-08-03T20:20:35Z,MOBILE,,
https://reklamap.pl/powierzchnia-reklamowa/billboardy/dabrowa-gornicza/billboard-6-x-3-m-dabrowa-gornicza-194,NEUTRAL,Adres URL jest Google nieznany,INDEXING_STATE_UNSPECIFIED,ROBOTS_TXT_STATE_UNSPECIFIED,PAGE_FETCH_STATE_UNSPECIFIED,,,,,,
https://reklamap.pl/powierzchnia-reklamowa/billboardy/dabrowa-gornicza/billboard-6-x-3-m-dabrowa-gornicza-aleje-majakowskiego-139,NEUTRAL,"Strona zeskanowana, ale jeszcze nie zindeksowana",INDEXING_STATE_UNSPECIFIED,ALLOWED,SUCCESSFUL,,,2026-09-07T09:11:42Z,MOBILE,,
https://reklamap.pl/powierzchnia-reklamowa/billboardy/dabrowa-gornicza/billboard-6-x-3-m-dabrowa-gornicza-centrum-155,PASS,Strona przesłana i zindeksowana,INDEXING_ALLOWED,ALLOWED,SUCCESSFUL,https://reklamap.pl/powierzchnia-reklamowa/billboardy/dabrowa-gornicza/billboard-6-x-3-m-dabrowa-gornicza-centrum-155,https://reklamap.pl/powierzchnia-reklamowa/billboardy/dabrowa-gornicza/billboard-6-x-3-m-dabrowa-gornicza-centrum-155,2026-08-04T05:51:38Z,MOBILE,,
https://reklamap.pl/powierzchnia-reklamowa/billboardy/dabrowa-gornicza/billboard-6-x-3-m-dabrowa-gornicza-centrum-kolo-stacji-orlen-137,NEUTRAL,Strona wykryta – obecnie niezindeksowana,INDEXING_STATE_UNSPECIFIED,ROBOTS_TXT_STATE_UNSPECIFIED,PAGE_FETCH_STATE_UNSPECIFIED,,,,CRAWLING_USER_AGENT_UNSPECIFIED,,
https://reklamap.pl/powierzchnia-reklamowa/billboardy/dabrowa-gornicza/billboard-6-x-3-m-dabrowa-gornicza-centrum-kolo-stacji-orlen-138,PASS,Strona przesłana i zindeksowana,INDEXING_ALLOWED,ALLOWED,SUCCESSFUL,https://reklamap.pl/powierzchnia-reklamowa/billboardy/dabrowa-gornicza/billboard-6-x-3-m-dabrowa-gornicza-centrum-kolo-stacji-orlen-138,https://reklamap.pl/powierzchnia-reklamowa/billboardy/dabrowa-gornicza/billboard-6-x-3-m-dabrowa-gornicza-centrum-kolo-stacji-orlen-138,2026-08-03T17:20:19Z,MOBILE,,
https://reklamap.pl/powierzchnia-reklamowa/billboardy/dabrowa-gornicza/billboard-6-x-3-m-dabrowa-gornicza-centrummydliceskrzyzowanie-168,PASS,Strona przesłana i zindeksowana,INDEXING_ALLOWED,ALLOWED,SUCCESSFUL,https://reklamap.pl/powierzchnia-reklamowa/billboardy/dabrowa-gornicza/billboard-6-x-3-m-dabrowa-gornicza-centrummydliceskrzyzowanie-168,https://reklamap.pl/powierzchnia-reklamowa/billboardy/dabrowa-gornicza/billboard-6-x-3-m-dabrowa-gornicza-centrummydliceskrzyzowanie-168,2026-09-01T08:39:02Z,MOBILE,,
https://reklamap.pl/powierzchnia-reklamowa/billboardy/dabrowa-gornicza/billboard-6-x-3-m-dabrowa-gornicza-centrum-obwodnica-180,PASS,Strona przesłana i zindeksowana,INDEXING_ALLOWED,ALLOWED,SUCCESSFUL,https://reklamap.pl/powierzchnia-reklamowa/billboardy/dabrowa-gornicza/billboard-6-x-3-m-dabrowa-gornicza-centrum-obwodnica-180,https://reklamap.pl/powierzchnia-reklamowa/billboardy/dabrowa-gornicza/billboard-6-x-3-m-dabrowa-gornicza-centrum-obwodnica-180,2026-08-04T04:23:26Z,MOBILE,,
https://reklamap.pl/powierzchnia-reklamowa/billboardy/dabrowa-gornicza/billboard-6-x-3-m-dabrowa-gornicza-centrum-obwodnica-181,PASS,Strona przesłana i zindeksowana,INDEXING_ALLOWED,ALLOWED,SUCCESSFUL,https://reklamap.pl/powierzchnia-reklamowa/billboardy/dabrowa-gornicza/billboard-6-x-3-m-dabrowa-gornicza-centrum-obwodnica-181,https://reklamap.pl/powierzchnia-reklamowa/billboardy/dabrowa-gornicza/billboard-6-x-3-m-dabrowa-gornicza-centrum-obwodnica-181,2026-08-04T05:58:49Z,MOBILE,,
https://reklamap.pl/powierzchnia-reklamowa/billboardy/dabrowa-gornicza/billboard-6-x-3-m-dabrowa-gornicza-centrum-rondo-167,PASS,Strona przesłana i zindeksowana,INDEXING_ALLOWED,ALLOWED,SUCCESSFUL,https://reklamap.pl/powierzchnia-reklamowa/billboardy/dabrowa-gornicza/billboard-6-x-3-m-dabrowa-gornicza-centrum-rondo-167,https://reklamap.pl/powierzchnia-reklamowa/billboardy/dabrowa-gornicza/billboard-6-x-3-m-dabrowa-gornicza-centrum-rondo-167,2026-08-03T21:29:35Z,MOBILE,,
https://reklamap.pl/powierzchnia-reklamowa/billboardy/dabrowa-gornicza/billboard-6-x-3-m-dabrowa-gornicza-centrum-rondo-188,PASS,Strona przesłana i zindeksowana,INDEXING_ALLOWED,ALLOWED,SUCCESSFUL,https://reklamap.pl/powierzchnia-reklamowa/billboardy/dabrowa-gornicza/billboard-6-x-3-m-dabrowa-gornicza-centrum-rondo-188,https://reklamap.pl/powierzchnia-reklamowa/billboardy/dabrowa-gornicza/billboard-6-x-3-m-dabrowa-gornicza-centrum-rondo-188,2026-07-25T06:15:53Z,MOBILE,,
https://reklamap.pl/powierzchnia-reklamowa/billboardy/dabrowa-gornicza/billboard-6-x-3-m-dabrowa-gornicza-cfo-156,NEUTRAL,Strona wykryta – obecnie niezindeksowana,INDEXING_STATE_UNSPECIFIED,ROBOTS_TXT_STATE_UNSPECIFIED,PAGE_FETCH_STATE_UNSPECIFIED,,,,CRAWLING_USER_AGENT_UNSPECIFIED,,
https://reklamap.pl/powierzchnia-reklamowa/billboardy/dabrowa-gornicza/billboard-6-x-3-m-dabrowa-gornicza-ch-pogoria-v-ka-148,PASS,Strona przesłana i zindeksowana,INDEXING_ALLOWED,ALLOWED,SUCCESSFUL,https://reklamap.pl/powierzchnia-reklamowa/billboardy/dabrowa-gornicza/billboard-6-x-3-m-dabrowa-gornicza-ch-pogoria-v-ka-148,https://reklamap.pl/powierzchnia-reklamowa/billboardy/dabrowa-gornicza/billboard-6-x-3-m-dabrowa-gornicza-ch-pogoria-v-ka-148,2026-09-06T23:01:58Z,MOBILE,,
https://reklamap.pl/powierzchnia-reklamowa/billboardy/dabrowa-gornicza/billboard-6-x-3-m-dabrowa-gornicza-damel-149,PASS,Strona przesłana i zindeksowana,INDEXING_ALLOWED,ALLOWED,SUCCESSFUL,https://reklamap.pl/powierzchnia-reklamowa/billboardy/dabrowa-gornicza/billboard-6-x-3-m-dabrowa-gornicza-damel-149,https://reklamap.pl/powierzchnia-reklamowa/billboardy/dabrowa-gornicza/billboard-6-x-3-m-dabrowa-gornicza-damel-149,2026-08-04T04:00:35Z,MOBILE,,
https://reklamap.pl/powierzchnia-reklamowa/billboardy/dabrowa-gornicza/billboard-6-x-3-m-dabrowa-gornicza-golonog-laczna-178,NEUTRAL,Adres URL jest Google nieznany,INDEXING_STATE_UNSPECIFIED,ROBOTS_TXT_STATE_UNSPECIFIED,PAGE_FETCH_STATE_UNSPECIFIED,,,,,,
https://reklamap.pl/powierzchnia-reklamowa/billboardy/dabrowa-gornicza/billboard-6-x-3-m-dabrowa-gornicza-golonog-laczna-179,PASS,Strona przesłana i zindeksowana,INDEXING_ALLOWED,ALLOWED,SUCCESSFUL,https://reklamap.pl/powierzchnia-reklamowa/billboardy/dabrowa-gornicza/billboard-6-x-3-m-dabrowa-gornicza-golonog-laczna-179,https://reklamap.pl/powierzchnia-reklamowa/billboardy/dabrowa-gornicza/billboard-6-x-3-m-dabrowa-gornicza-golonog-laczna-179,2026-08-04T11:28:01Z,MOBILE,,
https://reklamap.pl/powierzchnia-reklamowa/billboardy/dabrowa-gornicza/billboard-6-x-3-m-dabrowa-gornicza-golonog-reden-177,PASS,Strona przesłana i zindeksowana,INDEXING_ALLOWED,ALLOWED,SUCCESSFUL,https://reklamap.pl/powierzchnia-reklamowa/billboardy/dabrowa-gornicza/billboard-6-x-3-m-dabrowa-gornicza-golonog-reden-177,https://reklamap.pl/powierzchnia-reklamowa/billboardy/dabrowa-gornicza/billboard-6-x-3-m-dabrowa-gornicza-golonog-reden-177,2026-09-01T00:01:44Z,MOBILE,,
https://reklamap.pl/powierzchnia-reklamowa/billboardy/dabrowa-gornicza/billboard-6-x-3-m-dabrowa-gornicza-huta-bankowa-151,PASS,Strona przesłana i zindeksowana,INDEXING_ALLOWED,ALLOWED,SUCCESSFUL,https://reklamap.pl/powierzchnia-reklamowa/billboardy/dabrowa-gornicza/billboard-6-x-3-m-dabrowa-gornicza-huta-bankowa-151,https://reklamap.pl/powierzchnia-reklamowa/billboardy/dabrowa-gornicza/billboard-6-x-3-m-dabrowa-gornicza-huta-bankowa-151,2026-07-24T23:57:22Z,MOBILE,,
https://reklamap.pl/powierzchnia-reklamowa/billboardy/dabrowa-gornicza/billboard-6-x-3-m-dabrowa-gornicza-huta-bankowa-154,NEUTRAL,Strona wykryta – obecnie niezindeksowana,INDEXING_STATE_UNSPECIFIED,ROBOTS_TXT_STATE_UNSPECIFIED,PAGE_FETCH_STATE_UNSPECIFIED,,,,CRAWLING_USER_AGENT_UNSPECIFIED,,
https://reklamap.pl/powierzchnia-reklamowa/billboardy/dabrowa-gornicza/billboard-6-x-3-m-dabrowa-gornicza-huta-bankowa-v-ka-147,NEUTRAL,Strona wykryta – obecnie niezindeksowana,INDEXING_STATE_UNSPECIFIED,ROBOTS_TXT_STATE_UNSPECIFIED,PAGE_FETCH_STATE_UNSPECIFIED,,,,CRAWLING_USER_AGENT_UNSPECIFIED,,
https://reklamap.pl/powierzchnia-reklamowa/billboardy/dabrowa-gornicza/billboard-6-x-3-m-dabrowa-gornicza-lark-park-lewa-183,PASS,Strona przesłana i zindeksowana,INDEXING_ALLOWED,ALLOWED,SUCCESSFUL,https://reklamap.pl/powierzchnia-reklamowa/billboardy/dabrowa-gornicza/billboard-6-x-3-m-dabrowa-gornicza-lark-park-lewa-183,https://reklamap.pl/powierzchnia-reklamowa/billboardy/dabrowa-gornicza/billboard-6-x-3-m-dabrowa-gornicza-lark-park-lewa-183,2026-08-03T21:12:20Z,MOBILE,,
https://reklamap.pl/powierzchnia-reklamowa/billboardy/dabrowa-gornicza/billboard-6-x-3-m-dabrowa-gornicza-lark-park-prawa-182,PASS,Strona przesłana i zindeksowana,INDEXING_ALLOWED,ALLOWED,SUCCESSFUL,https://reklamap.pl/powierzchnia-reklamowa/billboardy/dabrowa-gornicza/billboard-6-x-3-m-dabrowa-gornicza-lark-park-prawa-182,https://reklamap.pl/powierzchnia-reklamowa/billboardy/dabrowa-gornicza/billboard-6-x-3-m-dabrowa-gornicza-lark-park-prawa-182,2026-09-01T04:20:03Z,MOBILE,,
https://reklamap.pl/powierzchnia-reklamowa/billboardy/dabrowa-gornicza/billboard-6-x-3-m-dabrowa-gornicza-merkury-150,PASS,Strona przesłana i zindeksowana,INDEXING_ALLOWED,ALLOWED,SUCCESSFUL,https://reklamap.pl/powierzchnia-reklamowa/billboardy/dabrowa-gornicza/billboard-6-x-3-m-dabrowa-gornicza-merkury-150,https://reklamap.pl/powierzchnia-reklamowa/billboardy/dabrowa-gornicza/billboard-6-x-3-m-dabrowa-gornicza-merkury-150,2026-09-04T12:48:42Z,MOBILE,,
https://reklamap.pl/powierzchnia-reklamowa/billboardy/dabrowa-gornicza/billboard-6-x-3-m-dabrowa-gornicza-mydlice-144,PASS,Strona przesłana i zindeksowana,INDEXING_ALLOWED,ALLOWED,SUCCESSFUL,https://reklamap.pl/powierzchnia-reklamowa/billboardy/dabrowa-gornicza/billboard-6-x-3-m-dabrowa-gornicza-mydlice-144,https://reklamap.pl/powierzchnia-reklamowa/billboardy/dabrowa-gornicza/billboard-6-x-3-m-dabrowa-gornicza-mydlice-144,2026-08-04T05:55:19Z,MOBILE,,
https://reklamap.pl/powierzchnia-reklamowa/billboardy/dabrowa-gornicza/billboard-6-x-3-m-dabrowa-gornicza-mydlice-145,NEUTRAL,Adres URL jest Google nieznany,INDEXING_STATE_UNSPECIFIED,ROBOTS_TXT_STATE_UNSPECIFIED,PAGE_FETCH_STATE_UNSPECIFIED,,,,,,
https://reklamap.pl/powierzchnia-reklamowa/billboardy/dabrowa-gornicza/billboard-6-x-3-m-dabrowa-gornicza-mydlice-146,PASS,Strona przesłana i zindeksowana,INDEXING_ALLOWED,ALLOWED,SUCCESSFUL,https://reklamap.pl/powierzchnia-reklamowa/billboardy/dabrowa-gornicza/billboard-6-x-3-m-dabrowa-gornicza-mydlice-146,https://reklamap.pl/powierzchnia-reklamowa/billboardy/dabrowa-gornicza/billboard-6-x-3-m-dabrowa-gornicza-mydlice-146,2026-08-19T20:39:29Z,MOBILE,,
https://reklamap.pl/powierzchnia-reklamowa/billboardy/dabrowa-gornicza/billboard-6-x-3-m-dabrowa-gornicza-mydlice-kaufland-170,NEUTRAL,Strona wykryta – obecnie niezindeksowana,INDEXING_STATE_UNSPECIFIED,ROBOTS_TXT_STATE_UNSPECIFIED,PAGE_FETCH_STATE_UNSPECIFIED,,,,CRAWLING_USER_AGENT_UNSPECIFIED,,
https://reklamap.pl/powierzchnia-reklamowa/billboardy/dabrowa-gornicza/billboard-6-x-3-m-dabrowa-gornicza-mydlice-kaufland-171,PASS,Strona przesłana i zindeksowana,INDEXING_ALLOWED,ALLOWED,SUCCESSFUL,https://reklamap.pl/powierzchnia-reklamowa/billboardy/dabrowa-gornicza/billboard-6-x-3-m-dabrowa-gornicza-mydlice-kaufland-171,https://reklamap.pl/powierzchnia-reklamowa/billboardy/dabrowa-gornicza/billboard-6-x-3-m-dabrowa-gornicza-mydlice-kaufland-171,2026-08-18T21:41:39Z,MOBILE,,
https://reklamap.pl/powierzchnia-reklamowa/billboardy/dabrowa-gornicza/billboard-6-x-3-m-dabrowa-gornicza-myjnia-samochodowa-141,PASS,Strona przesłana i zindeksowana,INDEXING_ALLOWED,ALLOWED,SUCCESSFUL,https://reklamap.pl/powierzchnia-reklamowa/billboardy/dabrowa-gornicza/billboard-6-x-3-m-dabrowa-gornicza-myjnia-samochodowa-141,https://reklamap.pl/powierzchnia-reklamowa/billboardy/dabrowa-gornicza/billboard-6-x-3-m-dabrowa-gornicza-myjnia-samochodowa-141,2026-08-03T20:38:04Z,MOBILE,,
https://reklamap.pl/powierzchnia-reklamowa/billboardy/dabrowa-gornicza/billboard-6-x-3-m-dabrowa-gornicza-pkz-fabryka-175,PASS,Strona przesłana i zindeksowana,INDEXING_ALLOWED,ALLOWED,SUCCESSFUL,https://reklamap.pl/powierzchnia-reklamowa/billboardy/dabrowa-gornicza/billboard-6-x-3-m-dabrowa-gornicza-pkz-fabryka-175,https://reklamap.pl/powierzchnia-reklamowa/billboardy/dabrowa-gornicza/billboard-6-x-3-m-dabrowa-gornicza-pkz-fabryka-175,2026-08-23T10:43:04Z,MOBILE,,
https://reklamap.pl/powierzchnia-reklamowa/billboardy/dabrowa-gornicza/billboard-6-x-3-m-dabrowa-gornicza-pogoria-residence-189,PASS,Strona przesłana i zindeksowana,INDEXING_ALLOWED,ALLOWED,SUCCESSFUL,https://reklamap.pl/powierzchnia-reklamowa/billboardy/dabrowa-gornicza/billboard-6-x-3-m-dabrowa-gornicza-pogoria-residence-189,https://reklamap.pl/powierzchnia-reklamowa/billboardy/dabrowa-gornicza/billboard-6-x-3-m-dabrowa-gornicza-pogoria-residence-189,2026-08-03T16:23:13Z,MOBILE,,
https://reklamap.pl/powierzchnia-reklamowa/billboardy/dabrowa-gornicza/billboard-6-x-3-m-dabrowa-gornicza-pogoria-residence-190,NEUTRAL,Strona wykryta – obecnie niezindeksowana,INDEXING_STATE_UNSPECIFIED,ROBOTS_TXT_STATE_UNSPECIFIED,PAGE_FETCH_STATE_UNSPECIFIED,,,,CRAWLING_USER_AGENT_UNSPECIFIED,,
https://reklamap.pl/powierzchnia-reklamowa/billboardy/dabrowa-gornicza/billboard-6-x-3-m-dabrowa-gornicza-reden-135,NEUTRAL,Adres URL jest Google nieznany,INDEXING_STATE_UNSPECIFIED,ROBOTS_TXT_STATE_UNSPECIFIED,PAGE_FETCH_STATE_UNSPECIFIED,,,,,,
https://reklamap.pl/powierzchnia-reklamowa/billboardy/dabrowa-gornicza/billboard-6-x-3-m-dabrowa-gornicza-reden-140,PASS,Strona przesłana i zindeksowana,INDEXING_ALLOWED,ALLOWED,SUCCESSFUL,https://reklamap.pl/powierzchnia-reklamowa/billboardy/dabrowa-gornicza/billboard-6-x-3-m-dabrowa-gornicza-reden-140,https://reklamap.pl/powierzchnia-reklamowa/billboardy/dabrowa-gornicza/billboard-6-x-3-m-dabrowa-gornicza-reden-140,2026-08-04T05:50:59Z,MOBILE,,
https://reklamap.pl/powierzchnia-reklamowa/billboardy/dabrowa-gornicza/billboard-6-x-3-m-dabrowa-gornicza-reden-142,PASS,Strona przesłana i zindeksowana,INDEXING_ALLOWED,ALLOWED,SUCCESSFUL,https://reklamap.pl/powierzchnia-reklamowa/billboardy/dabrowa-gornicza/billboard-6-x-3-m-dabrowa-gornicza-reden-142,https://reklamap.pl/powierzchnia-reklamowa/billboardy/dabrowa-gornicza/billboard-6-x-3-m-dabrowa-gornicza-reden-142,2026-08-04T03:58:50Z,MOBILE,,
https://reklamap.pl/powierzchnia-reklamowa/billboardy/dabrowa-gornicza/billboard-6-x-3-m-dabrowa-gornicza-reden-157,PASS,Strona przesłana i zindeksowana,INDEXING_ALLOWED,ALLOWED,SUCCESSFUL,https://reklamap.pl/powierzchnia-reklamowa/billboardy/dabrowa-gornicza/billboard-6-x-3-m-dabrowa-gornicza-reden-157,https://reklamap.pl/powierzchnia-reklamowa/billboardy/dabrowa-gornicza/billboard-6-x-3-m-dabrowa-gornicza-reden-157,2026-08-04T05:57:09Z,MOBILE,,
https://reklamap.pl/powierzchnia-reklamowa/billboardy/dabrowa-gornicza/billboard-6-x-3-m-dabrowa-gornicza-reden-158,PASS,Strona przesłana i zindeksowana,INDEXING_ALLOWED,ALLOWED,SUCCESSFUL,https://reklamap.pl/powierzchnia-reklamowa/billboardy/dabrowa-gornicza/billboard-6-x-3-m-dabrowa-gornicza-reden-158,https://reklamap.pl/powierzchnia-reklamowa/billboardy/dabrowa-gornicza/billboard-6-x-3-m-dabrowa-gornicza-reden-158,2026-08-04T05:55:06Z,MOBILE,,
https://reklamap.pl/powierzchnia-reklamowa/billboardy/dabrowa-gornicza/billboard-6-x-3-m-dabrowa-gornicza-reden-159,NEUTRAL,Strona wykryta – obecnie niezindeksowana,INDEXING_STATE_UNSPECIFIED,ROBOTS_TXT_STATE_UNSPECIFIED,PAGE_FETCH_STATE_UNSPECIFIED,,,,CRAWLING_USER_AGENT_UNSPECIFIED,,
https://reklamap.pl/powierzchnia-reklamowa/billboardy/dabrowa-gornicza/billboard-6-x-3-m-dabrowa-gornicza-reden-160,PASS,Strona przesłana i zindeksowana,INDEXING_ALLOWED,ALLOWED,SUCCESSFUL,https://reklamap.pl/powierzchnia-reklamowa/billboardy/dabrowa-gornicza/billboard-6-x-3-m-dabrowa-gornicza-reden-160,https://reklamap.pl/powierzchnia-reklamowa/billboardy/dabrowa-gornicza/billboard-6-x-3-m-dabrowa-gornicza-reden-160,2026-08-04T07:31:34Z,MOBILE,,
https://reklamap.pl/powierzchnia-reklamowa/billboardy/dabrowa-gornicza/billboard-6-x-3-m-dabrowa-gornicza-reden-161,NEUTRAL,Adres URL jest Google nieznany,INDEXING_STATE_UNSPECIFIED,ROBOTS_TXT_STATE_UNSPECIFIED,PAGE_FETCH_STATE_UNSPECIFIED,,,,,,
https://reklamap.pl/powierzchnia-reklamowa/billboardy/dabrowa-gornicza/billboard-6-x-3-m-dabrowa-gornicza-reden-162,NEUTRAL,Adres URL jest Google nieznany,INDEXING_STATE_UNSPECIFIED,ROBOTS_TXT_STATE_UNSPECIFIED,PAGE_FETCH_STATE_UNSPECIFIED,,,,,,
https://reklamap.pl/powierzchnia-reklamowa/billboardy/dabrowa-gornicza/billboard-6-x-3-m-dabrowa-gornicza-reden-163,PASS,Strona przesłana i zindeksowana,INDEXING_ALLOWED,ALLOWED,SUCCESSFUL,https://reklamap.pl/powierzchnia-reklamowa/billboardy/dabrowa-gornicza/billboard-6-x-3-m-dabrowa-gornicza-reden-163,https://reklamap.pl/powierzchnia-reklamowa/billboardy/dabrowa-gornicza/billboard-6-x-3-m-dabrowa-gornicza-reden-163,2026-08-04T16:45:25Z,MOBILE,,
https://reklamap.pl/powierzchnia-reklamowa/billboardy/dabrowa-gornicza/billboard-6-x-3-m-dabrowa-gornicza-reden-164,PASS,Strona przesłana i zindeksowana,INDEXING_ALLOWED,ALLOWED,SUCCESSFUL,https://reklamap.pl/powierzchnia-reklamowa/billboardy/dabrowa-gornicza/billboard-6-x-3-m-dabrowa-gornicza-reden-164,https://reklamap.pl/powierzchnia-reklamowa/billboardy/dabrowa-gornicza/billboard-6-x-3-m-dabrowa-gornicza-reden-164,2026-08-04T05:58:06Z,MOBILE,,
https://reklamap.pl/powierzchnia-reklamowa/billboardy/dabrowa-gornicza/billboard-6-x-3-m-dabrowa-gornicza-reden-165,PASS,Strona przesłana i zindeksowana,INDEXING_ALLOWED,ALLOWED,SUCCESSFUL,https://reklamap.pl/powierzchnia-reklamowa/billboardy/dabrowa-gornicza/billboard-6-x-3-m-dabrowa-gornicza-reden-165,https://reklamap.pl/powierzchnia-reklamowa/billboardy/dabrowa-gornicza/billboard-6-x-3-m-dabrowa-gornicza-reden-165,2026-08-04T04:02:35Z,MOBILE,,
https://reklamap.pl/powierzchnia-reklamowa/billboardy/dabrowa-gornicza/billboard-6-x-3-m-dabrowa-gornicza-reden-166,PASS,Strona przesłana i zindeksowana,INDEXING_ALLOWED,ALLOWED,SUCCESSFUL,https://reklamap.pl/powierzchnia-reklamowa/billboardy/dabrowa-gornicza/billboard-6-x-3-m-dabrowa-gornicza-reden-166,https://reklamap.pl/powierzchnia-reklamowa/billboardy/dabrowa-gornicza/billboard-6-x-3-m-dabrowa-gornicza-reden-166,2026-08-04T05:39:08Z,MOBILE,,
https://reklamap.pl/powierzchnia-reklamowa/billboardy/dabrowa-gornicza/billboard-6-x-3-m-dabrowa-gornicza-strzemieszycezajazd-z-dk94-169,NEUTRAL,Adres URL jest Google nieznany,INDEXING_STATE_UNSPECIFIED,ROBOTS_TXT_STATE_UNSPECIFIED,PAGE_FETCH_STATE_UNSPECIFIED,,,,,,
https://reklamap.pl/powierzchnia-reklamowa/billboardy/dabrowa-gornicza/billboard-6-x-3-m-dabrowa-gornicza-wojska-polskiego-augustynika-174,PASS,Strona przesłana i zindeksowana,INDEXING_ALLOWED,ALLOWED,SUCCESSFUL,https://reklamap.pl/powierzchnia-reklamowa/billboardy/dabrowa-gornicza/billboard-6-x-3-m-dabrowa-gornicza-wojska-polskiego-augustynika-174,https://reklamap.pl/powierzchnia-reklamowa/billboardy/dabrowa-gornicza/billboard-6-x-3-m-dabrowa-gornicza-wojska-polskiego-augustynika-174,2026-08-22T22:48:08Z,MOBILE,,
https://reklamap.pl/powierzchnia-reklamowa/billboardy/dabrowa-gornicza/billboard-6-x-3-m-dabrowa-gornicza-zabkowice-rondo-153,NEUTRAL,Adres URL jest Google nieznany,INDEXING_STATE_UNSPECIFIED,ROBOTS_TXT_STATE_UNSPECIFIED,PAGE_FETCH_STATE_UNSPECIFIED,,,,,,
https://reklamap.pl/powierzchnia-reklamowa/billboardy/dabrowa-gornicza/billboard-6-x-3-m-dabrowa-gornicza-zakawie-przy-tasmociagu-152,PASS,Strona przesłana i zindeksowana,INDEXING_ALLOWED,ALLOWED,SUCCESSFUL,https://reklamap.pl/powierzchnia-reklamowa/billboardy/dabrowa-gornicza/billboard-6-x-3-m-dabrowa-gornicza-zakawie-przy-tasmociagu-152,https://reklamap.pl/powierzchnia-reklamowa/billboardy/dabrowa-gornicza/billboard-6-x-3-m-dabrowa-gornicza-zakawie-przy-tasmociagu-152,2026-08-18T17:59:28Z,MOBILE,,
https://reklamap.pl/powierzchnia-reklamowa/billboardy/dabrowa-gornicza/billboard-6-x-3-m-dabrowa-gornicza-zst-nr-4-technikum-przy-rondzie-191,PASS,Strona przesłana i zindeksowana,INDEXING_ALLOWED,ALLOWED,SUCCESSFUL,https://reklamap.pl/powierzchnia-reklamowa/billboardy/dabrowa-gornicza/billboard-6-x-3-m-dabrowa-gornicza-zst-nr-4-technikum-przy-rondzie-191,https://reklamap.pl/powierzchnia-reklamowa/billboardy/dabrowa-gornicza/billboard-6-x-3-m-dabrowa-gornicza-zst-nr-4-technikum-przy-rondzie-191,2026-08-03T22:17:19Z,MOBILE,,
https://reklamap.pl/powierzchnia-reklamowa/billboardy/debe-wielkie/billboard-w630a-debe-wielkie-kier-minsk-mazowiecki-989,NEUTRAL,Strona wykryta – obecnie niezindeksowana,INDEXING_STATE_UNSPECIFIED,ROBOTS_TXT_STATE_UNSPECIFIED,PAGE_FETCH_STATE_UNSPECIFIED,,,,CRAWLING_USER_AGENT_UNSPECIFIED,,
https://reklamap.pl/powierzchnia-reklamowa/billboardy/duszniki/billboard-duszniki-trasa-nr-8-463,PASS,Strona przesłana i zindeksowana,INDEXING_ALLOWED,ALLOWED,SUCCESSFUL,https://reklamap.pl/powierzchnia-reklamowa/billboardy/duszniki/billboard-duszniki-trasa-nr-8-463,https://reklamap.pl/powierzchnia-reklamowa/billboardy/duszniki/billboard-duszniki-trasa-nr-8-463,2026-07-24T17:48:27Z,MOBILE,,
https://reklamap.pl/powierzchnia-reklamowa/billboardy/duszniki-zdroj/billboard-duszniki-zdroj-duszniki-zdroj-631,NEUTRAL,Adres URL jest Google nieznany,INDEXING_STATE_UNSPECIFIED,ROBOTS_TXT_STATE_UNSPECIFIED,PAGE_FETCH_STATE_UNSPECIFIED,,,,,,
https://reklamap.pl/powierzchnia-reklamowa/billboardy/dzierzoniow/billboard-dzierzoniow-dzierzoniow-batalionow-chlopskich-694,PASS,Strona przesłana i zindeksowana,INDEXING_ALLOWED,ALLOWED,SUCCESSFUL,https://reklamap.pl/powierzchnia-reklamowa/billboardy/dzierzoniow/billboard-dzierzoniow-dzierzoniow-batalionow-chlopskich-694,https://reklamap.pl/powierzchnia-reklamowa/billboardy/dzierzoniow/billboard-dzierzoniow-dzierzoniow-batalionow-chlopskich-694,2026-08-23T04:03:28Z,MOBILE,,
https://reklamap.pl/powierzchnia-reklamowa/billboardy/dzierzoniow/billboard-dzierzoniow-dzierzoniow-batalionow-chlopskich-709,PASS,Strona przesłana i zindeksowana,INDEXING_ALLOWED,ALLOWED,SUCCESSFUL,https://reklamap.pl/powierzchnia-reklamowa/billboardy/dzierzoniow/billboard-dzierzoniow-dzierzoniow-batalionow-chlopskich-709,https://reklamap.pl/powierzchnia-reklamowa/billboardy/dzierzoniow/billboard-dzierzoniow-dzierzoniow-batalionow-chlopskich-709,2026-08-31T02:19:36Z,MOBILE,,
https://reklamap.pl/powierzchnia-reklamowa/billboardy/dzierzoniow/billboard-dzierzoniow-dzierzoniow-dobrocin-707,PASS,Strona przesłana i zindeksowana,INDEXING_ALLOWED,ALLOWED,SUCCESSFUL,https://reklamap.pl/powierzchnia-reklamowa/billboardy/dzierzoniow/billboard-dzierzoniow-dzierzoniow-dobrocin-707,https://reklamap.pl/powierzchnia-reklamowa/billboardy/dzierzoniow/billboard-dzierzoniow-dzierzoniow-dobrocin-707,2026-07-17T18:45:09Z,MOBILE,,
https://reklamap.pl/powierzchnia-reklamowa/billboardy/dzierzoniow/billboard-dzierzoniow-dzierzoniow-kolaczow-693,PASS,Strona przesłana i zindeksowana,INDEXING_ALLOWED,ALLOWED,SUCCESSFUL,https://reklamap.pl/powierzchnia-reklamowa/billboardy/dzierzoniow/billboard-dzierzoniow-dzierzoniow-kolaczow-693,https://reklamap.pl/powierzchnia-reklamowa/billboardy/dzierzoniow/billboard-dzierzoniow-dzierzoniow-kolaczow-693,2026-08-04T11:45:48Z,MOBILE,,
https://reklamap.pl/powierzchnia-reklamowa/billboardy/dzierzoniow/billboard-dzierzoniow-dzierzoniow-kosciuszki-688,PASS,Strona przesłana i zindeksowana,INDEXING_ALLOWED,ALLOWED,SUCCESSFUL,https://reklamap.pl/powierzchnia-reklamowa/billboardy/dzierzoniow/billboard-dzierzoniow-dzierzoniow-kosciuszki-688,https://reklamap.pl/powierzchnia-reklamowa/billboardy/dzierzoniow/billboard-dzierzoniow-dzierzoniow-kosciuszki-688,2026-09-03T05:50:02Z,MOBILE,,
https://reklamap.pl/powierzchnia-reklamowa/billboardy/dzierzoniow/billboard-dzierzoniow-dzierzoniow-kosciuszki-689,PASS,Strona przesłana i zindeksowana,INDEXING_ALLOWED,ALLOWED,SUCCESSFUL,https://reklamap.pl/powierzchnia-reklamowa/billboardy/dzierzoniow/billboard-dzierzoniow-dzierzoniow-kosciuszki-689,https://reklamap.pl/powierzchnia-reklamowa/billboardy/dzierzoniow/billboard-dzierzoniow-dzierzoniow-kosciuszki-689,2026-07-27T03:44:35Z,MOBILE,,
https://reklamap.pl/powierzchnia-reklamowa/billboardy/dzierzoniow/billboard-dzierzoniow-dzierzoniow-kosciuszki-globgranit-691,PASS,Strona przesłana i zindeksowana,INDEXING_ALLOWED,ALLOWED,SUCCESSFUL,https://reklamap.pl/powierzchnia-reklamowa/billboardy/dzierzoniow/billboard-dzierzoniow-dzierzoniow-kosciuszki-globgranit-691,https://reklamap.pl/powierzchnia-reklamowa/billboardy/dzierzoniow/billboard-dzierzoniow-dzierzoniow-kosciuszki-globgranit-691,2026-07-17T19:57:57Z,MOBILE,,
https://reklamap.pl/powierzchnia-reklamowa/billboardy/dzierzoniow/billboard-dzierzoniow-dzierzoniow-miasto-681,PASS,Strona przesłana i zindeksowana,INDEXING_ALLOWED,ALLOWED,SUCCESSFUL,https://reklamap.pl/powierzchnia-reklamowa/billboardy/dzierzoniow/billboard-dzierzoniow-dzierzoniow-miasto-681,https://reklamap.pl/powierzchnia-reklamowa/billboardy/dzierzoniow/billboard-dzierzoniow-dzierzoniow-miasto-681,2026-07-17T20:23:44Z,MOBILE,,
https://reklamap.pl/powierzchnia-reklamowa/billboardy/dzierzoniow/billboard-dzierzoniow-dzierzoniow-miasto-684,PASS,Strona przesłana i zindeksowana,INDEXING_ALLOWED,ALLOWED,SUCCESSFUL,https://reklamap.pl/powierzchnia-reklamowa/billboardy/dzierzoniow/billboard-dzierzoniow-dzierzoniow-miasto-684,https://reklamap.pl/powierzchnia-reklamowa/billboardy/dzierzoniow/billboard-dzierzoniow-dzierzoniow-miasto-684,2026-08-30T19:49:33Z,MOBILE,,
https://reklamap.pl/powierzchnia-reklamowa/billboardy/dzierzoniow/billboard-dzierzoniow-dzierzoniow-miasto-685,PASS,Strona przesłana i zindeksowana,INDEXING_ALLOWED,ALLOWED,SUCCESSFUL,https://reklamap.pl/powierzchnia-reklamowa/billboardy/dzierzoniow/billboard-dzierzoniow-dzierzoniow-miasto-685,https://reklamap.pl/powierzchnia-reklamowa/billboardy/dzierzoniow/billboard-dzierzoniow-dzierzoniow-miasto-685,2026-07-17T17:02:29Z,MOBILE,,
https://reklamap.pl/powierzchnia-reklamowa/billboardy/dzierzoniow/billboard-dzierzoniow-dzierzoniow-miasto-686,PASS,Strona przesłana i zindeksowana,INDEXING_ALLOWED,ALLOWED,SUCCESSFUL,https://reklamap.pl/powierzchnia-reklamowa/billboardy/dzierzoniow/billboard-dzierzoniow-dzierzoniow-miasto-686,https://reklamap.pl/powierzchnia-reklamowa/billboardy/dzierzoniow/billboard-dzierzoniow-dzierzoniow-miasto-686,2026-08-22T18:12:13Z,MOBILE,,
https://reklamap.pl/powierzchnia-reklamowa/billboardy/dzierzoniow/billboard-dzierzoniow-dzierzoniow-miasto-687,PASS,Strona przesłana i zindeksowana,INDEXING_ALLOWED,ALLOWED,SUCCESSFUL,https://reklamap.pl/powierzchnia-reklamowa/billboardy/dzierzoniow/billboard-dzierzoniow-dzierzoniow-miasto-687,https://reklamap.pl/powierzchnia-reklamowa/billboardy/dzierzoniow/billboard-dzierzoniow-dzierzoniow-miasto-687,2026-07-17T16:26:48Z,MOBILE,,
https://reklamap.pl/powierzchnia-reklamowa/billboardy/dzierzoniow/billboard-dzierzoniow-dzierzoniow-nowa-obwodnica-692,PASS,Strona przesłana i zindeksowana,INDEXING_ALLOWED,ALLOWED,SUCCESSFUL,https://reklamap.pl/powierzchnia-reklamowa/billboardy/dzierzoniow/billboard-dzierzoniow-dzierzoniow-nowa-obwodnica-692,https://reklamap.pl/powierzchnia-reklamowa/billboardy/dzierzoniow/billboard-dzierzoniow-dzierzoniow-nowa-obwodnica-692,2026-08-04T08:56:14Z,MOBILE,,
https://reklamap.pl/powierzchnia-reklamowa/billboardy/dzierzoniow/billboard-dzierzoniow-dzierzoniow-od-zabkowic-683,PASS,Strona przesłana i zindeksowana,INDEXING_ALLOWED,ALLOWED,SUCCESSFUL,https://reklamap.pl/powierzchnia-reklamowa/billboardy/dzierzoniow/billboard-dzierzoniow-dzierzoniow-od-zabkowic-683,https://reklamap.pl/powierzchnia-reklamowa/billboardy/dzierzoniow/billboard-dzierzoniow-dzierzoniow-od-zabkowic-683,2026-08-31T23:11:45Z,MOBILE,,
https://reklamap.pl/powierzchnia-reklamowa/billboardy/dzierzoniow/billboard-dzierzoniow-dzierzoniow-ulkosciuszki-globgranit-690,PASS,Strona przesłana i zindeksowana,INDEXING_ALLOWED,ALLOWED,SUCCESSFUL,https://reklamap.pl/powierzchnia-reklamowa/billboardy/dzierzoniow/billboard-dzierzoniow-dzierzoniow-ulkosciuszki-globgranit-690,https://reklamap.pl/powierzchnia-reklamowa/billboardy/dzierzoniow/billboard-dzierzoniow-dzierzoniow-ulkosciuszki-globgranit-690,2026-09-03T21:47:46Z,MOBILE,,
https://reklamap.pl/powierzchnia-reklamowa/billboardy/dzierzoniow/billboard-dzierzoniow-dzierzoniow-wjazd-od-zabkowic-682,PASS,Strona przesłana i zindeksowana,INDEXING_ALLOWED,ALLOWED,SUCCESSFUL,https://reklamap.pl/powierzchnia-reklamowa/billboardy/dzierzoniow/billboard-dzierzoniow-dzierzoniow-wjazd-od-zabkowic-682,https://reklamap.pl/powierzchnia-reklamowa/billboardy/dzierzoniow/billboard-dzierzoniow-dzierzoniow-wjazd-od-zabkowic-682,2026-07-17T19:29:12Z,MOBILE,,
https://reklamap.pl/powierzchnia-reklamowa/billboardy/dzierzoniow/billboard-dzierzoniow-dzierzoniow-zabkowicka-708,PASS,Strona przesłana i zindeksowana,INDEXING_ALLOWED,ALLOWED,SUCCESSFUL,https://reklamap.pl/powierzchnia-reklamowa/billboardy/dzierzoniow/billboard-dzierzoniow-dzierzoniow-zabkowicka-708,https://reklamap.pl/powierzchnia-reklamowa/billboardy/dzierzoniow/billboard-dzierzoniow-dzierzoniow-zabkowicka-708,2026-08-23T05:41:39Z,MOBILE,,
https://reklamap.pl/powierzchnia-reklamowa/billboardy/dzierzoniow-pieszyce/billboard-dzierzoniow-pieszyce-pieszyce-kosciuszki-710,NEUTRAL,Adres URL jest Google nieznany,INDEXING_STATE_UNSPECIFIED,ROBOTS_TXT_STATE_UNSPECIFIED,PAGE_FETCH_STATE_UNSPECIFIED,,,,,,
https://reklamap.pl/powierzchnia-reklamowa/billboardy/dzierzoniow-pieszyce/billboard-dzierzoniow-pieszyce-pieszyce-kosciuszki-711,PASS,Strona przesłana i zindeksowana,INDEXING_ALLOWED,ALLOWED,SUCCESSFUL,https://reklamap.pl/powierzchnia-reklamowa/billboardy/dzierzoniow-pieszyce/billboard-dzierzoniow-pieszyce-pieszyce-kosciuszki-711,https://reklamap.pl/powierzchnia-reklamowa/billboardy/dzierzoniow-pieszyce/billboard-dzierzoniow-pieszyce-pieszyce-kosciuszki-711,2026-07-24T14:50:06Z,MOBILE,,
https://reklamap.pl/powierzchnia-reklamowa/billboardy/glebowice/billboard-glebowice-wadowicka-1080,PASS,Strona przesłana i zindeksowana,INDEXING_ALLOWED,ALLOWED,SUCCESSFUL,https://reklamap.pl/powierzchnia-reklamowa/billboardy/glebowice/billboard-glebowice-wadowicka-1080,https://reklamap.pl/powierzchnia-reklamowa/billboardy/glebowice/billboard-glebowice-wadowicka-1080,2026-08-25T09:35:17Z,MOBILE,,
https://reklamap.pl/powierzchnia-reklamowa/billboardy/glebowice/billboard-glebowice-wadowicka-1082,PASS,Strona przesłana i zindeksowana,INDEXING_ALLOWED,ALLOWED,SUCCESSFUL,https://reklamap.pl/powierzchnia-reklamowa/billboardy/glebowice/billboard-glebowice-wadowicka-1082,https://reklamap.pl/powierzchnia-reklamowa/billboardy/glebowice/billboard-glebowice-wadowicka-1082,2026-08-29T10:36:30Z,MOBILE,,
https://reklamap.pl/powierzchnia-reklamowa/billboardy/glebowice/billboard-glebowice-wadowicka-i2-1081,PASS,Strona przesłana i zindeksowana,INDEXING_ALLOWED,ALLOWED,SUCCESSFUL,https://reklamap.pl/powierzchnia-reklamowa/billboardy/glebowice/billboard-glebowice-wadowicka-i2-1081,https://reklamap.pl/powierzchnia-reklamowa/billboardy/glebowice/billboard-glebowice-wadowicka-i2-1081,2026-09-06T06:31:37Z,MOBILE,,
https://reklamap.pl/powierzchnia-reklamowa/billboardy/gologlowy/billboard-gologlowy-3km-od-klodzka-314,PASS,Strona przesłana i zindeksowana,INDEXING_ALLOWED,ALLOWED,SUCCESSFUL,https://reklamap.pl/powierzchnia-reklamowa/billboardy/gologlowy/billboard-gologlowy-3km-od-klodzka-314,https://reklamap.pl/powierzchnia-reklamowa/billboardy/gologlowy/billboard-gologlowy-3km-od-klodzka-314,2026-08-04T09:44:26Z,MOBILE,,
https://reklamap.pl/powierzchnia-reklamowa/billboardy/gubin/billboard-przy-glownej-trasie-42,NEUTRAL,"Strona zeskanowana, ale jeszcze nie zindeksowana",INDEXING_STATE_UNSPECIFIED,ALLOWED,SUCCESSFUL,,,2026-09-05T18:52:41Z,MOBILE,,
https://reklamap.pl/powierzchnia-reklamowa/billboardy/imielin/billboard-5-04-x-2-38-m-imielin-249,PASS,Strona przesłana i zindeksowana,INDEXING_ALLOWED,ALLOWED,SUCCESSFUL,https://reklamap.pl/powierzchnia-reklamowa/billboardy/imielin/billboard-5-04-x-2-38-m-imielin-249,https://reklamap.pl/powierzchnia-reklamowa/billboardy/imielin/billboard-5-04-x-2-38-m-imielin-249,2026-08-24T08:27:45Z,MOBILE,,
https://reklamap.pl/powierzchnia-reklamowa/billboardy/jablonowo/dwustronny-billboard-36m2-z-oswietleniem-al-krakowska-jablonowo-dk7-warszawa-krakow-997,PASS,Strona przesłana i zindeksowana,INDEXING_ALLOWED,ALLOWED,SUCCESSFUL,https://reklamap.pl/powierzchnia-reklamowa/billboardy/jablonowo/dwustronny-billboard-36m-z-oswietleniem-al-krakowska-jablonowo-dk7-warszawakrakow-997,https://reklamap.pl/powierzchnia-reklamowa/billboardy/jablonowo/dwustronny-billboard-36m2-z-oswietleniem-al-krakowska-jablonowo-dk7-warszawa-krakow-997,2026-08-04T11:07:05Z,MOBILE,,
https://reklamap.pl/powierzchnia-reklamowa/billboardy/jaszkowka/billboard-jaszkowka-jaszkowka-638,NEUTRAL,Strona wykryta – obecnie niezindeksowana,INDEXING_STATE_UNSPECIFIED,ROBOTS_TXT_STATE_UNSPECIFIED,PAGE_FETCH_STATE_UNSPECIFIED,,,,CRAWLING_USER_AGENT_UNSPECIFIED,,
https://reklamap.pl/powierzchnia-reklamowa/billboardy/jaszkowka/billboard-jaszkowka-wyjazd-w-kierunku-klodzka-594,PASS,Strona przesłana i zindeksowana,INDEXING_ALLOWED,ALLOWED,SUCCESSFUL,https://reklamap.pl/powierzchnia-reklamowa/billboardy/jaszkowka/billboard-jaszkowka-wyjazd-w-kierunku-klodzka-594,https://reklamap.pl/powierzchnia-reklamowa/billboardy/jaszkowka/billboard-jaszkowka-wyjazd-w-kierunku-klodzka-594,2026-08-03T20:30:54Z,MOBILE,,
https://reklamap.pl/powierzchnia-reklamowa/billboardy/jaworzno/billboard-5-04-x-2-38-m-jaworzno-235,PASS,Strona przesłana i zindeksowana,INDEXING_ALLOWED,ALLOWED,SUCCESSFUL,https://reklamap.pl/powierzchnia-reklamowa/billboardy/jaworzno/billboard-5-04-x-2-38-m-jaworzno-235,https://reklamap.pl/powierzchnia-reklamowa/billboardy/jaworzno/billboard-5-04-x-2-38-m-jaworzno-235,2026-08-08T08:43:29Z,MOBILE,,
https://reklamap.pl/powierzchnia-reklamowa/billboardy/jaworzno/billboard-5-04-x-2-38-m-jaworzno-239,PASS,Strona przesłana i zindeksowana,INDEXING_ALLOWED,ALLOWED,SUCCESSFUL,https://reklamap.pl/powierzchnia-reklamowa/billboardy/jaworzno/billboard-5-04-x-2-38-m-jaworzno-239,https://reklamap.pl/powierzchnia-reklamowa/billboardy/jaworzno/billboard-5-04-x-2-38-m-jaworzno-239,2026-08-03T20:51:31Z,MOBILE,,
https://reklamap.pl/powierzchnia-reklamowa/billboardy/jaworzno/billboard-5-04-x-2-38-m-jaworzno-240,NEUTRAL,Adres URL jest Google nieznany,INDEXING_STATE_UNSPECIFIED,ROBOTS_TXT_STATE_UNSPECIFIED,PAGE_FETCH_STATE_UNSPECIFIED,,,,,,
https://reklamap.pl/powierzchnia-reklamowa/billboardy/jaworzno/billboard-5-04-x-2-38-m-jaworzno-241,PASS,Strona przesłana i zindeksowana,INDEXING_ALLOWED,ALLOWED,SUCCESSFUL,https://reklamap.pl/powierzchnia-reklamowa/billboardy/jaworzno/billboard-5-04-x-2-38-m-jaworzno-241,https://reklamap.pl/powierzchnia-reklamowa/billboardy/jaworzno/billboard-5-04-x-2-38-m-jaworzno-241,2026-07-25T09:18:42Z,MOBILE,,
https://reklamap.pl/powierzchnia-reklamowa/billboardy/jaworzno/billboard-5-04-x-2-38-m-jaworzno-centrum-ch-galena-237,NEUTRAL,Strona wykryta – obecnie niezindeksowana,INDEXING_STATE_UNSPECIFIED,ROBOTS_TXT_STATE_UNSPECIFIED,PAGE_FETCH_STATE_UNSPECIFIED,,,,CRAWLING_USER_AGENT_UNSPECIFIED,,
https://reklamap.pl/powierzchnia-reklamowa/billboardy/jaworzno/billboard-5-04-x-2-38-m-jaworzno-jelen-238,NEUTRAL,Adres URL jest Google nieznany,INDEXING_STATE_UNSPECIFIED,ROBOTS_TXT_STATE_UNSPECIFIED,PAGE_FETCH_STATE_UNSPECIFIED,,,,,,
https://reklamap.pl/powierzchnia-reklamowa/billboardy/jaworzno/billboard-5-04-x-2-38-m-jaworzno-jelen-rozjazd-236,PASS,Strona przesłana i zindeksowana,INDEXING_ALLOWED,ALLOWED,SUCCESSFUL,https://reklamap.pl/powierzchnia-reklamowa/billboardy/jaworzno/billboard-5-04-x-2-38-m-jaworzno-jelen-rozjazd-236,https://reklamap.pl/powierzchnia-reklamowa/billboardy/jaworzno/billboard-5-04-x-2-38-m-jaworzno-jelen-rozjazd-236,2026-08-03T20:21:45Z,MOBILE,,
https://reklamap.pl/powierzchnia-reklamowa/billboardy/jordanow-slaski/billboard-jordanow-slaski-przy-drodze-krajowej-nr-8-392,PASS,Strona przesłana i zindeksowana,INDEXING_ALLOWED,ALLOWED,SUCCESSFUL,https://reklamap.pl/powierzchnia-reklamowa/billboardy/jordanow-slaski/billboard-jordanow-slaski-przy-drodze-krajowej-nr-8-392,https://reklamap.pl/powierzchnia-reklamowa/billboardy/jordanow-slaski/billboard-jordanow-slaski-przy-drodze-krajowej-nr-8-392,2026-07-18T19:49:41Z,MOBILE,,
https://reklamap.pl/powierzchnia-reklamowa/billboardy/jordanow-slaski/billboard-jordanow-slaski-przy-drodze-krajowej-nr-8-395,PASS,Strona przesłana i zindeksowana,INDEXING_ALLOWED,ALLOWED,SUCCESSFUL,https://reklamap.pl/powierzchnia-reklamowa/billboardy/jordanow-slaski/billboard-jordanow-slaski-przy-drodze-krajowej-nr-8-395,https://reklamap.pl/powierzchnia-reklamowa/billboardy/jordanow-slaski/billboard-jordanow-slaski-przy-drodze-krajowej-nr-8-395,2026-09-04T18:24:49Z,MOBILE,,
https://reklamap.pl/powierzchnia-reklamowa/billboardy/jordanow-slaski/billboard-jordanow-slaski-przy-drodze-krajowej-nr-8-545,PASS,Strona przesłana i zindeksowana,INDEXING_ALLOWED,ALLOWED,SUCCESSFUL,https://reklamap.pl/powierzchnia-reklamowa/billboardy/jordanow-slaski/billboard-jordanow-slaski-przy-drodze-krajowej-nr-8-545,https://reklamap.pl/powierzchnia-reklamowa/billboardy/jordanow-slaski/billboard-jordanow-slaski-przy-drodze-krajowej-nr-8-545,2026-09-01T04:46:31Z,MOBILE,,
https://reklamap.pl/powierzchnia-reklamowa/billboardy/jordanow-slaski/billboard-jordanow-slaski-przy-drodze-krajowej-nr-8-546,PASS,Strona przesłana i zindeksowana,INDEXING_ALLOWED,ALLOWED,SUCCESSFUL,https://reklamap.pl/powierzchnia-reklamowa/billboardy/jordanow-slaski/billboard-jordanow-slaski-przy-drodze-krajowej-nr-8-546,https://reklamap.pl/powierzchnia-reklamowa/billboardy/jordanow-slaski/billboard-jordanow-slaski-przy-drodze-krajowej-nr-8-546,2026-07-18T13:50:28Z,MOBILE,,
https://reklamap.pl/powierzchnia-reklamowa/billboardy/jordanow-slaski/billboard-jordanow-slaski-przy-drodze-krajowej-nr-8-547,PASS,Strona przesłana i zindeksowana,INDEXING_ALLOWED,ALLOWED,SUCCESSFUL,https://reklamap.pl/powierzchnia-reklamowa/billboardy/jordanow-slaski/billboard-jordanow-slaski-przy-drodze-krajowej-nr-8-547,https://reklamap.pl/powierzchnia-reklamowa/billboardy/jordanow-slaski/billboard-jordanow-slaski-przy-drodze-krajowej-nr-8-547,2026-09-07T07:34:36Z,MOBILE,,
https://reklamap.pl/powierzchnia-reklamowa/billboardy/jordanow-slaski/billboard-jordanow-slaski-przy-drodze-krajowej-nr-8-548,PASS,Strona przesłana i zindeksowana,INDEXING_ALLOWED,ALLOWED,SUCCESSFUL,https://reklamap.pl/powierzchnia-reklamowa/billboardy/jordanow-slaski/billboard-jordanow-slaski-przy-drodze-krajowej-nr-8-548,https://reklamap.pl/powierzchnia-reklamowa/billboardy/jordanow-slaski/billboard-jordanow-slaski-przy-drodze-krajowej-nr-8-548,2026-07-18T20:37:58Z,MOBILE,,
https://reklamap.pl/powierzchnia-reklamowa/billboardy/jordanow-slaski/billboard-jordanow-slaski-przy-drodze-krajowej-nr-8-549,PASS,Strona przesłana i zindeksowana,INDEXING_ALLOWED,ALLOWED,SUCCESSFUL,https://reklamap.pl/powierzchnia-reklamowa/billboardy/jordanow-slaski/billboard-jordanow-slaski-przy-drodze-krajowej-nr-8-549,https://reklamap.pl/powierzchnia-reklamowa/billboardy/jordanow-slaski/billboard-jordanow-slaski-przy-drodze-krajowej-nr-8-549,2026-09-03T21:48:17Z,MOBILE,,
https://reklamap.pl/powierzchnia-reklamowa/billboardy/jordanow-slaski/billboard-jordanow-slaski-przy-drodze-krajowej-nr-8-550,PASS,Strona przesłana i zindeksowana,INDEXING_ALLOWED,ALLOWED,SUCCESSFUL,https://reklamap.pl/powierzchnia-reklamowa/billboardy/jordanow-slaski/billboard-jordanow-slaski-przy-drodze-krajowej-nr-8-550,https://reklamap.pl/powierzchnia-reklamowa/billboardy/jordanow-slaski/billboard-jordanow-slaski-przy-drodze-krajowej-nr-8-550,2026-08-03T22:10:11Z,MOBILE,,
https://reklamap.pl/powierzchnia-reklamowa/billboardy/jordanow-slaski/billboard-jordanow-slaski-przy-drodze-krajowej-nr-8-657,PASS,Strona przesłana i zindeksowana,INDEXING_ALLOWED,ALLOWED,SUCCESSFUL,https://reklamap.pl/powierzchnia-reklamowa/billboardy/jordanow-slaski/billboard-jordanow-slaski-przy-drodze-krajowej-nr-8-657,https://reklamap.pl/powierzchnia-reklamowa/billboardy/jordanow-slaski/billboard-jordanow-slaski-przy-drodze-krajowej-nr-8-657,2026-08-26T04:58:35Z,MOBILE,,
https://reklamap.pl/powierzchnia-reklamowa/billboardy/jordanow-slaski/billboard-jordanow-slaski-przy-drodze-krajowej-nr-8-658,PASS,Strona przesłana i zindeksowana,INDEXING_ALLOWED,ALLOWED,SUCCESSFUL,https://reklamap.pl/powierzchnia-reklamowa/billboardy/jordanow-slaski/billboard-jordanow-slaski-przy-drodze-krajowej-nr-8-658,https://reklamap.pl/powierzchnia-reklamowa/billboardy/jordanow-slaski/billboard-jordanow-slaski-przy-drodze-krajowej-nr-8-658,2026-07-18T20:13:35Z,MOBILE,,
https://reklamap.pl/powierzchnia-reklamowa/billboardy/jordanow-slaski/billboard-jordanow-slaski-przy-drodze-krajowej-nr-8-662,PASS,Strona przesłana i zindeksowana,INDEXING_ALLOWED,ALLOWED,SUCCESSFUL,https://reklamap.pl/powierzchnia-reklamowa/billboardy/jordanow-slaski/billboard-jordanow-slaski-przy-drodze-krajowej-nr-8-662,https://reklamap.pl/powierzchnia-reklamowa/billboardy/jordanow-slaski/billboard-jordanow-slaski-przy-drodze-krajowej-nr-8-662,2026-08-31T23:29:32Z,MOBILE,,
https://reklamap.pl/powierzchnia-reklamowa/billboardy/jordanow-slaski/billboard-jordanow-slaski-przy-drodze-krajowej-nr-8-663,PASS,Strona przesłana i zindeksowana,INDEXING_ALLOWED,ALLOWED,SUCCESSFUL,https://reklamap.pl/powierzchnia-reklamowa/billboardy/jordanow-slaski/billboard-jordanow-slaski-przy-drodze-krajowej-nr-8-663,https://reklamap.pl/powierzchnia-reklamowa/billboardy/jordanow-slaski/billboard-jordanow-slaski-przy-drodze-krajowej-nr-8-663,2026-09-01T04:50:09Z,MOBILE,,
https://reklamap.pl/powierzchnia-reklamowa/billboardy/jordanow-slaski/billboard-jordanow-slaski-przy-drodze-krajowej-nr-8-673,PASS,Strona przesłana i zindeksowana,INDEXING_ALLOWED,ALLOWED,SUCCESSFUL,https://reklamap.pl/powierzchnia-reklamowa/billboardy/jordanow-slaski/billboard-jordanow-slaski-przy-drodze-krajowej-nr-8-673,https://reklamap.pl/powierzchnia-reklamowa/billboardy/jordanow-slaski/billboard-jordanow-slaski-przy-drodze-krajowej-nr-8-673,2026-07-18T20:50:25Z,MOBILE,,
https://reklamap.pl/powierzchnia-reklamowa/billboardy/jordanow-slaski/billboard-jordanow-slaski-przy-drodze-krajowej-nr-8-674,PASS,Strona przesłana i zindeksowana,INDEXING_ALLOWED,ALLOWED,SUCCESSFUL,https://reklamap.pl/powierzchnia-reklamowa/billboardy/jordanow-slaski/billboard-jordanow-slaski-przy-drodze-krajowej-nr-8-674,https://reklamap.pl/powierzchnia-reklamowa/billboardy/jordanow-slaski/billboard-jordanow-slaski-przy-drodze-krajowej-nr-8-674,2026-07-18T20:25:31Z,MOBILE,,
https://reklamap.pl/powierzchnia-reklamowa/billboardy/jordanow-slaski/billboard-jordanow-slaski-przy-drodze-krajowej-nr-8-712,PASS,Strona przesłana i zindeksowana,INDEXING_ALLOWED,ALLOWED,SUCCESSFUL,https://reklamap.pl/powierzchnia-reklamowa/billboardy/jordanow-slaski/billboard-jordanow-slaski-przy-drodze-krajowej-nr-8-712,https://reklamap.pl/powierzchnia-reklamowa/billboardy/jordanow-slaski/billboard-jordanow-slaski-przy-drodze-krajowej-nr-8-712,2026-08-31T16:10:07Z,MOBILE,,
https://reklamap.pl/powierzchnia-reklamowa/billboardy/jordanow-slaski/billboard-jordanow-slaski-przy-drodze-krajowej-nr-8-713,PASS,Strona przesłana i zindeksowana,INDEXING_ALLOWED,ALLOWED,SUCCESSFUL,https://reklamap.pl/powierzchnia-reklamowa/billboardy/jordanow-slaski/billboard-jordanow-slaski-przy-drodze-krajowej-nr-8-713,https://reklamap.pl/powierzchnia-reklamowa/billboardy/jordanow-slaski/billboard-jordanow-slaski-przy-drodze-krajowej-nr-8-713,2026-07-18T21:27:45Z,MOBILE,,
https://reklamap.pl/powierzchnia-reklamowa/billboardy/jozefow/billboard-5-04-x-2-38-m-jozefow-kier-jozefowotwock-261,NEUTRAL,Adres URL jest Google nieznany,INDEXING_STATE_UNSPECIFIED,ROBOTS_TXT_STATE_UNSPECIFIED,PAGE_FETCH_STATE_UNSPECIFIED,,,,,,
https://reklamap.pl/powierzchnia-reklamowa/billboardy/jozefow/billboard-5-04-x-2-38-m-jozefow-kier-wilanow-262,NEUTRAL,Adres URL jest Google nieznany,INDEXING_STATE_UNSPECIFIED,ROBOTS_TXT_STATE_UNSPECIFIED,PAGE_FETCH_STATE_UNSPECIFIED,,,,,,
https://reklamap.pl/powierzchnia-reklamowa/billboardy/karczew/billboard-5-04-x-2-38-m-karczew-263,PASS,Strona przesłana i zindeksowana,INDEXING_ALLOWED,ALLOWED,SUCCESSFUL,https://reklamap.pl/powierzchnia-reklamowa/billboardy/karczew/billboard-5-04-x-2-38-m-karczew-263,https://reklamap.pl/powierzchnia-reklamowa/billboardy/karczew/billboard-5-04-x-2-38-m-karczew-263,2026-08-04T05:57:20Z,MOBILE,,
https://reklamap.pl/powierzchnia-reklamowa/billboardy/katowice/billboard-5-04-x-2-38-m-katowice-dab-230,PASS,Strona przesłana i zindeksowana,INDEXING_ALLOWED,ALLOWED,SUCCESSFUL,https://reklamap.pl/powierzchnia-reklamowa/billboardy/katowice/billboard-5-04-x-2-38-m-katowice-dab-230,https://reklamap.pl/powierzchnia-reklamowa/billboardy/katowice/billboard-5-04-x-2-38-m-katowice-dab-230,2026-09-05T20:27:45Z,MOBILE,,
https://reklamap.pl/powierzchnia-reklamowa/billboardy/katowice/billboard-6-x-3-m-katowice-227,NEUTRAL,Adres URL jest Google nieznany,INDEXING_STATE_UNSPECIFIED,ROBOTS_TXT_STATE_UNSPECIFIED,PAGE_FETCH_STATE_UNSPECIFIED,,,,,,
https://reklamap.pl/powierzchnia-reklamowa/billboardy/katowice/billboard-6-x-3-m-katowice-228,NEUTRAL,"Strona zeskanowana, ale jeszcze nie zindeksowana",INDEXING_STATE_UNSPECIFIED,ALLOWED,SUCCESSFUL,,,2026-09-07T01:15:16Z,MOBILE,,
https://reklamap.pl/powierzchnia-reklamowa/billboardy/katowice/billboard-6-x-3-m-katowice-229,PASS,Strona przesłana i zindeksowana,INDEXING_ALLOWED,ALLOWED,SUCCESSFUL,https://reklamap.pl/powierzchnia-reklamowa/billboardy/katowice/billboard-6-x-3-m-katowice-229,https://reklamap.pl/powierzchnia-reklamowa/billboardy/katowice/billboard-6-x-3-m-katowice-229,2026-08-03T15:43:00Z,MOBILE,,
https://reklamap.pl/powierzchnia-reklamowa/billboardy/katowice/billboard-6-x-3-m-katowice-bogucice-225,PASS,Strona przesłana i zindeksowana,INDEXING_ALLOWED,ALLOWED,SUCCESSFUL,https://reklamap.pl/powierzchnia-reklamowa/billboardy/katowice/billboard-6-x-3-m-katowice-bogucice-225,https://reklamap.pl/powierzchnia-reklamowa/billboardy/katowice/billboard-6-x-3-m-katowice-bogucice-225,2026-08-31T22:05:28Z,MOBILE,,
https://reklamap.pl/powierzchnia-reklamowa/billboardy/katowice/billboard-6-x-3-m-katowice-bogucice-226,PASS,Strona przesłana i zindeksowana,INDEXING_ALLOWED,ALLOWED,SUCCESSFUL,https://reklamap.pl/powierzchnia-reklamowa/billboardy/katowice/billboard-6-x-3-m-katowice-bogucice-226,https://reklamap.pl/powierzchnia-reklamowa/billboardy/katowice/billboard-6-x-3-m-katowice-bogucice-226,2026-08-03T15:43:45Z,MOBILE,,
https://reklamap.pl/powierzchnia-reklamowa/billboardy/kielce/1905-roku-kierunek-borki-98,NEUTRAL,Adres URL jest Google nieznany,INDEXING_STATE_UNSPECIFIED,ROBOTS_TXT_STATE_UNSPECIFIED,PAGE_FETCH_STATE_UNSPECIFIED,,,,,,
https://reklamap.pl/powierzchnia-reklamowa/billboardy/klecza-dolna/billboard-klecza-dolna-przy-mlynie-1195,PASS,Strona przesłana i zindeksowana,INDEXING_ALLOWED,ALLOWED,SUCCESSFUL,https://reklamap.pl/powierzchnia-reklamowa/billboardy/klecza-dolna/billboard-klecza-dolna-przy-mlynie-1195,https://reklamap.pl/powierzchnia-reklamowa/billboardy/klecza-dolna/billboard-klecza-dolna-przy-mlynie-1195,2026-08-22T19:35:20Z,MOBILE,,
https://reklamap.pl/powierzchnia-reklamowa/billboardy/klodzko/billboard-klodzko-bierkowice-417,NEUTRAL,Adres URL jest Google nieznany,INDEXING_STATE_UNSPECIFIED,ROBOTS_TXT_STATE_UNSPECIFIED,PAGE_FETCH_STATE_UNSPECIFIED,,,,,,
https://reklamap.pl/powierzchnia-reklamowa/billboardy/klodzko/billboard-klodzko-bierkowice-462,PASS,Strona przesłana i zindeksowana,INDEXING_ALLOWED,ALLOWED,SUCCESSFUL,https://reklamap.pl/powierzchnia-reklamowa/billboardy/klodzko/billboard-klodzko-bierkowice-462,https://reklamap.pl/powierzchnia-reklamowa/billboardy/klodzko/billboard-klodzko-bierkowice-462,2026-08-03T22:15:22Z,MOBILE,,
https://reklamap.pl/powierzchnia-reklamowa/billboardy/klodzko/billboard-klodzko-bierkowice-obok-sklepu-416,NEUTRAL,Strona wykryta – obecnie niezindeksowana,INDEXING_STATE_UNSPECIFIED,ROBOTS_TXT_STATE_UNSPECIFIED,PAGE_FETCH_STATE_UNSPECIFIED,,,,CRAWLING_USER_AGENT_UNSPECIFIED,,
https://reklamap.pl/powierzchnia-reklamowa/billboardy/klodzko/billboard-klodzko-bierkowice-przy-stawach-536,NEUTRAL,Strona wykryta – obecnie niezindeksowana,INDEXING_STATE_UNSPECIFIED,ROBOTS_TXT_STATE_UNSPECIFIED,PAGE_FETCH_STATE_UNSPECIFIED,,,,CRAWLING_USER_AGENT_UNSPECIFIED,,
https://reklamap.pl/powierzchnia-reklamowa/billboardy/klodzko/billboard-klodzko-bierkowice-przy-stawach-537,PASS,Strona przesłana i zindeksowana,INDEXING_ALLOWED,ALLOWED,SUCCESSFUL,https://reklamap.pl/powierzchnia-reklamowa/billboardy/klodzko/billboard-klodzko-bierkowice-przy-stawach-537,https://reklamap.pl/powierzchnia-reklamowa/billboardy/klodzko/billboard-klodzko-bierkowice-przy-stawach-537,2026-08-03T20:42:24Z,MOBILE,,
https://reklamap.pl/powierzchnia-reklamowa/billboardy/klodzko/billboard-klodzko-boguszyn-316,PASS,Strona przesłana i zindeksowana,INDEXING_ALLOWED,ALLOWED,SUCCESSFUL,https://reklamap.pl/powierzchnia-reklamowa/billboardy/klodzko/billboard-klodzko-boguszyn-316,https://reklamap.pl/powierzchnia-reklamowa/billboardy/klodzko/billboard-klodzko-boguszyn-316,2026-08-30T23:31:49Z,MOBILE,,
https://reklamap.pl/powierzchnia-reklamowa/billboardy/klodzko/billboard-klodzko-boguszyn-455,PASS,Strona przesłana i zindeksowana,INDEXING_ALLOWED,ALLOWED,SUCCESSFUL,https://reklamap.pl/powierzchnia-reklamowa/billboardy/klodzko/billboard-klodzko-boguszyn-455,https://reklamap.pl/powierzchnia-reklamowa/billboardy/klodzko/billboard-klodzko-boguszyn-455,2026-07-27T10:01:30Z,MOBILE,,
https://reklamap.pl/powierzchnia-reklamowa/billboardy/klodzko/billboard-klodzko-boguszyn-571,NEUTRAL,Adres URL jest Google nieznany,INDEXING_STATE_UNSPECIFIED,ROBOTS_TXT_STATE_UNSPECIFIED,PAGE_FETCH_STATE_UNSPECIFIED,,,,,,
https://reklamap.pl/powierzchnia-reklamowa/billboardy/klodzko/billboard-klodzko-boguszyn-wjazd-do-klodzka-325,PASS,Strona przesłana i zindeksowana,INDEXING_ALLOWED,ALLOWED,SUCCESSFUL,https://reklamap.pl/powierzchnia-reklamowa/billboardy/klodzko/billboard-klodzko-boguszyn-wjazd-do-klodzka-325,https://reklamap.pl/powierzchnia-reklamowa/billboardy/klodzko/billboard-klodzko-boguszyn-wjazd-do-klodzka-325,2026-08-04T05:03:43Z,MOBILE,,
https://reklamap.pl/powierzchnia-reklamowa/billboardy/klodzko/billboard-klodzko-boguszyn-wjazd-do-klodzka-329,NEUTRAL,Adres URL jest Google nieznany,INDEXING_STATE_UNSPECIFIED,ROBOTS_TXT_STATE_UNSPECIFIED,PAGE_FETCH_STATE_UNSPECIFIED,,,,,,
https://reklamap.pl/powierzchnia-reklamowa/billboardy/klodzko/billboard-klodzko-boguszyn-wjazd-do-klodzka-334,PASS,Strona przesłana i zindeksowana,INDEXING_ALLOWED,ALLOWED,SUCCESSFUL,https://reklamap.pl/powierzchnia-reklamowa/billboardy/klodzko/billboard-klodzko-boguszyn-wjazd-do-klodzka-334,https://reklamap.pl/powierzchnia-reklamowa/billboardy/klodzko/billboard-klodzko-boguszyn-wjazd-do-klodzka-334,2026-08-03T20:40:57Z,MOBILE,,
https://reklamap.pl/powierzchnia-reklamowa/billboardy/klodzko/billboard-klodzko-boguszyn-wjazd-do-klodzka-404,PASS,Strona przesłana i zindeksowana,INDEXING_ALLOWED,ALLOWED,SUCCESSFUL,https://reklamap.pl/powierzchnia-reklamowa/billboardy/klodzko/billboard-klodzko-boguszyn-wjazd-do-klodzka-404,https://reklamap.pl/powierzchnia-reklamowa/billboardy/klodzko/billboard-klodzko-boguszyn-wjazd-do-klodzka-404,2026-08-03T17:42:36Z,MOBILE,,
https://reklamap.pl/powierzchnia-reklamowa/billboardy/klodzko/billboard-klodzko-boguszyn-wjazd-do-klodzka-453,PASS,Strona przesłana i zindeksowana,INDEXING_ALLOWED,ALLOWED,SUCCESSFUL,https://reklamap.pl/powierzchnia-reklamowa/billboardy/klodzko/billboard-klodzko-boguszyn-wjazd-do-klodzka-453,https://reklamap.pl/powierzchnia-reklamowa/billboardy/klodzko/billboard-klodzko-boguszyn-wjazd-do-klodzka-453,2026-08-04T04:58:36Z,MOBILE,,
https://reklamap.pl/powierzchnia-reklamowa/billboardy/klodzko/billboard-klodzko-boguszyn-wjazd-do-klodzka-454,PASS,Strona przesłana i zindeksowana,INDEXING_ALLOWED,ALLOWED,SUCCESSFUL,https://reklamap.pl/powierzchnia-reklamowa/billboardy/klodzko/billboard-klodzko-boguszyn-wjazd-do-klodzka-454,https://reklamap.pl/powierzchnia-reklamowa/billboardy/klodzko/billboard-klodzko-boguszyn-wjazd-do-klodzka-454,2026-08-03T20:37:35Z,MOBILE,,
https://reklamap.pl/powierzchnia-reklamowa/billboardy/klodzko/billboard-klodzko-boguszyn-wjazd-do-klodzko-361,NEUTRAL,Adres URL jest Google nieznany,INDEXING_STATE_UNSPECIFIED,ROBOTS_TXT_STATE_UNSPECIFIED,PAGE_FETCH_STATE_UNSPECIFIED,,,,,,
https://reklamap.pl/powierzchnia-reklamowa/billboardy/klodzko/billboard-klodzko-boguszyn-wjazd-do-klodzko-492,PASS,Strona przesłana i zindeksowana,INDEXING_ALLOWED,ALLOWED,SUCCESSFUL,https://reklamap.pl/powierzchnia-reklamowa/billboardy/klodzko/billboard-klodzko-boguszyn-wjazd-do-klodzko-492,https://reklamap.pl/powierzchnia-reklamowa/billboardy/klodzko/billboard-klodzko-boguszyn-wjazd-do-klodzko-492,2026-08-03T22:40:44Z,MOBILE,,
https://reklamap.pl/powierzchnia-reklamowa/billboardy/klodzko/billboard-klodzko-boguszyn-wyjazd-z-klodzka-335,NEUTRAL,Strona wykryta – obecnie niezindeksowana,INDEXING_STATE_UNSPECIFIED,ROBOTS_TXT_STATE_UNSPECIFIED,PAGE_FETCH_STATE_UNSPECIFIED,,,,CRAWLING_USER_AGENT_UNSPECIFIED,,
https://reklamap.pl/powierzchnia-reklamowa/billboardy/klodzko/billboard-klodzko-boguszyn-wyjazd-z-klodzka-461,PASS,Strona przesłana i zindeksowana,INDEXING_ALLOWED,ALLOWED,SUCCESSFUL,https://reklamap.pl/powierzchnia-reklamowa/billboardy/klodzko/billboard-klodzko-boguszyn-wyjazd-z-klodzka-461,https://reklamap.pl/powierzchnia-reklamowa/billboardy/klodzko/billboard-klodzko-boguszyn-wyjazd-z-klodzka-461,2026-08-03T17:41:44Z,MOBILE,,
https://reklamap.pl/powierzchnia-reklamowa/billboardy/klodzko/billboard-klodzko-boguszyn-za-stacja-orlen-456,PASS,Strona przesłana i zindeksowana,INDEXING_ALLOWED,ALLOWED,SUCCESSFUL,https://reklamap.pl/powierzchnia-reklamowa/billboardy/klodzko/billboard-klodzko-boguszyn-za-stacja-orlen-456,https://reklamap.pl/powierzchnia-reklamowa/billboardy/klodzko/billboard-klodzko-boguszyn-za-stacja-orlen-456,2026-08-04T11:55:22Z,MOBILE,,
https://reklamap.pl/powierzchnia-reklamowa/billboardy/klodzko/billboard-klodzko-boguszyn-za-stacja-orlen-572,PASS,Strona przesłana i zindeksowana,INDEXING_ALLOWED,ALLOWED,SUCCESSFUL,https://reklamap.pl/powierzchnia-reklamowa/billboardy/klodzko/billboard-klodzko-boguszyn-za-stacja-orlen-572,https://reklamap.pl/powierzchnia-reklamowa/billboardy/klodzko/billboard-klodzko-boguszyn-za-stacja-orlen-572,2026-08-04T04:16:34Z,MOBILE,,
https://reklamap.pl/powierzchnia-reklamowa/billboardy/klodzko/billboard-klodzko-centrum-przy-markecie-eleclerc-328,PASS,Strona przesłana i zindeksowana,INDEXING_ALLOWED,ALLOWED,SUCCESSFUL,https://reklamap.pl/powierzchnia-reklamowa/billboardy/klodzko/billboard-klodzko-centrum-przy-markecie-eleclerc-328,https://reklamap.pl/powierzchnia-reklamowa/billboardy/klodzko/billboard-klodzko-centrum-przy-markecie-eleclerc-328,2026-08-24T17:07:35Z,MOBILE,,
https://reklamap.pl/powierzchnia-reklamowa/billboardy/klodzko/billboard-klodzko-centrum-przy-markecie-eleclerc-346,NEUTRAL,Adres URL jest Google nieznany,INDEXING_STATE_UNSPECIFIED,ROBOTS_TXT_STATE_UNSPECIFIED,PAGE_FETCH_STATE_UNSPECIFIED,,,,,,
https://reklamap.pl/powierzchnia-reklamowa/billboardy/klodzko/billboard-klodzko-ch-eleclerc-408,NEUTRAL,Strona wykryta – obecnie niezindeksowana,INDEXING_STATE_UNSPECIFIED,ROBOTS_TXT_STATE_UNSPECIFIED,PAGE_FETCH_STATE_UNSPECIFIED,,,,CRAWLING_USER_AGENT_UNSPECIFIED,,
https://reklamap.pl/powierzchnia-reklamowa/billboardy/klodzko/billboard-klodzko-ch-eleclerc-409,NEUTRAL,Strona wykryta – obecnie niezindeksowana,INDEXING_STATE_UNSPECIFIED,ROBOTS_TXT_STATE_UNSPECIFIED,PAGE_FETCH_STATE_UNSPECIFIED,,,,CRAWLING_USER_AGENT_UNSPECIFIED,,
https://reklamap.pl/powierzchnia-reklamowa/billboardy/klodzko/billboard-klodzko-droga-tranzytowa-ulwarty-493,NEUTRAL,Adres URL jest Google nieznany,INDEXING_STATE_UNSPECIFIED,ROBOTS_TXT_STATE_UNSPECIFIED,PAGE_FETCH_STATE_UNSPECIFIED,,,,,,
https://reklamap.pl/powierzchnia-reklamowa/billboardy/klodzko/billboard-klodzko-droga-tranzytowa-ulwarty-494,PASS,Strona przesłana i zindeksowana,INDEXING_ALLOWED,ALLOWED,SUCCESSFUL,https://reklamap.pl/powierzchnia-reklamowa/billboardy/klodzko/billboard-klodzko-droga-tranzytowa-ulwarty-494,https://reklamap.pl/powierzchnia-reklamowa/billboardy/klodzko/billboard-klodzko-droga-tranzytowa-ulwarty-494,2026-08-04T09:30:32Z,MOBILE,,
https://reklamap.pl/powierzchnia-reklamowa/billboardy/klodzko/billboard-klodzko-jaszkowka-wjazd-od-nysy-368,PASS,Strona przesłana i zindeksowana,INDEXING_ALLOWED,ALLOWED,SUCCESSFUL,https://reklamap.pl/powierzchnia-reklamowa/billboardy/klodzko/billboard-klodzko-jaszkowka-wjazd-od-nysy-368,https://reklamap.pl/powierzchnia-reklamowa/billboardy/klodzko/billboard-klodzko-jaszkowka-wjazd-od-nysy-368,2026-08-03T20:36:10Z,MOBILE,,
https://reklamap.pl/powierzchnia-reklamowa/billboardy/klodzko/billboard-klodzko-jaszkowka-wjazd-od-nysy-508,NEUTRAL,Adres URL jest Google nieznany,INDEXING_STATE_UNSPECIFIED,ROBOTS_TXT_STATE_UNSPECIFIED,PAGE_FETCH_STATE_UNSPECIFIED,,,,,,
https://reklamap.pl/powierzchnia-reklamowa/billboardy/klodzko/billboard-klodzko-jaszkowka-wjazd-od-nysy-563,NEUTRAL,Adres URL jest Google nieznany,INDEXING_STATE_UNSPECIFIED,ROBOTS_TXT_STATE_UNSPECIFIED,PAGE_FETCH_STATE_UNSPECIFIED,,,,,,
https://reklamap.pl/powierzchnia-reklamowa/billboardy/klodzko/billboard-klodzko-klodzko-ul-dusznicka-599,PASS,Strona przesłana i zindeksowana,INDEXING_ALLOWED,ALLOWED,SUCCESSFUL,https://reklamap.pl/powierzchnia-reklamowa/billboardy/klodzko/billboard-klodzko-klodzko-ul-dusznicka-599,https://reklamap.pl/powierzchnia-reklamowa/billboardy/klodzko/billboard-klodzko-klodzko-ul-dusznicka-599,2026-08-04T10:16:18Z,MOBILE,,
https://reklamap.pl/powierzchnia-reklamowa/billboardy/klodzko/billboard-klodzko-klodzko-ul-dusznicka-621,PASS,Strona przesłana i zindeksowana,INDEXING_ALLOWED,ALLOWED,SUCCESSFUL,https://reklamap.pl/powierzchnia-reklamowa/billboardy/klodzko/billboard-klodzko-klodzko-ul-dusznicka-621,https://reklamap.pl/powierzchnia-reklamowa/billboardy/klodzko/billboard-klodzko-klodzko-ul-dusznicka-621,2026-07-18T13:38:51Z,MOBILE,,
https://reklamap.pl/powierzchnia-reklamowa/billboardy/klodzko/billboard-klodzko-klodzko-wyjazd-i-wjazd-do-miasta-639,PASS,Strona przesłana i zindeksowana,INDEXING_ALLOWED,ALLOWED,SUCCESSFUL,https://reklamap.pl/powierzchnia-reklamowa/billboardy/klodzko/billboard-klodzko-klodzko-wyjazd-i-wjazd-do-miasta-639,https://reklamap.pl/powierzchnia-reklamowa/billboardy/klodzko/billboard-klodzko-klodzko-wyjazd-i-wjazd-do-miasta-639,2026-09-04T15:46:50Z,MOBILE,,
https://reklamap.pl/powierzchnia-reklamowa/billboardy/klodzko/billboard-klodzko-kusocinskiego-salus-527,PASS,Strona przesłana i zindeksowana,INDEXING_ALLOWED,ALLOWED,SUCCESSFUL,https://reklamap.pl/powierzchnia-reklamowa/billboardy/klodzko/billboard-klodzko-kusocinskiego-salus-527,https://reklamap.pl/powierzchnia-reklamowa/billboardy/klodzko/billboard-klodzko-kusocinskiego-salus-527,2026-09-07T18:15:10Z,MOBILE,,
https://reklamap.pl/powierzchnia-reklamowa/billboardy/klodzko/billboard-klodzko-kusocinskiego-salus-528,NEUTRAL,Adres URL jest Google nieznany,INDEXING_STATE_UNSPECIFIED,ROBOTS_TXT_STATE_UNSPECIFIED,PAGE_FETCH_STATE_UNSPECIFIED,,,,,,
https://reklamap.pl/powierzchnia-reklamowa/billboardy/klodzko/billboard-klodzko-obok-eleclerc-647,PASS,Strona przesłana i zindeksowana,INDEXING_ALLOWED,ALLOWED,SUCCESSFUL,https://reklamap.pl/powierzchnia-reklamowa/billboardy/klodzko/billboard-klodzko-obok-eleclerc-647,https://reklamap.pl/powierzchnia-reklamowa/billboardy/klodzko/billboard-klodzko-obok-eleclerc-647,2026-08-31T00:20:44Z,MOBILE,,
https://reklamap.pl/powierzchnia-reklamowa/billboardy/klodzko/billboard-klodzko-obok-eleclerc-648,PASS,Strona przesłana i zindeksowana,INDEXING_ALLOWED,ALLOWED,SUCCESSFUL,https://reklamap.pl/powierzchnia-reklamowa/billboardy/klodzko/billboard-klodzko-obok-eleclerc-648,https://reklamap.pl/powierzchnia-reklamowa/billboardy/klodzko/billboard-klodzko-obok-eleclerc-648,2026-08-04T00:55:23Z,MOBILE,,
https://reklamap.pl/powierzchnia-reklamowa/billboardy/klodzko/billboard-klodzko-obwodnica-klodzka-326,PASS,Strona przesłana i zindeksowana,INDEXING_ALLOWED,ALLOWED,SUCCESSFUL,https://reklamap.pl/powierzchnia-reklamowa/billboardy/klodzko/billboard-klodzko-obwodnica-klodzka-326,https://reklamap.pl/powierzchnia-reklamowa/billboardy/klodzko/billboard-klodzko-obwodnica-klodzka-326,2026-08-31T01:28:41Z,MOBILE,,
https://reklamap.pl/powierzchnia-reklamowa/billboardy/klodzko/billboard-klodzko-obwodnica-klodzka-327,NEUTRAL,Adres URL jest Google nieznany,INDEXING_STATE_UNSPECIFIED,ROBOTS_TXT_STATE_UNSPECIFIED,PAGE_FETCH_STATE_UNSPECIFIED,,,,,,
https://reklamap.pl/powierzchnia-reklamowa/billboardy/klodzko/billboard-klodzko-obwodnica-klodzka-362,NEUTRAL,"Strona zeskanowana, ale jeszcze nie zindeksowana",INDEXING_STATE_UNSPECIFIED,ALLOWED,SUCCESSFUL,,,2026-06-22T13:12:15Z,MOBILE,,
https://reklamap.pl/powierzchnia-reklamowa/billboardy/klodzko/billboard-klodzko-obwodnica-klodzka-363,NEUTRAL,Adres URL jest Google nieznany,INDEXING_STATE_UNSPECIFIED,ROBOTS_TXT_STATE_UNSPECIFIED,PAGE_FETCH_STATE_UNSPECIFIED,,,,,,
https://reklamap.pl/powierzchnia-reklamowa/billboardy/klodzko/billboard-klodzko-obwodnica-klodzka-364,PASS,Strona przesłana i zindeksowana,INDEXING_ALLOWED,ALLOWED,SUCCESSFUL,https://reklamap.pl/powierzchnia-reklamowa/billboardy/klodzko/billboard-klodzko-obwodnica-klodzka-364,https://reklamap.pl/powierzchnia-reklamowa/billboardy/klodzko/billboard-klodzko-obwodnica-klodzka-364,2026-07-26T00:45:25Z,MOBILE,,
https://reklamap.pl/powierzchnia-reklamowa/billboardy/klodzko/billboard-klodzko-obwodnica-klodzka-365,PASS,Strona przesłana i zindeksowana,INDEXING_ALLOWED,ALLOWED,SUCCESSFUL,https://reklamap.pl/powierzchnia-reklamowa/billboardy/klodzko/billboard-klodzko-obwodnica-klodzka-365,https://reklamap.pl/powierzchnia-reklamowa/billboardy/klodzko/billboard-klodzko-obwodnica-klodzka-365,2026-08-07T06:36:11Z,MOBILE,,
https://reklamap.pl/powierzchnia-reklamowa/billboardy/klodzko/billboard-klodzko-obwodnica-klodzka-498,NEUTRAL,Adres URL jest Google nieznany,INDEXING_STATE_UNSPECIFIED,ROBOTS_TXT_STATE_UNSPECIFIED,PAGE_FETCH_STATE_UNSPECIFIED,,,,,,
https://reklamap.pl/powierzchnia-reklamowa/billboardy/klodzko/billboard-klodzko-obwodnica-klodzka-499,PASS,Strona przesłana i zindeksowana,INDEXING_ALLOWED,ALLOWED,SUCCESSFUL,https://reklamap.pl/powierzchnia-reklamowa/billboardy/klodzko/billboard-klodzko-obwodnica-klodzka-499,https://reklamap.pl/powierzchnia-reklamowa/billboardy/klodzko/billboard-klodzko-obwodnica-klodzka-499,2026-08-04T11:41:54Z,MOBILE,,
https://reklamap.pl/powierzchnia-reklamowa/billboardy/klodzko/billboard-klodzko-obwodnica-klodzka-501,PASS,Strona przesłana i zindeksowana,INDEXING_ALLOWED,ALLOWED,SUCCESSFUL,https://reklamap.pl/powierzchnia-reklamowa/billboardy/klodzko/billboard-klodzko-obwodnica-klodzka-501,https://reklamap.pl/powierzchnia-reklamowa/billboardy/klodzko/billboard-klodzko-obwodnica-klodzka-501,2026-08-03T16:18:38Z,MOBILE,,
https://reklamap.pl/powierzchnia-reklamowa/billboardy/klodzko/billboard-klodzko-obwodnica-klodzka-600,PASS,Strona przesłana i zindeksowana,INDEXING_ALLOWED,ALLOWED,SUCCESSFUL,https://reklamap.pl/powierzchnia-reklamowa/billboardy/klodzko/billboard-klodzko-obwodnica-klodzka-600,https://reklamap.pl/powierzchnia-reklamowa/billboardy/klodzko/billboard-klodzko-obwodnica-klodzka-600,2026-08-04T11:52:34Z,MOBILE,,
https://reklamap.pl/powierzchnia-reklamowa/billboardy/klodzko/billboard-klodzko-obwodnica-klodzka-601,PASS,Strona przesłana i zindeksowana,INDEXING_ALLOWED,ALLOWED,SUCCESSFUL,https://reklamap.pl/powierzchnia-reklamowa/billboardy/klodzko/billboard-klodzko-obwodnica-klodzka-601,https://reklamap.pl/powierzchnia-reklamowa/billboardy/klodzko/billboard-klodzko-obwodnica-klodzka-601,2026-07-24T11:42:39Z,MOBILE,,
https://reklamap.pl/powierzchnia-reklamowa/billboardy/klodzko/billboard-klodzko-obwodnica-klodzka-629,PASS,Strona przesłana i zindeksowana,INDEXING_ALLOWED,ALLOWED,SUCCESSFUL,https://reklamap.pl/powierzchnia-reklamowa/billboardy/klodzko/billboard-klodzko-obwodnica-klodzka-629,https://reklamap.pl/powierzchnia-reklamowa/billboardy/klodzko/billboard-klodzko-obwodnica-klodzka-629,2026-07-18T12:13:30Z,MOBILE,,
https://reklamap.pl/powierzchnia-reklamowa/billboardy/klodzko/billboard-klodzko-obwodnica-klodzka-630,PASS,Strona przesłana i zindeksowana,INDEXING_ALLOWED,ALLOWED,SUCCESSFUL,https://reklamap.pl/powierzchnia-reklamowa/billboardy/klodzko/billboard-klodzko-obwodnica-klodzka-630,https://reklamap.pl/powierzchnia-reklamowa/billboardy/klodzko/billboard-klodzko-obwodnica-klodzka-630,2026-09-01T00:19:14Z,MOBILE,,
https://reklamap.pl/powierzchnia-reklamowa/billboardy/klodzko/billboard-klodzko-obwodnica-klodzka-przy-galerii-twierdza-471,PASS,Strona przesłana i zindeksowana,INDEXING_ALLOWED,ALLOWED,SUCCESSFUL,https://reklamap.pl/powierzchnia-reklamowa/billboardy/klodzko/billboard-klodzko-obwodnica-klodzka-przy-galerii-twierdza-471,https://reklamap.pl/powierzchnia-reklamowa/billboardy/klodzko/billboard-klodzko-obwodnica-klodzka-przy-galerii-twierdza-471,2026-08-03T18:58:04Z,MOBILE,,
https://reklamap.pl/powierzchnia-reklamowa/billboardy/klodzko/billboard-klodzko-obwodnica-klodzka-przy-galerii-twierdza-472,NEUTRAL,Strona wykryta – obecnie niezindeksowana,INDEXING_STATE_UNSPECIFIED,ROBOTS_TXT_STATE_UNSPECIFIED,PAGE_FETCH_STATE_UNSPECIFIED,,,,CRAWLING_USER_AGENT_UNSPECIFIED,,
https://reklamap.pl/powierzchnia-reklamowa/billboardy/klodzko/billboard-klodzko-obwodnica-klodzka-przy-galerii-twierdza-476,NEUTRAL,Adres URL jest Google nieznany,INDEXING_STATE_UNSPECIFIED,ROBOTS_TXT_STATE_UNSPECIFIED,PAGE_FETCH_STATE_UNSPECIFIED,,,,,,
https://reklamap.pl/powierzchnia-reklamowa/billboardy/klodzko/billboard-klodzko-obwodnica-klodzka-przy-galerii-twierdza-477,PASS,Strona przesłana i zindeksowana,INDEXING_ALLOWED,ALLOWED,SUCCESSFUL,https://reklamap.pl/powierzchnia-reklamowa/billboardy/klodzko/billboard-klodzko-obwodnica-klodzka-przy-galerii-twierdza-477,https://reklamap.pl/powierzchnia-reklamowa/billboardy/klodzko/billboard-klodzko-obwodnica-klodzka-przy-galerii-twierdza-477,2026-08-28T07:26:16Z,MOBILE,,
https://reklamap.pl/powierzchnia-reklamowa/billboardy/klodzko/billboard-klodzko-obwodnica-klodzka-przy-galerii-twierdza-576,NEUTRAL,Adres URL jest Google nieznany,INDEXING_STATE_UNSPECIFIED,ROBOTS_TXT_STATE_UNSPECIFIED,PAGE_FETCH_STATE_UNSPECIFIED,,,,,,
https://reklamap.pl/powierzchnia-reklamowa/billboardy/klodzko/billboard-klodzko-obwodnica-klodzka-przy-galerii-twierdza-628,PASS,Strona przesłana i zindeksowana,INDEXING_ALLOWED,ALLOWED,SUCCESSFUL,https://reklamap.pl/powierzchnia-reklamowa/billboardy/klodzko/billboard-klodzko-obwodnica-klodzka-przy-galerii-twierdza-628,https://reklamap.pl/powierzchnia-reklamowa/billboardy/klodzko/billboard-klodzko-obwodnica-klodzka-przy-galerii-twierdza-628,2026-09-01T03:16:29Z,MOBILE,,
https://reklamap.pl/powierzchnia-reklamowa/billboardy/klodzko/billboard-klodzko-obwodnica-klodzka-ulpilsudskiego-427,NEUTRAL,Strona wykryta – obecnie niezindeksowana,INDEXING_STATE_UNSPECIFIED,ROBOTS_TXT_STATE_UNSPECIFIED,PAGE_FETCH_STATE_UNSPECIFIED,,,,CRAWLING_USER_AGENT_UNSPECIFIED,,
https://reklamap.pl/powierzchnia-reklamowa/billboardy/klodzko/billboard-klodzko-obwodnica-klodzka-ulpilsudskiego-428,PASS,Strona przesłana i zindeksowana,INDEXING_ALLOWED,ALLOWED,SUCCESSFUL,https://reklamap.pl/powierzchnia-reklamowa/billboardy/klodzko/billboard-klodzko-obwodnica-klodzka-ulpilsudskiego-428,https://reklamap.pl/powierzchnia-reklamowa/billboardy/klodzko/billboard-klodzko-obwodnica-klodzka-ulpilsudskiego-428,2026-08-03T17:41:04Z,MOBILE,,
https://reklamap.pl/powierzchnia-reklamowa/billboardy/klodzko/billboard-klodzko-obwodnica-klodzka-ulpilsudskiego-429,PASS,Strona przesłana i zindeksowana,INDEXING_ALLOWED,ALLOWED,SUCCESSFUL,https://reklamap.pl/powierzchnia-reklamowa/billboardy/klodzko/billboard-klodzko-obwodnica-klodzka-ulpilsudskiego-429,https://reklamap.pl/powierzchnia-reklamowa/billboardy/klodzko/billboard-klodzko-obwodnica-klodzka-ulpilsudskiego-429,2026-08-04T11:54:03Z,MOBILE,,
https://reklamap.pl/powierzchnia-reklamowa/billboardy/klodzko/billboard-klodzko-obwodnica-klodzka-ulpilsudskiego-430,NEUTRAL,Adres URL jest Google nieznany,INDEXING_STATE_UNSPECIFIED,ROBOTS_TXT_STATE_UNSPECIFIED,PAGE_FETCH_STATE_UNSPECIFIED,,,,,,
https://reklamap.pl/powierzchnia-reklamowa/billboardy/klodzko/billboard-klodzko-obwodnica-klodzka-ulpilsudskiego-551,NEUTRAL,Strona wykryta – obecnie niezindeksowana,INDEXING_STATE_UNSPECIFIED,ROBOTS_TXT_STATE_UNSPECIFIED,PAGE_FETCH_STATE_UNSPECIFIED,,,,CRAWLING_USER_AGENT_UNSPECIFIED,,
https://reklamap.pl/powierzchnia-reklamowa/billboardy/klodzko/billboard-klodzko-obwodnica-klodzka-ulpilsudskiego-552,PASS,Strona przesłana i zindeksowana,INDEXING_ALLOWED,ALLOWED,SUCCESSFUL,https://reklamap.pl/powierzchnia-reklamowa/billboardy/klodzko/billboard-klodzko-obwodnica-klodzka-ulpilsudskiego-552,https://reklamap.pl/powierzchnia-reklamowa/billboardy/klodzko/billboard-klodzko-obwodnica-klodzka-ulpilsudskiego-552,2026-08-04T04:34:53Z,MOBILE,,
https://reklamap.pl/powierzchnia-reklamowa/billboardy/klodzko/billboard-klodzko-obwodnica-klodzka-ulpilsudskiego-641,PASS,Strona przesłana i zindeksowana,INDEXING_ALLOWED,ALLOWED,SUCCESSFUL,https://reklamap.pl/powierzchnia-reklamowa/billboardy/klodzko/billboard-klodzko-obwodnica-klodzka-ulpilsudskiego-641,https://reklamap.pl/powierzchnia-reklamowa/billboardy/klodzko/billboard-klodzko-obwodnica-klodzka-ulpilsudskiego-641,2026-09-01T02:43:21Z,MOBILE,,
https://reklamap.pl/powierzchnia-reklamowa/billboardy/klodzko/billboard-klodzko-obwodnica-klodzka-ulpilsudskiego-642,PASS,Strona przesłana i zindeksowana,INDEXING_ALLOWED,ALLOWED,SUCCESSFUL,https://reklamap.pl/powierzchnia-reklamowa/billboardy/klodzko/billboard-klodzko-obwodnica-klodzka-ulpilsudskiego-642,https://reklamap.pl/powierzchnia-reklamowa/billboardy/klodzko/billboard-klodzko-obwodnica-klodzka-ulpilsudskiego-642,2026-08-31T23:54:24Z,MOBILE,,
https://reklamap.pl/powierzchnia-reklamowa/billboardy/klodzko/billboard-klodzko-orlen-uldusznicka-321,PASS,Strona przesłana i zindeksowana,INDEXING_ALLOWED,ALLOWED,SUCCESSFUL,https://reklamap.pl/powierzchnia-reklamowa/billboardy/klodzko/billboard-klodzko-orlen-uldusznicka-321,https://reklamap.pl/powierzchnia-reklamowa/billboardy/klodzko/billboard-klodzko-orlen-uldusznicka-321,2026-08-06T04:13:21Z,MOBILE,,
https://reklamap.pl/powierzchnia-reklamowa/billboardy/klodzko/billboard-klodzko-orlen-uldusznicka-322,NEUTRAL,Adres URL jest Google nieznany,INDEXING_STATE_UNSPECIFIED,ROBOTS_TXT_STATE_UNSPECIFIED,PAGE_FETCH_STATE_UNSPECIFIED,,,,,,
https://reklamap.pl/powierzchnia-reklamowa/billboardy/klodzko/billboard-klodzko-orlen-uldusznicka-371,NEUTRAL,Strona wykryta – obecnie niezindeksowana,INDEXING_STATE_UNSPECIFIED,ROBOTS_TXT_STATE_UNSPECIFIED,PAGE_FETCH_STATE_UNSPECIFIED,,,,CRAWLING_USER_AGENT_UNSPECIFIED,,
https://reklamap.pl/powierzchnia-reklamowa/billboardy/klodzko/billboard-klodzko-orlen-uldusznicka-372,PASS,Strona przesłana i zindeksowana,INDEXING_ALLOWED,ALLOWED,SUCCESSFUL,https://reklamap.pl/powierzchnia-reklamowa/billboardy/klodzko/billboard-klodzko-orlen-uldusznicka-372,https://reklamap.pl/powierzchnia-reklamowa/billboardy/klodzko/billboard-klodzko-orlen-uldusznicka-372,2026-08-03T16:18:05Z,MOBILE,,
https://reklamap.pl/powierzchnia-reklamowa/billboardy/klodzko/billboard-klodzko-osiedle-ulwyszynskiego-418,NEUTRAL,Adres URL jest Google nieznany,INDEXING_STATE_UNSPECIFIED,ROBOTS_TXT_STATE_UNSPECIFIED,PAGE_FETCH_STATE_UNSPECIFIED,,,,,,
https://reklamap.pl/powierzchnia-reklamowa/billboardy/klodzko/billboard-klodzko-przy-stacji-lpg-522,NEUTRAL,Strona wykryta – obecnie niezindeksowana,INDEXING_STATE_UNSPECIFIED,ROBOTS_TXT_STATE_UNSPECIFIED,PAGE_FETCH_STATE_UNSPECIFIED,,,,CRAWLING_USER_AGENT_UNSPECIFIED,,
https://reklamap.pl/powierzchnia-reklamowa/billboardy/klodzko/billboard-klodzko-przy-urzedzie-pocztowym-446,NEUTRAL,Strona wykryta – obecnie niezindeksowana,INDEXING_STATE_UNSPECIFIED,ROBOTS_TXT_STATE_UNSPECIFIED,PAGE_FETCH_STATE_UNSPECIFIED,,,,CRAWLING_USER_AGENT_UNSPECIFIED,,
https://reklamap.pl/powierzchnia-reklamowa/billboardy/klodzko/billboard-klodzko-rondo-obok-castoramy-373,NEUTRAL,Adres URL jest Google nieznany,INDEXING_STATE_UNSPECIFIED,ROBOTS_TXT_STATE_UNSPECIFIED,PAGE_FETCH_STATE_UNSPECIFIED,,,,,,
https://reklamap.pl/powierzchnia-reklamowa/billboardy/klodzko/billboard-klodzko-rondo-obok-castoramy-374,NEUTRAL,Adres URL jest Google nieznany,INDEXING_STATE_UNSPECIFIED,ROBOTS_TXT_STATE_UNSPECIFIED,PAGE_FETCH_STATE_UNSPECIFIED,,,,,,
https://reklamap.pl/powierzchnia-reklamowa/billboardy/klodzko/billboard-klodzko-rondo-obok-castoramy-622,PASS,Strona przesłana i zindeksowana,INDEXING_ALLOWED,ALLOWED,SUCCESSFUL,https://reklamap.pl/powierzchnia-reklamowa/billboardy/klodzko/billboard-klodzko-rondo-obok-castoramy-622,https://reklamap.pl/powierzchnia-reklamowa/billboardy/klodzko/billboard-klodzko-rondo-obok-castoramy-622,2026-07-18T10:24:42Z,MOBILE,,
https://reklamap.pl/powierzchnia-reklamowa/billboardy/klodzko/billboard-klodzko-rondo-obok-castoramy-623,PASS,Strona przesłana i zindeksowana,INDEXING_ALLOWED,ALLOWED,SUCCESSFUL,https://reklamap.pl/powierzchnia-reklamowa/billboardy/klodzko/billboard-klodzko-rondo-obok-castoramy-623,https://reklamap.pl/powierzchnia-reklamowa/billboardy/klodzko/billboard-klodzko-rondo-obok-castoramy-623,2026-07-11T06:34:51Z,MOBILE,,
https://reklamap.pl/powierzchnia-reklamowa/billboardy/klodzko/billboard-klodzko-rondo-przy-galerii-twierdza-ulnoworudzka-360,NEUTRAL,Strona wykryta – obecnie niezindeksowana,INDEXING_STATE_UNSPECIFIED,ROBOTS_TXT_STATE_UNSPECIFIED,PAGE_FETCH_STATE_UNSPECIFIED,,,,CRAWLING_USER_AGENT_UNSPECIFIED,,
https://reklamap.pl/powierzchnia-reklamowa/billboardy/klodzko/billboard-klodzko-rondo-przy-galerii-twierdza-ulnoworudzka-367,PASS,Strona przesłana i zindeksowana,INDEXING_ALLOWED,ALLOWED,SUCCESSFUL,https://reklamap.pl/powierzchnia-reklamowa/billboardy/klodzko/billboard-klodzko-rondo-przy-galerii-twierdza-ulnoworudzka-367,https://reklamap.pl/powierzchnia-reklamowa/billboardy/klodzko/billboard-klodzko-rondo-przy-galerii-twierdza-ulnoworudzka-367,2026-08-03T17:40:33Z,MOBILE,,
https://reklamap.pl/powierzchnia-reklamowa/billboardy/klodzko/billboard-klodzko-rondo-przy-galerii-twierdza-ulobjazdowa-354,NEUTRAL,Strona wykryta – obecnie niezindeksowana,INDEXING_STATE_UNSPECIFIED,ROBOTS_TXT_STATE_UNSPECIFIED,PAGE_FETCH_STATE_UNSPECIFIED,,,,CRAWLING_USER_AGENT_UNSPECIFIED,,
https://reklamap.pl/powierzchnia-reklamowa/billboardy/klodzko/billboard-klodzko-rondo-przy-galerii-twierdza-ulobjazdowa-405,NEUTRAL,Strona wykryta – obecnie niezindeksowana,INDEXING_STATE_UNSPECIFIED,ROBOTS_TXT_STATE_UNSPECIFIED,PAGE_FETCH_STATE_UNSPECIFIED,,,,CRAWLING_USER_AGENT_UNSPECIFIED,,
https://reklamap.pl/powierzchnia-reklamowa/billboardy/klodzko/billboard-klodzko-rondo-przy-galerii-twierdza-ulobjazdowa-566,NEUTRAL,Adres URL jest Google nieznany,INDEXING_STATE_UNSPECIFIED,ROBOTS_TXT_STATE_UNSPECIFIED,PAGE_FETCH_STATE_UNSPECIFIED,,,,,,
https://reklamap.pl/powierzchnia-reklamowa/billboardy/klodzko/billboard-klodzko-spoldzielcza-przy-rondzie-643,PASS,Strona przesłana i zindeksowana,INDEXING_ALLOWED,ALLOWED,SUCCESSFUL,https://reklamap.pl/powierzchnia-reklamowa/billboardy/klodzko/billboard-klodzko-spoldzielcza-przy-rondzie-643,https://reklamap.pl/powierzchnia-reklamowa/billboardy/klodzko/billboard-klodzko-spoldzielcza-przy-rondzie-643,2026-08-03T21:11:14Z,MOBILE,,
https://reklamap.pl/powierzchnia-reklamowa/billboardy/klodzko/billboard-klodzko-stacja-lpg-521,PASS,Strona przesłana i zindeksowana,INDEXING_ALLOWED,ALLOWED,SUCCESSFUL,https://reklamap.pl/powierzchnia-reklamowa/billboardy/klodzko/billboard-klodzko-stacja-lpg-521,https://reklamap.pl/powierzchnia-reklamowa/billboardy/klodzko/billboard-klodzko-stacja-lpg-521,2026-08-06T05:29:00Z,MOBILE,,
https://reklamap.pl/powierzchnia-reklamowa/billboardy/klodzko/billboard-klodzko-ul-kosciuszki-412,NEUTRAL,Strona wykryta – obecnie niezindeksowana,INDEXING_STATE_UNSPECIFIED,ROBOTS_TXT_STATE_UNSPECIFIED,PAGE_FETCH_STATE_UNSPECIFIED,,,,CRAWLING_USER_AGENT_UNSPECIFIED,,
https://reklamap.pl/powierzchnia-reklamowa/billboardy/klodzko/billboard-klodzko-ul-kosciuszki-413,NEUTRAL,Strona wykryta – obecnie niezindeksowana,INDEXING_STATE_UNSPECIFIED,ROBOTS_TXT_STATE_UNSPECIFIED,PAGE_FETCH_STATE_UNSPECIFIED,,,,CRAWLING_USER_AGENT_UNSPECIFIED,,
https://reklamap.pl/powierzchnia-reklamowa/billboardy/klodzko/billboard-klodzko-ul-kosciuszki-414,PASS,Strona przesłana i zindeksowana,INDEXING_ALLOWED,ALLOWED,SUCCESSFUL,https://reklamap.pl/powierzchnia-reklamowa/billboardy/klodzko/billboard-klodzko-ul-kosciuszki-414,https://reklamap.pl/powierzchnia-reklamowa/billboardy/klodzko/billboard-klodzko-ul-kosciuszki-414,2026-08-03T20:28:59Z,MOBILE,,
https://reklamap.pl/powierzchnia-reklamowa/billboardy/klodzko/billboard-klodzko-ul-kosciuszki-415,NEUTRAL,Adres URL jest Google nieznany,INDEXING_STATE_UNSPECIFIED,ROBOTS_TXT_STATE_UNSPECIFIED,PAGE_FETCH_STATE_UNSPECIFIED,,,,,,
https://reklamap.pl/powierzchnia-reklamowa/billboardy/klodzko/billboard-klodzko-ul-kosciuszki-449,PASS,Strona przesłana i zindeksowana,INDEXING_ALLOWED,ALLOWED,SUCCESSFUL,https://reklamap.pl/powierzchnia-reklamowa/billboardy/klodzko/billboard-klodzko-ul-kosciuszki-449,https://reklamap.pl/powierzchnia-reklamowa/billboardy/klodzko/billboard-klodzko-ul-kosciuszki-449,2026-08-03T20:49:36Z,MOBILE,,
https://reklamap.pl/powierzchnia-reklamowa/billboardy/klodzko/billboard-klodzko-ul-kosciuszki-450,NEUTRAL,Adres URL jest Google nieznany,INDEXING_STATE_UNSPECIFIED,ROBOTS_TXT_STATE_UNSPECIFIED,PAGE_FETCH_STATE_UNSPECIFIED,,,,,,
https://reklamap.pl/powierzchnia-reklamowa/billboardy/klodzko/billboard-klodzko-ulkosciuszki-523,NEUTRAL,Adres URL jest Google nieznany,INDEXING_STATE_UNSPECIFIED,ROBOTS_TXT_STATE_UNSPECIFIED,PAGE_FETCH_STATE_UNSPECIFIED,,,,,,
https://reklamap.pl/powierzchnia-reklamowa/billboardy/klodzko/billboard-klodzko-ulkosciuszki-524,PASS,Strona przesłana i zindeksowana,INDEXING_ALLOWED,ALLOWED,SUCCESSFUL,https://reklamap.pl/powierzchnia-reklamowa/billboardy/klodzko/billboard-klodzko-ulkosciuszki-524,https://reklamap.pl/powierzchnia-reklamowa/billboardy/klodzko/billboard-klodzko-ulkosciuszki-524,2026-07-25T20:27:13Z,MOBILE,,
https://reklamap.pl/powierzchnia-reklamowa/billboardy/klodzko/billboard-klodzko-ulkosciuszki-525,PASS,Strona przesłana i zindeksowana,INDEXING_ALLOWED,ALLOWED,SUCCESSFUL,https://reklamap.pl/powierzchnia-reklamowa/billboardy/klodzko/billboard-klodzko-ulkosciuszki-525,https://reklamap.pl/powierzchnia-reklamowa/billboardy/klodzko/billboard-klodzko-ulkosciuszki-525,2026-08-03T22:11:12Z,MOBILE,,
https://reklamap.pl/powierzchnia-reklamowa/billboardy/klodzko/billboard-klodzko-ulkosciuszki-526,PASS,Strona przesłana i zindeksowana,INDEXING_ALLOWED,ALLOWED,SUCCESSFUL,https://reklamap.pl/powierzchnia-reklamowa/billboardy/klodzko/billboard-klodzko-ulkosciuszki-526,https://reklamap.pl/powierzchnia-reklamowa/billboardy/klodzko/billboard-klodzko-ulkosciuszki-526,2026-08-03T16:50:13Z,MOBILE,,
https://reklamap.pl/powierzchnia-reklamowa/billboardy/klodzko/billboard-klodzko-ul-letnia-669,PASS,Strona przesłana i zindeksowana,INDEXING_ALLOWED,ALLOWED,SUCCESSFUL,https://reklamap.pl/powierzchnia-reklamowa/billboardy/klodzko/billboard-klodzko-ul-letnia-669,https://reklamap.pl/powierzchnia-reklamowa/billboardy/klodzko/billboard-klodzko-ul-letnia-669,2026-08-03T20:33:45Z,MOBILE,,
https://reklamap.pl/powierzchnia-reklamowa/billboardy/klodzko/billboard-klodzko-ul-letnia-670,PASS,Strona przesłana i zindeksowana,INDEXING_ALLOWED,ALLOWED,SUCCESSFUL,https://reklamap.pl/powierzchnia-reklamowa/billboardy/klodzko/billboard-klodzko-ul-letnia-670,https://reklamap.pl/powierzchnia-reklamowa/billboardy/klodzko/billboard-klodzko-ul-letnia-670,2026-07-18T13:17:26Z,MOBILE,,
https://reklamap.pl/powierzchnia-reklamowa/billboardy/klodzko/billboard-klodzko-ul-noworudzka-330,PASS,Strona przesłana i zindeksowana,INDEXING_ALLOWED,ALLOWED,SUCCESSFUL,https://reklamap.pl/powierzchnia-reklamowa/billboardy/klodzko/billboard-klodzko-ul-noworudzka-330,https://reklamap.pl/powierzchnia-reklamowa/billboardy/klodzko/billboard-klodzko-ul-noworudzka-330,2026-07-24T16:21:36Z,MOBILE,,
https://reklamap.pl/powierzchnia-reklamowa/billboardy/klodzko/billboard-klodzko-ul-noworudzka-331,PASS,Strona przesłana i zindeksowana,INDEXING_ALLOWED,ALLOWED,SUCCESSFUL,https://reklamap.pl/powierzchnia-reklamowa/billboardy/klodzko/billboard-klodzko-ul-noworudzka-331,https://reklamap.pl/powierzchnia-reklamowa/billboardy/klodzko/billboard-klodzko-ul-noworudzka-331,2026-08-03T20:23:14Z,MOBILE,,
https://reklamap.pl/powierzchnia-reklamowa/billboardy/klodzko/billboard-klodzko-ul-noworudzka-339,PASS,Strona przesłana i zindeksowana,INDEXING_ALLOWED,ALLOWED,SUCCESSFUL,https://reklamap.pl/powierzchnia-reklamowa/billboardy/klodzko/billboard-klodzko-ul-noworudzka-339,https://reklamap.pl/powierzchnia-reklamowa/billboardy/klodzko/billboard-klodzko-ul-noworudzka-339,2026-08-03T20:51:02Z,MOBILE,,
https://reklamap.pl/powierzchnia-reklamowa/billboardy/klodzko/billboard-klodzko-ul-noworudzka-340,PASS,Strona przesłana i zindeksowana,INDEXING_ALLOWED,ALLOWED,SUCCESSFUL,https://reklamap.pl/powierzchnia-reklamowa/billboardy/klodzko/billboard-klodzko-ul-noworudzka-340,https://reklamap.pl/powierzchnia-reklamowa/billboardy/klodzko/billboard-klodzko-ul-noworudzka-340,2026-08-04T02:18:13Z,MOBILE,,
https://reklamap.pl/powierzchnia-reklamowa/billboardy/klodzko/billboard-klodzko-ulnoworudzka-341,NEUTRAL,Adres URL jest Google nieznany,INDEXING_STATE_UNSPECIFIED,ROBOTS_TXT_STATE_UNSPECIFIED,PAGE_FETCH_STATE_UNSPECIFIED,,,,,,
https://reklamap.pl/powierzchnia-reklamowa/billboardy/klodzko/billboard-klodzko-ulnoworudzka-342,NEUTRAL,"Strona zeskanowana, ale jeszcze nie zindeksowana",INDEXING_STATE_UNSPECIFIED,ALLOWED,SUCCESSFUL,,,2026-06-22T13:10:11Z,MOBILE,,
https://reklamap.pl/powierzchnia-reklamowa/billboardy/klodzko/billboard-klodzko-ulnoworudzka-343,NEUTRAL,Strona wykryta – obecnie niezindeksowana,INDEXING_STATE_UNSPECIFIED,ROBOTS_TXT_STATE_UNSPECIFIED,PAGE_FETCH_STATE_UNSPECIFIED,,,,CRAWLING_USER_AGENT_UNSPECIFIED,,
https://reklamap.pl/powierzchnia-reklamowa/billboardy/klodzko/billboard-klodzko-ul-noworudzka-369,PASS,Strona przesłana i zindeksowana,INDEXING_ALLOWED,ALLOWED,SUCCESSFUL,https://reklamap.pl/powierzchnia-reklamowa/billboardy/klodzko/billboard-klodzko-ul-noworudzka-369,https://reklamap.pl/powierzchnia-reklamowa/billboardy/klodzko/billboard-klodzko-ul-noworudzka-369,2026-08-04T00:17:54Z,MOBILE,,
https://reklamap.pl/powierzchnia-reklamowa/billboardy/klodzko/billboard-klodzko-ul-noworudzka-370,PASS,Strona przesłana i zindeksowana,INDEXING_ALLOWED,ALLOWED,SUCCESSFUL,https://reklamap.pl/powierzchnia-reklamowa/billboardy/klodzko/billboard-klodzko-ul-noworudzka-370,https://reklamap.pl/powierzchnia-reklamowa/billboardy/klodzko/billboard-klodzko-ul-noworudzka-370,2026-08-04T00:18:59Z,MOBILE,,
https://reklamap.pl/powierzchnia-reklamowa/billboardy/klodzko/billboard-klodzko-ulnoworudzka-400,NEUTRAL,Strona wykryta – obecnie niezindeksowana,INDEXING_STATE_UNSPECIFIED,ROBOTS_TXT_STATE_UNSPECIFIED,PAGE_FETCH_STATE_UNSPECIFIED,,,,CRAWLING_USER_AGENT_UNSPECIFIED,,
https://reklamap.pl/powierzchnia-reklamowa/billboardy/klodzko/billboard-klodzko-ulnoworudzka-401,PASS,Strona przesłana i zindeksowana,INDEXING_ALLOWED,ALLOWED,SUCCESSFUL,https://reklamap.pl/powierzchnia-reklamowa/billboardy/klodzko/billboard-klodzko-ulnoworudzka-401,https://reklamap.pl/powierzchnia-reklamowa/billboardy/klodzko/billboard-klodzko-ulnoworudzka-401,2026-08-03T18:16:20Z,MOBILE,,
https://reklamap.pl/powierzchnia-reklamowa/billboardy/klodzko/billboard-klodzko-ulnoworudzka-402,PASS,Strona przesłana i zindeksowana,INDEXING_ALLOWED,ALLOWED,SUCCESSFUL,https://reklamap.pl/powierzchnia-reklamowa/billboardy/klodzko/billboard-klodzko-ulnoworudzka-402,https://reklamap.pl/powierzchnia-reklamowa/billboardy/klodzko/billboard-klodzko-ulnoworudzka-402,2026-08-04T11:43:39Z,MOBILE,,
https://reklamap.pl/powierzchnia-reklamowa/billboardy/klodzko/billboard-klodzko-ulnoworudzka-403,NEUTRAL,Adres URL jest Google nieznany,INDEXING_STATE_UNSPECIFIED,ROBOTS_TXT_STATE_UNSPECIFIED,PAGE_FETCH_STATE_UNSPECIFIED,,,,,,
https://reklamap.pl/powierzchnia-reklamowa/billboardy/klodzko/billboard-klodzko-ulnoworudzka-407,NEUTRAL,Adres URL jest Google nieznany,INDEXING_STATE_UNSPECIFIED,ROBOTS_TXT_STATE_UNSPECIFIED,PAGE_FETCH_STATE_UNSPECIFIED,,,,,,
https://reklamap.pl/powierzchnia-reklamowa/billboardy/klodzko/billboard-klodzko-ul-noworudzka-649,PASS,Strona przesłana i zindeksowana,INDEXING_ALLOWED,ALLOWED,SUCCESSFUL,https://reklamap.pl/powierzchnia-reklamowa/billboardy/klodzko/billboard-klodzko-ul-noworudzka-649,https://reklamap.pl/powierzchnia-reklamowa/billboardy/klodzko/billboard-klodzko-ul-noworudzka-649,2026-09-04T13:25:33Z,MOBILE,,
https://reklamap.pl/powierzchnia-reklamowa/billboardy/klodzko/billboard-klodzko-ul-noworudzka-650,PASS,Strona przesłana i zindeksowana,INDEXING_ALLOWED,ALLOWED,SUCCESSFUL,https://reklamap.pl/powierzchnia-reklamowa/billboardy/klodzko/billboard-klodzko-ul-noworudzka-650,https://reklamap.pl/powierzchnia-reklamowa/billboardy/klodzko/billboard-klodzko-ul-noworudzka-650,2026-08-04T06:44:44Z,MOBILE,,
https://reklamap.pl/powierzchnia-reklamowa/billboardy/klodzko/billboard-klodzko-ul-noworudzka-kier-centrum-607,PASS,Strona przesłana i zindeksowana,INDEXING_ALLOWED,ALLOWED,SUCCESSFUL,https://reklamap.pl/powierzchnia-reklamowa/billboardy/klodzko/billboard-klodzko-ul-noworudzka-kier-centrum-607,https://reklamap.pl/powierzchnia-reklamowa/billboardy/klodzko/billboard-klodzko-ul-noworudzka-kier-centrum-607,2026-09-08T05:58:05Z,MOBILE,,
https://reklamap.pl/powierzchnia-reklamowa/billboardy/klodzko/billboard-klodzko-ul-noworudzka-kier-centrum-609,NEUTRAL,Strona wykryta – obecnie niezindeksowana,INDEXING_STATE_UNSPECIFIED,ROBOTS_TXT_STATE_UNSPECIFIED,PAGE_FETCH_STATE_UNSPECIFIED,,,,CRAWLING_USER_AGENT_UNSPECIFIED,,
https://reklamap.pl/powierzchnia-reklamowa/billboardy/klodzko/billboard-klodzko-ul-noworudzka-kier-centrum-611,PASS,Strona przesłana i zindeksowana,INDEXING_ALLOWED,ALLOWED,SUCCESSFUL,https://reklamap.pl/powierzchnia-reklamowa/billboardy/klodzko/billboard-klodzko-ul-noworudzka-kier-centrum-611,https://reklamap.pl/powierzchnia-reklamowa/billboardy/klodzko/billboard-klodzko-ul-noworudzka-kier-centrum-611,2026-08-04T00:55:24Z,MOBILE,,
https://reklamap.pl/powierzchnia-reklamowa/billboardy/klodzko/billboard-klodzko-ul-noworudzka-kier-centrum-613,NEUTRAL,Adres URL jest Google nieznany,INDEXING_STATE_UNSPECIFIED,ROBOTS_TXT_STATE_UNSPECIFIED,PAGE_FETCH_STATE_UNSPECIFIED,,,,,,
https://reklamap.pl/powierzchnia-reklamowa/billboardy/klodzko/billboard-klodzko-ul-noworudzka-kier-galeria-twierdza-606,PASS,Strona przesłana i zindeksowana,INDEXING_ALLOWED,ALLOWED,SUCCESSFUL,https://reklamap.pl/powierzchnia-reklamowa/billboardy/klodzko/billboard-klodzko-ul-noworudzka-kier-galeria-twierdza-606,https://reklamap.pl/powierzchnia-reklamowa/billboardy/klodzko/billboard-klodzko-ul-noworudzka-kier-galeria-twierdza-606,2026-08-04T05:22:44Z,MOBILE,,
https://reklamap.pl/powierzchnia-reklamowa/billboardy/klodzko/billboard-klodzko-ul-noworudzka-kier-galeria-twierdza-608,NEUTRAL,"Strona zeskanowana, ale jeszcze nie zindeksowana",INDEXING_STATE_UNSPECIFIED,ALLOWED,SUCCESSFUL,,,2026-09-07T01:13:08Z,MOBILE,,
https://reklamap.pl/powierzchnia-reklamowa/billboardy/klodzko/billboard-klodzko-ul-noworudzka-kier-galeria-twierdza-610,PASS,Strona przesłana i zindeksowana,INDEXING_ALLOWED,ALLOWED,SUCCESSFUL,https://reklamap.pl/powierzchnia-reklamowa/billboardy/klodzko/billboard-klodzko-ul-noworudzka-kier-galeria-twierdza-610,https://reklamap.pl/powierzchnia-reklamowa/billboardy/klodzko/billboard-klodzko-ul-noworudzka-kier-galeria-twierdza-610,2026-09-01T02:45:07Z,MOBILE,,
https://reklamap.pl/powierzchnia-reklamowa/billboardy/klodzko/billboard-klodzko-ul-noworudzka-kier-galeria-twierdza-612,PASS,Strona przesłana i zindeksowana,INDEXING_ALLOWED,ALLOWED,SUCCESSFUL,https://reklamap.pl/powierzchnia-reklamowa/billboardy/klodzko/billboard-klodzko-ul-noworudzka-kier-galeria-twierdza-612,https://reklamap.pl/powierzchnia-reklamowa/billboardy/klodzko/billboard-klodzko-ul-noworudzka-kier-galeria-twierdza-612,2026-07-18T13:12:04Z,MOBILE,,
https://reklamap.pl/powierzchnia-reklamowa/billboardy/klodzko/billboard-klodzko-ul-noworudzka-stacja-lpg-519,NEUTRAL,Adres URL jest Google nieznany,INDEXING_STATE_UNSPECIFIED,ROBOTS_TXT_STATE_UNSPECIFIED,PAGE_FETCH_STATE_UNSPECIFIED,,,,,,
https://reklamap.pl/powierzchnia-reklamowa/billboardy/klodzko/billboard-klodzko-ul-noworudzka-stacja-lpg-520,NEUTRAL,Adres URL jest Google nieznany,INDEXING_STATE_UNSPECIFIED,ROBOTS_TXT_STATE_UNSPECIFIED,PAGE_FETCH_STATE_UNSPECIFIED,,,,,,
https://reklamap.pl/powierzchnia-reklamowa/billboardy/klodzko/billboard-klodzko-ulobjazdowa-513,PASS,Strona przesłana i zindeksowana,INDEXING_ALLOWED,ALLOWED,SUCCESSFUL,https://reklamap.pl/powierzchnia-reklamowa/billboardy/klodzko/billboard-klodzko-ulobjazdowa-513,https://reklamap.pl/powierzchnia-reklamowa/billboardy/klodzko/billboard-klodzko-ulobjazdowa-513,2026-08-18T18:27:20Z,MOBILE,,
https://reklamap.pl/powierzchnia-reklamowa/billboardy/klodzko/billboard-klodzko-ulobjazdowa-514,PASS,Strona przesłana i zindeksowana,INDEXING_ALLOWED,ALLOWED,SUCCESSFUL,https://reklamap.pl/powierzchnia-reklamowa/billboardy/klodzko/billboard-klodzko-ulobjazdowa-514,https://reklamap.pl/powierzchnia-reklamowa/billboardy/klodzko/billboard-klodzko-ulobjazdowa-514,2026-08-31T17:10:11Z,MOBILE,,
https://reklamap.pl/powierzchnia-reklamowa/billboardy/klodzko/billboard-klodzko-ulobjazdowa-kpm-meble-511,PASS,Strona przesłana i zindeksowana,INDEXING_ALLOWED,ALLOWED,SUCCESSFUL,https://reklamap.pl/powierzchnia-reklamowa/billboardy/klodzko/billboard-klodzko-ulobjazdowa-kpm-meble-511,https://reklamap.pl/powierzchnia-reklamowa/billboardy/klodzko/billboard-klodzko-ulobjazdowa-kpm-meble-511,2026-09-01T01:33:35Z,MOBILE,,
https://reklamap.pl/powierzchnia-reklamowa/billboardy/klodzko/billboard-klodzko-ulobjazdowa-kpm-meble-512,PASS,Strona przesłana i zindeksowana,INDEXING_ALLOWED,ALLOWED,SUCCESSFUL,https://reklamap.pl/powierzchnia-reklamowa/billboardy/klodzko/billboard-klodzko-ulobjazdowa-kpm-meble-512,https://reklamap.pl/powierzchnia-reklamowa/billboardy/klodzko/billboard-klodzko-ulobjazdowa-kpm-meble-512,2026-08-03T20:09:35Z,MOBILE,,
https://reklamap.pl/powierzchnia-reklamowa/billboardy/klodzko/billboard-klodzko-ulobjazdowa-mala-twierdza-515,NEUTRAL,Strona wykryta – obecnie niezindeksowana,INDEXING_STATE_UNSPECIFIED,ROBOTS_TXT_STATE_UNSPECIFIED,PAGE_FETCH_STATE_UNSPECIFIED,,,,CRAWLING_USER_AGENT_UNSPECIFIED,,
https://reklamap.pl/powierzchnia-reklamowa/billboardy/klodzko/billboard-klodzko-ulobjazdowa-obok-agrolu-396,NEUTRAL,Adres URL jest Google nieznany,INDEXING_STATE_UNSPECIFIED,ROBOTS_TXT_STATE_UNSPECIFIED,PAGE_FETCH_STATE_UNSPECIFIED,,,,,,
https://reklamap.pl/powierzchnia-reklamowa/billboardy/klodzko/billboard-klodzko-ulobjazdowa-obok-agrolu-397,PASS,Strona przesłana i zindeksowana,INDEXING_ALLOWED,ALLOWED,SUCCESSFUL,https://reklamap.pl/powierzchnia-reklamowa/billboardy/klodzko/billboard-klodzko-ulobjazdowa-obok-agrolu-397,https://reklamap.pl/powierzchnia-reklamowa/billboardy/klodzko/billboard-klodzko-ulobjazdowa-obok-agrolu-397,2026-08-03T20:50:33Z,MOBILE,,
https://reklamap.pl/powierzchnia-reklamowa/billboardy/klodzko/billboard-klodzko-ulobjazdowa-przed-agrolem-448,PASS,Strona przesłana i zindeksowana,INDEXING_ALLOWED,ALLOWED,SUCCESSFUL,https://reklamap.pl/powierzchnia-reklamowa/billboardy/klodzko/billboard-klodzko-ulobjazdowa-przed-agrolem-448,https://reklamap.pl/powierzchnia-reklamowa/billboardy/klodzko/billboard-klodzko-ulobjazdowa-przed-agrolem-448,2026-08-27T05:40:17Z,MOBILE,,
https://reklamap.pl/powierzchnia-reklamowa/billboardy/klodzko/billboard-klodzko-ulobjazdowa-za-agrolem-447,PASS,Strona przesłana i zindeksowana,INDEXING_ALLOWED,ALLOWED,SUCCESSFUL,https://reklamap.pl/powierzchnia-reklamowa/billboardy/klodzko/billboard-klodzko-ulobjazdowa-za-agrolem-447,https://reklamap.pl/powierzchnia-reklamowa/billboardy/klodzko/billboard-klodzko-ulobjazdowa-za-agrolem-447,2026-07-27T03:03:46Z,MOBILE,,
https://reklamap.pl/powierzchnia-reklamowa/billboardy/klodzko/billboard-klodzko-ulpolabska-538,PASS,Strona przesłana i zindeksowana,INDEXING_ALLOWED,ALLOWED,SUCCESSFUL,https://reklamap.pl/powierzchnia-reklamowa/billboardy/klodzko/billboard-klodzko-ulpolabska-538,https://reklamap.pl/powierzchnia-reklamowa/billboardy/klodzko/billboard-klodzko-ulpolabska-538,2026-08-04T04:37:22Z,MOBILE,,
https://reklamap.pl/powierzchnia-reklamowa/billboardy/klodzko/billboard-klodzko-ulpolabska-539,NEUTRAL,Adres URL jest Google nieznany,INDEXING_STATE_UNSPECIFIED,ROBOTS_TXT_STATE_UNSPECIFIED,PAGE_FETCH_STATE_UNSPECIFIED,,,,,,
https://reklamap.pl/powierzchnia-reklamowa/billboardy/klodzko/billboard-klodzko-ulpolabska-540,NEUTRAL,Adres URL jest Google nieznany,INDEXING_STATE_UNSPECIFIED,ROBOTS_TXT_STATE_UNSPECIFIED,PAGE_FETCH_STATE_UNSPECIFIED,,,,,,
https://reklamap.pl/powierzchnia-reklamowa/billboardy/klodzko/billboard-klodzko-ul-warty-wjad-do-klodzka-597,PASS,Strona przesłana i zindeksowana,INDEXING_ALLOWED,ALLOWED,SUCCESSFUL,https://reklamap.pl/powierzchnia-reklamowa/billboardy/klodzko/billboard-klodzko-ul-warty-wjad-do-klodzka-597,https://reklamap.pl/powierzchnia-reklamowa/billboardy/klodzko/billboard-klodzko-ul-warty-wjad-do-klodzka-597,2026-08-27T07:40:20Z,MOBILE,,
https://reklamap.pl/powierzchnia-reklamowa/billboardy/klodzko/billboard-klodzko-ulwyspianskiego-leviatan-517,PASS,Strona przesłana i zindeksowana,INDEXING_ALLOWED,ALLOWED,SUCCESSFUL,https://reklamap.pl/powierzchnia-reklamowa/billboardy/klodzko/billboard-klodzko-ulwyspianskiego-leviatan-517,https://reklamap.pl/powierzchnia-reklamowa/billboardy/klodzko/billboard-klodzko-ulwyspianskiego-leviatan-517,2026-08-04T11:51:33Z,MOBILE,,
https://reklamap.pl/powierzchnia-reklamowa/billboardy/klodzko/billboard-klodzko-ulwyspianskiego-mikron-516,NEUTRAL,Adres URL jest Google nieznany,INDEXING_STATE_UNSPECIFIED,ROBOTS_TXT_STATE_UNSPECIFIED,PAGE_FETCH_STATE_UNSPECIFIED,,,,,,
https://reklamap.pl/powierzchnia-reklamowa/billboardy/klodzko/billboard-klodzko-ulwyspianskiego-mysliwska-518,NEUTRAL,Strona wykryta – obecnie niezindeksowana,INDEXING_STATE_UNSPECIFIED,ROBOTS_TXT_STATE_UNSPECIFIED,PAGE_FETCH_STATE_UNSPECIFIED,,,,CRAWLING_USER_AGENT_UNSPECIFIED,,
https://reklamap.pl/powierzchnia-reklamowa/billboardy/klodzko/billboard-klodzko-wjazd-od-bystrzycy-klodzkiej-338,NEUTRAL,Adres URL jest Google nieznany,INDEXING_STATE_UNSPECIFIED,ROBOTS_TXT_STATE_UNSPECIFIED,PAGE_FETCH_STATE_UNSPECIFIED,,,,,,
https://reklamap.pl/powierzchnia-reklamowa/billboardy/klodzko/billboard-klodzko-wjazd-od-bystrzycy-ulwyspianskiego-359,PASS,Strona przesłana i zindeksowana,INDEXING_ALLOWED,ALLOWED,SUCCESSFUL,https://reklamap.pl/powierzchnia-reklamowa/billboardy/klodzko/billboard-klodzko-wjazd-od-bystrzycy-ulwyspianskiego-359,https://reklamap.pl/powierzchnia-reklamowa/billboardy/klodzko/billboard-klodzko-wjazd-od-bystrzycy-ulwyspianskiego-359,2026-08-03T16:20:45Z,MOBILE,,
https://reklamap.pl/powierzchnia-reklamowa/billboardy/kolobrzeg/billboard-kolobrzeg-rondo-patana-796,PASS,Strona przesłana i zindeksowana,INDEXING_ALLOWED,ALLOWED,SUCCESSFUL,https://reklamap.pl/powierzchnia-reklamowa/billboardy/kolobrzeg/billboard-kolobrzeg-rondo-patana-796,https://reklamap.pl/powierzchnia-reklamowa/billboardy/kolobrzeg/billboard-kolobrzeg-rondo-patana-796,2026-08-24T20:33:32Z,MOBILE,,
https://reklamap.pl/powierzchnia-reklamowa/billboardy/kolobrzeg/billboard-kolobrzeg-rondo-patana-797,PASS,Strona przesłana i zindeksowana,INDEXING_ALLOWED,ALLOWED,SUCCESSFUL,https://reklamap.pl/powierzchnia-reklamowa/billboardy/kolobrzeg/billboard-kolobrzeg-rondo-patana-797,https://reklamap.pl/powierzchnia-reklamowa/billboardy/kolobrzeg/billboard-kolobrzeg-rondo-patana-797,2026-08-30T16:54:19Z,MOBILE,,
https://reklamap.pl/powierzchnia-reklamowa/billboardy/kolobrzeg/billboard-kolobrzeg-rondo-patana-798,PASS,Strona przesłana i zindeksowana,INDEXING_ALLOWED,ALLOWED,SUCCESSFUL,https://reklamap.pl/powierzchnia-reklamowa/billboardy/kolobrzeg/billboard-kolobrzeg-rondo-patana-798,https://reklamap.pl/powierzchnia-reklamowa/billboardy/kolobrzeg/billboard-kolobrzeg-rondo-patana-798,2026-07-17T18:01:57Z,MOBILE,,
https://reklamap.pl/powierzchnia-reklamowa/billboardy/kolobrzeg/billboard-kolobrzeg-ul-6-dywizji-piechoty-799,PASS,Strona przesłana i zindeksowana,INDEXING_ALLOWED,ALLOWED,SUCCESSFUL,https://reklamap.pl/powierzchnia-reklamowa/billboardy/kolobrzeg/billboard-kolobrzeg-ul-6-dywizji-piechoty-799,https://reklamap.pl/powierzchnia-reklamowa/billboardy/kolobrzeg/billboard-kolobrzeg-ul-6-dywizji-piechoty-799,2026-09-03T06:38:34Z,MOBILE,,
https://reklamap.pl/powierzchnia-reklamowa/billboardy/kolobrzeg/billboard-kolobrzeg-ul-6-dywizji-piechoty-800,PASS,Strona przesłana i zindeksowana,INDEXING_ALLOWED,ALLOWED,SUCCESSFUL,https://reklamap.pl/powierzchnia-reklamowa/billboardy/kolobrzeg/billboard-kolobrzeg-ul-6-dywizji-piechoty-800,https://reklamap.pl/powierzchnia-reklamowa/billboardy/kolobrzeg/billboard-kolobrzeg-ul-6-dywizji-piechoty-800,2026-08-27T01:39:26Z,MOBILE,,
https://reklamap.pl/powierzchnia-reklamowa/billboardy/kolobrzeg/billboard-kolobrzeg-ul-kolobrzeska-794,PASS,Strona przesłana i zindeksowana,INDEXING_ALLOWED,ALLOWED,SUCCESSFUL,https://reklamap.pl/powierzchnia-reklamowa/billboardy/kolobrzeg/billboard-kolobrzeg-ul-kolobrzeska-794,https://reklamap.pl/powierzchnia-reklamowa/billboardy/kolobrzeg/billboard-kolobrzeg-ul-kolobrzeska-794,2026-07-18T02:39:29Z,MOBILE,,
https://reklamap.pl/powierzchnia-reklamowa/billboardy/kolobrzeg/billboard-kolobrzeg-ul-kolobrzeska-795,PASS,Strona przesłana i zindeksowana,INDEXING_ALLOWED,ALLOWED,SUCCESSFUL,https://reklamap.pl/powierzchnia-reklamowa/billboardy/kolobrzeg/billboard-kolobrzeg-ul-kolobrzeska-795,https://reklamap.pl/powierzchnia-reklamowa/billboardy/kolobrzeg/billboard-kolobrzeg-ul-kolobrzeska-795,2026-09-04T15:26:12Z,MOBILE,,
https://reklamap.pl/powierzchnia-reklamowa/billboardy/kolobrzeg/billboard-kolobrzeg-ul-mlynska-801,PASS,Strona przesłana i zindeksowana,INDEXING_ALLOWED,ALLOWED,SUCCESSFUL,https://reklamap.pl/powierzchnia-reklamowa/billboardy/kolobrzeg/billboard-kolobrzeg-ul-mlynska-801,https://reklamap.pl/powierzchnia-reklamowa/billboardy/kolobrzeg/billboard-kolobrzeg-ul-mlynska-801,2026-09-03T21:43:16Z,MOBILE,,
https://reklamap.pl/powierzchnia-reklamowa/billboardy/kolobrzeg/billboard-kolobrzeg-ul-mlynska-802,PASS,Strona przesłana i zindeksowana,INDEXING_ALLOWED,ALLOWED,SUCCESSFUL,https://reklamap.pl/powierzchnia-reklamowa/billboardy/kolobrzeg/billboard-kolobrzeg-ul-mlynska-802,https://reklamap.pl/powierzchnia-reklamowa/billboardy/kolobrzeg/billboard-kolobrzeg-ul-mlynska-802,2026-07-25T02:43:07Z,MOBILE,,
https://reklamap.pl/powierzchnia-reklamowa/billboardy/kolobrzeg/billboard-kolobrzeg-ul-szczecinska-805,PASS,Strona przesłana i zindeksowana,INDEXING_ALLOWED,ALLOWED,SUCCESSFUL,https://reklamap.pl/powierzchnia-reklamowa/billboardy/kolobrzeg/billboard-kolobrzeg-ul-szczecinska-805,https://reklamap.pl/powierzchnia-reklamowa/billboardy/kolobrzeg/billboard-kolobrzeg-ul-szczecinska-805,2026-08-24T20:56:42Z,MOBILE,,
https://reklamap.pl/powierzchnia-reklamowa/billboardy/kolobrzeg/billboard-kolobrzeg-ul-wschodnia-803,PASS,Strona przesłana i zindeksowana,INDEXING_ALLOWED,ALLOWED,SUCCESSFUL,https://reklamap.pl/powierzchnia-reklamowa/billboardy/kolobrzeg/billboard-kolobrzeg-ul-wschodnia-803,https://reklamap.pl/powierzchnia-reklamowa/billboardy/kolobrzeg/billboard-kolobrzeg-ul-wschodnia-803,2026-08-21T15:12:53Z,MOBILE,,
https://reklamap.pl/powierzchnia-reklamowa/billboardy/kolobrzeg/billboard-kolobrzeg-ul-wschodnia-804,PASS,Strona przesłana i zindeksowana,INDEXING_ALLOWED,ALLOWED,SUCCESSFUL,https://reklamap.pl/powierzchnia-reklamowa/billboardy/kolobrzeg/billboard-kolobrzeg-ul-wschodnia-804,https://reklamap.pl/powierzchnia-reklamowa/billboardy/kolobrzeg/billboard-kolobrzeg-ul-wschodnia-804,2026-08-26T22:46:22Z,MOBILE,,
https://reklamap.pl/powierzchnia-reklamowa/billboardy/koszalin/billboard-koszalin-al-armii-krajowej-762,NEUTRAL,Strona wykryta – obecnie niezindeksowana,INDEXING_STATE_UNSPECIFIED,ROBOTS_TXT_STATE_UNSPECIFIED,PAGE_FETCH_STATE_UNSPECIFIED,,,,CRAWLING_USER_AGENT_UNSPECIFIED,,
https://reklamap.pl/powierzchnia-reklamowa/billboardy/koszalin/billboard-koszalin-al-armii-krajowej-763,PASS,Strona przesłana i zindeksowana,INDEXING_ALLOWED,ALLOWED,SUCCESSFUL,https://reklamap.pl/powierzchnia-reklamowa/billboardy/koszalin/billboard-koszalin-al-armii-krajowej-763,https://reklamap.pl/powierzchnia-reklamowa/billboardy/koszalin/billboard-koszalin-al-armii-krajowej-763,2026-08-03T17:39:32Z,MOBILE,,
https://reklamap.pl/powierzchnia-reklamowa/billboardy/koszalin/billboard-koszalin-aleja-armii-krajowej-nasyp-pkp-764,PASS,Strona przesłana i zindeksowana,INDEXING_ALLOWED,ALLOWED,SUCCESSFUL,https://reklamap.pl/powierzchnia-reklamowa/billboardy/koszalin/billboard-koszalin-aleja-armii-krajowej-nasyp-pkp-764,https://reklamap.pl/powierzchnia-reklamowa/billboardy/koszalin/billboard-koszalin-aleja-armii-krajowej-nasyp-pkp-764,2026-08-03T18:20:49Z,MOBILE,,
https://reklamap.pl/powierzchnia-reklamowa/billboardy/koszalin/billboard-koszalin-ul-armii-krajowej-nasyp-pkp-732,PASS,Strona przesłana i zindeksowana,INDEXING_ALLOWED,ALLOWED,SUCCESSFUL,https://reklamap.pl/powierzchnia-reklamowa/billboardy/koszalin/billboard-koszalin-ul-armii-krajowej-nasyp-pkp-732,https://reklamap.pl/powierzchnia-reklamowa/billboardy/koszalin/billboard-koszalin-ul-armii-krajowej-nasyp-pkp-732,2026-08-27T03:38:49Z,MOBILE,,
https://reklamap.pl/powierzchnia-reklamowa/billboardy/koszalin/billboard-koszalin-ul-armii-krajowej-nasyp-pkp-733,PASS,Strona przesłana i zindeksowana,INDEXING_ALLOWED,ALLOWED,SUCCESSFUL,https://reklamap.pl/powierzchnia-reklamowa/billboardy/koszalin/billboard-koszalin-ul-armii-krajowej-nasyp-pkp-733,https://reklamap.pl/powierzchnia-reklamowa/billboardy/koszalin/billboard-koszalin-ul-armii-krajowej-nasyp-pkp-733,2026-08-26T11:36:03Z,MOBILE,,
https://reklamap.pl/powierzchnia-reklamowa/billboardy/koszalin/billboard-koszalin-ul-armii-krajowej-nasyp-pkp-734,NEUTRAL,Strona wykryta – obecnie niezindeksowana,INDEXING_STATE_UNSPECIFIED,ROBOTS_TXT_STATE_UNSPECIFIED,PAGE_FETCH_STATE_UNSPECIFIED,,,,CRAWLING_USER_AGENT_UNSPECIFIED,,
https://reklamap.pl/powierzchnia-reklamowa/billboardy/koszalin/billboard-koszalin-ul-armii-krajowej-nasyp-pkp-735,PASS,Strona przesłana i zindeksowana,INDEXING_ALLOWED,ALLOWED,SUCCESSFUL,https://reklamap.pl/powierzchnia-reklamowa/billboardy/koszalin/billboard-koszalin-ul-armii-krajowej-nasyp-pkp-735,https://reklamap.pl/powierzchnia-reklamowa/billboardy/koszalin/billboard-koszalin-ul-armii-krajowej-nasyp-pkp-735,2026-08-03T20:22:42Z,MOBILE,,
https://reklamap.pl/powierzchnia-reklamowa/billboardy/koszalin/billboard-koszalin-ul-armii-krajowej-nasyp-pkp-736,PASS,Strona przesłana i zindeksowana,INDEXING_ALLOWED,ALLOWED,SUCCESSFUL,https://reklamap.pl/powierzchnia-reklamowa/billboardy/koszalin/billboard-koszalin-ul-armii-krajowej-nasyp-pkp-736,https://reklamap.pl/powierzchnia-reklamowa/billboardy/koszalin/billboard-koszalin-ul-armii-krajowej-nasyp-pkp-736,2026-08-04T08:13:23Z,MOBILE,,
https://reklamap.pl/powierzchnia-reklamowa/billboardy/koszalin/billboard-koszalin-ul-falata-743,NEUTRAL,Adres URL jest Google nieznany,INDEXING_STATE_UNSPECIFIED,ROBOTS_TXT_STATE_UNSPECIFIED,PAGE_FETCH_STATE_UNSPECIFIED,,,,,,
https://reklamap.pl/powierzchnia-reklamowa/billboardy/koszalin/billboard-koszalin-ul-falata-744,PASS,Strona przesłana i zindeksowana,INDEXING_ALLOWED,ALLOWED,SUCCESSFUL,https://reklamap.pl/powierzchnia-reklamowa/billboardy/koszalin/billboard-koszalin-ul-falata-744,https://reklamap.pl/powierzchnia-reklamowa/billboardy/koszalin/billboard-koszalin-ul-falata-744,2026-08-03T17:01:16Z,MOBILE,,
https://reklamap.pl/powierzchnia-reklamowa/billboardy/koszalin/billboard-koszalin-ul-franciszkanska-765,PASS,Strona przesłana i zindeksowana,INDEXING_ALLOWED,ALLOWED,SUCCESSFUL,https://reklamap.pl/powierzchnia-reklamowa/billboardy/koszalin/billboard-koszalin-ul-franciszkanska-765,https://reklamap.pl/powierzchnia-reklamowa/billboardy/koszalin/billboard-koszalin-ul-franciszkanska-765,2026-07-26T12:35:03Z,MOBILE,,
https://reklamap.pl/powierzchnia-reklamowa/billboardy/koszalin/billboard-koszalin-ul-franciszkanska-766,PASS,Strona przesłana i zindeksowana,INDEXING_ALLOWED,ALLOWED,SUCCESSFUL,https://reklamap.pl/powierzchnia-reklamowa/billboardy/koszalin/billboard-koszalin-ul-franciszkanska-766,https://reklamap.pl/powierzchnia-reklamowa/billboardy/koszalin/billboard-koszalin-ul-franciszkanska-766,2026-08-04T05:46:36Z,MOBILE,,
https://reklamap.pl/powierzchnia-reklamowa/billboardy/koszalin/billboard-koszalin-ul-franciszkanska-767,NEUTRAL,Strona wykryta – obecnie niezindeksowana,INDEXING_STATE_UNSPECIFIED,ROBOTS_TXT_STATE_UNSPECIFIED,PAGE_FETCH_STATE_UNSPECIFIED,,,,CRAWLING_USER_AGENT_UNSPECIFIED,,
https://reklamap.pl/powierzchnia-reklamowa/billboardy/koszalin/billboard-koszalin-ul-franciszkanska-768,NEUTRAL,Adres URL jest Google nieznany,INDEXING_STATE_UNSPECIFIED,ROBOTS_TXT_STATE_UNSPECIFIED,PAGE_FETCH_STATE_UNSPECIFIED,,,,,,
https://reklamap.pl/powierzchnia-reklamowa/billboardy/koszalin/billboard-koszalin-ul-gdanska-737,PASS,Strona przesłana i zindeksowana,INDEXING_ALLOWED,ALLOWED,SUCCESSFUL,https://reklamap.pl/powierzchnia-reklamowa/billboardy/koszalin/billboard-koszalin-ul-gdanska-737,https://reklamap.pl/powierzchnia-reklamowa/billboardy/koszalin/billboard-koszalin-ul-gdanska-737,2026-08-24T10:02:34Z,MOBILE,,
https://reklamap.pl/powierzchnia-reklamowa/billboardy/koszalin/billboard-koszalin-ul-gdanska-738,PASS,Strona przesłana i zindeksowana,INDEXING_ALLOWED,ALLOWED,SUCCESSFUL,https://reklamap.pl/powierzchnia-reklamowa/billboardy/koszalin/billboard-koszalin-ul-gdanska-738,https://reklamap.pl/powierzchnia-reklamowa/billboardy/koszalin/billboard-koszalin-ul-gdanska-738,2026-08-21T04:02:16Z,MOBILE,,
https://reklamap.pl/powierzchnia-reklamowa/billboardy/koszalin/billboard-koszalin-ul-gdanska-739,PASS,Strona przesłana i zindeksowana,INDEXING_ALLOWED,ALLOWED,SUCCESSFUL,https://reklamap.pl/powierzchnia-reklamowa/billboardy/koszalin/billboard-koszalin-ul-gdanska-739,https://reklamap.pl/powierzchnia-reklamowa/billboardy/koszalin/billboard-koszalin-ul-gdanska-739,2026-08-08T11:00:59Z,MOBILE,,
https://reklamap.pl/powierzchnia-reklamowa/billboardy/koszalin/billboard-koszalin-ul-gdanska-740,NEUTRAL,Adres URL jest Google nieznany,INDEXING_STATE_UNSPECIFIED,ROBOTS_TXT_STATE_UNSPECIFIED,PAGE_FETCH_STATE_UNSPECIFIED,,,,,,
https://reklamap.pl/powierzchnia-reklamowa/billboardy/koszalin/billboard-koszalin-ul-gdanska-741,NEUTRAL,Adres URL jest Google nieznany,INDEXING_STATE_UNSPECIFIED,ROBOTS_TXT_STATE_UNSPECIFIED,PAGE_FETCH_STATE_UNSPECIFIED,,,,,,
https://reklamap.pl/powierzchnia-reklamowa/billboardy/koszalin/billboard-koszalin-ul-gdanska-742,NEUTRAL,Strona wykryta – obecnie niezindeksowana,INDEXING_STATE_UNSPECIFIED,ROBOTS_TXT_STATE_UNSPECIFIED,PAGE_FETCH_STATE_UNSPECIFIED,,,,CRAWLING_USER_AGENT_UNSPECIFIED,,
https://reklamap.pl/powierzchnia-reklamowa/billboardy/koszalin/billboard-koszalin-ul-gnieznienska-755,NEUTRAL,Adres URL jest Google nieznany,INDEXING_STATE_UNSPECIFIED,ROBOTS_TXT_STATE_UNSPECIFIED,PAGE_FETCH_STATE_UNSPECIFIED,,,,,,
https://reklamap.pl/powierzchnia-reklamowa/billboardy/koszalin/billboard-koszalin-ul-gnieznienska-756,PASS,Strona przesłana i zindeksowana,INDEXING_ALLOWED,ALLOWED,SUCCESSFUL,https://reklamap.pl/powierzchnia-reklamowa/billboardy/koszalin/billboard-koszalin-ul-gnieznienska-756,https://reklamap.pl/powierzchnia-reklamowa/billboardy/koszalin/billboard-koszalin-ul-gnieznienska-756,2026-08-04T05:47:50Z,MOBILE,,
https://reklamap.pl/powierzchnia-reklamowa/billboardy/koszalin/billboard-koszalin-ul-krakusa-i-wandy-761,NEUTRAL,Strona wykryta – obecnie niezindeksowana,INDEXING_STATE_UNSPECIFIED,ROBOTS_TXT_STATE_UNSPECIFIED,PAGE_FETCH_STATE_UNSPECIFIED,,,,CRAWLING_USER_AGENT_UNSPECIFIED,,
https://reklamap.pl/powierzchnia-reklamowa/billboardy/koszalin/billboard-koszalin-ul-kutrzeby-770,PASS,Strona przesłana i zindeksowana,INDEXING_ALLOWED,ALLOWED,SUCCESSFUL,https://reklamap.pl/powierzchnia-reklamowa/billboardy/koszalin/billboard-koszalin-ul-kutrzeby-770,https://reklamap.pl/powierzchnia-reklamowa/billboardy/koszalin/billboard-koszalin-ul-kutrzeby-770,2026-08-04T04:05:53Z,MOBILE,,
https://reklamap.pl/powierzchnia-reklamowa/billboardy/koszalin/billboard-koszalin-ul-orlat-lwowskich-777,PASS,Strona przesłana i zindeksowana,INDEXING_ALLOWED,ALLOWED,SUCCESSFUL,https://reklamap.pl/powierzchnia-reklamowa/billboardy/koszalin/billboard-koszalin-ul-orlat-lwowskich-777,https://reklamap.pl/powierzchnia-reklamowa/billboardy/koszalin/billboard-koszalin-ul-orlat-lwowskich-777,2026-08-03T20:18:55Z,MOBILE,,
https://reklamap.pl/powierzchnia-reklamowa/billboardy/koszalin/billboard-koszalin-ul-orlat-lwowskich-778,PASS,Strona przesłana i zindeksowana,INDEXING_ALLOWED,ALLOWED,SUCCESSFUL,https://reklamap.pl/powierzchnia-reklamowa/billboardy/koszalin/billboard-koszalin-ul-orlat-lwowskich-778,https://reklamap.pl/powierzchnia-reklamowa/billboardy/koszalin/billboard-koszalin-ul-orlat-lwowskich-778,2026-08-04T04:25:52Z,MOBILE,,
https://reklamap.pl/powierzchnia-reklamowa/billboardy/koszalin/billboard-koszalin-ul-orlat-lwowskich-779,PASS,Strona przesłana i zindeksowana,INDEXING_ALLOWED,ALLOWED,SUCCESSFUL,https://reklamap.pl/powierzchnia-reklamowa/billboardy/koszalin/billboard-koszalin-ul-orlat-lwowskich-779,https://reklamap.pl/powierzchnia-reklamowa/billboardy/koszalin/billboard-koszalin-ul-orlat-lwowskich-779,2026-08-18T01:54:37Z,MOBILE,,
https://reklamap.pl/powierzchnia-reklamowa/billboardy/koszalin/billboard-koszalin-ul-orlat-lwowskich-780,NEUTRAL,Adres URL jest Google nieznany,INDEXING_STATE_UNSPECIFIED,ROBOTS_TXT_STATE_UNSPECIFIED,PAGE_FETCH_STATE_UNSPECIFIED,,,,,,
https://reklamap.pl/powierzchnia-reklamowa/billboardy/koszalin/billboard-koszalin-ul-orlat-lwowskich-781,NEUTRAL,Strona wykryta – obecnie niezindeksowana,INDEXING_STATE_UNSPECIFIED,ROBOTS_TXT_STATE_UNSPECIFIED,PAGE_FETCH_STATE_UNSPECIFIED,,,,CRAWLING_USER_AGENT_UNSPECIFIED,,
https://reklamap.pl/powierzchnia-reklamowa/billboardy/koszalin/billboard-koszalin-ul-paderewskiego-757,NEUTRAL,Strona wykryta – obecnie niezindeksowana,INDEXING_STATE_UNSPECIFIED,ROBOTS_TXT_STATE_UNSPECIFIED,PAGE_FETCH_STATE_UNSPECIFIED,,,,CRAWLING_USER_AGENT_UNSPECIFIED,,
https://reklamap.pl/powierzchnia-reklamowa/billboardy/koszalin/billboard-koszalin-ul-paderewskiego-782,PASS,Strona przesłana i zindeksowana,INDEXING_ALLOWED,ALLOWED,SUCCESSFUL,https://reklamap.pl/powierzchnia-reklamowa/billboardy/koszalin/billboard-koszalin-ul-paderewskiego-782,https://reklamap.pl/powierzchnia-reklamowa/billboardy/koszalin/billboard-koszalin-ul-paderewskiego-782,2026-08-03T17:16:14Z,MOBILE,,
https://reklamap.pl/powierzchnia-reklamowa/billboardy/koszalin/billboard-koszalin-ul-paderewskiego-783,PASS,Strona przesłana i zindeksowana,INDEXING_ALLOWED,ALLOWED,SUCCESSFUL,https://reklamap.pl/powierzchnia-reklamowa/billboardy/koszalin/billboard-koszalin-ul-paderewskiego-783,https://reklamap.pl/powierzchnia-reklamowa/billboardy/koszalin/billboard-koszalin-ul-paderewskiego-783,2026-08-04T04:11:38Z,MOBILE,,
https://reklamap.pl/powierzchnia-reklamowa/billboardy/koszalin/billboard-koszalin-ul-paderewskiego-784,PASS,Strona przesłana i zindeksowana,INDEXING_ALLOWED,ALLOWED,SUCCESSFUL,https://reklamap.pl/powierzchnia-reklamowa/billboardy/koszalin/billboard-koszalin-ul-paderewskiego-784,https://reklamap.pl/powierzchnia-reklamowa/billboardy/koszalin/billboard-koszalin-ul-paderewskiego-784,2026-08-04T07:12:41Z,MOBILE,,
https://reklamap.pl/powierzchnia-reklamowa/billboardy/koszalin/billboard-koszalin-ul-paderewskiego-785,PASS,Strona przesłana i zindeksowana,INDEXING_ALLOWED,ALLOWED,SUCCESSFUL,https://reklamap.pl/powierzchnia-reklamowa/billboardy/koszalin/billboard-koszalin-ul-paderewskiego-785,https://reklamap.pl/powierzchnia-reklamowa/billboardy/koszalin/billboard-koszalin-ul-paderewskiego-785,2026-08-03T16:24:52Z,MOBILE,,
https://reklamap.pl/powierzchnia-reklamowa/billboardy/koszalin/billboard-koszalin-ul-paderewskiego-786,PASS,Strona przesłana i zindeksowana,INDEXING_ALLOWED,ALLOWED,SUCCESSFUL,https://reklamap.pl/powierzchnia-reklamowa/billboardy/koszalin/billboard-koszalin-ul-paderewskiego-786,https://reklamap.pl/powierzchnia-reklamowa/billboardy/koszalin/billboard-koszalin-ul-paderewskiego-786,2026-08-03T18:54:00Z,MOBILE,,
https://reklamap.pl/powierzchnia-reklamowa/billboardy/koszalin/billboard-koszalin-ul-paderewskiego-787,PASS,Strona przesłana i zindeksowana,INDEXING_ALLOWED,ALLOWED,SUCCESSFUL,https://reklamap.pl/powierzchnia-reklamowa/billboardy/koszalin/billboard-koszalin-ul-paderewskiego-787,https://reklamap.pl/powierzchnia-reklamowa/billboardy/koszalin/billboard-koszalin-ul-paderewskiego-787,2026-08-18T14:02:18Z,MOBILE,,
https://reklamap.pl/powierzchnia-reklamowa/billboardy/koszalin/billboard-koszalin-ul-paderewskiego-788,NEUTRAL,Strona wykryta – obecnie niezindeksowana,INDEXING_STATE_UNSPECIFIED,ROBOTS_TXT_STATE_UNSPECIFIED,PAGE_FETCH_STATE_UNSPECIFIED,,,,CRAWLING_USER_AGENT_UNSPECIFIED,,
https://reklamap.pl/powierzchnia-reklamowa/billboardy/koszalin/billboard-koszalin-ul-paderewskiego-789,NEUTRAL,Adres URL jest Google nieznany,INDEXING_STATE_UNSPECIFIED,ROBOTS_TXT_STATE_UNSPECIFIED,PAGE_FETCH_STATE_UNSPECIFIED,,,,,,
https://reklamap.pl/powierzchnia-reklamowa/billboardy/koszalin/billboard-koszalin-ul-paderewskiego-790,PASS,Strona przesłana i zindeksowana,INDEXING_ALLOWED,ALLOWED,SUCCESSFUL,https://reklamap.pl/powierzchnia-reklamowa/billboardy/koszalin/billboard-koszalin-ul-paderewskiego-790,https://reklamap.pl/powierzchnia-reklamowa/billboardy/koszalin/billboard-koszalin-ul-paderewskiego-790,2026-08-04T08:57:23Z,MOBILE,,
https://reklamap.pl/powierzchnia-reklamowa/billboardy/koszalin/billboard-koszalin-ul-paderewskiego-791,PASS,Strona przesłana i zindeksowana,INDEXING_ALLOWED,ALLOWED,SUCCESSFUL,https://reklamap.pl/powierzchnia-reklamowa/billboardy/koszalin/billboard-koszalin-ul-paderewskiego-791,https://reklamap.pl/powierzchnia-reklamowa/billboardy/koszalin/billboard-koszalin-ul-paderewskiego-791,2026-09-04T12:07:43Z,MOBILE,,
https://reklamap.pl/powierzchnia-reklamowa/billboardy/koszalin/billboard-koszalin-ul-paderewskiego-792,PASS,Strona przesłana i zindeksowana,INDEXING_ALLOWED,ALLOWED,SUCCESSFUL,https://reklamap.pl/powierzchnia-reklamowa/billboardy/koszalin/billboard-koszalin-ul-paderewskiego-792,https://reklamap.pl/powierzchnia-reklamowa/billboardy/koszalin/billboard-koszalin-ul-paderewskiego-792,2026-08-03T23:05:49Z,MOBILE,,
https://reklamap.pl/powierzchnia-reklamowa/billboardy/koszalin/billboard-koszalin-ul-paderewskiego-793,PASS,Strona przesłana i zindeksowana,INDEXING_ALLOWED,ALLOWED,SUCCESSFUL,https://reklamap.pl/powierzchnia-reklamowa/billboardy/koszalin/billboard-koszalin-ul-paderewskiego-793,https://reklamap.pl/powierzchnia-reklamowa/billboardy/koszalin/billboard-koszalin-ul-paderewskiego-793,2026-08-04T07:41:57Z,MOBILE,,
https://reklamap.pl/powierzchnia-reklamowa/billboardy/koszalin/billboard-koszalin-ul-polczynska-758,NEUTRAL,Adres URL jest Google nieznany,INDEXING_STATE_UNSPECIFIED,ROBOTS_TXT_STATE_UNSPECIFIED,PAGE_FETCH_STATE_UNSPECIFIED,,,,,,
https://reklamap.pl/powierzchnia-reklamowa/billboardy/koszalin/billboard-koszalin-ul-polczynska-759,PASS,Strona przesłana i zindeksowana,INDEXING_ALLOWED,ALLOWED,SUCCESSFUL,https://reklamap.pl/powierzchnia-reklamowa/billboardy/koszalin/billboard-koszalin-ul-polczynska-759,https://reklamap.pl/powierzchnia-reklamowa/billboardy/koszalin/billboard-koszalin-ul-polczynska-759,2026-08-04T04:52:53Z,MOBILE,,
https://reklamap.pl/powierzchnia-reklamowa/billboardy/koszalin/billboard-koszalin-ul-polczynska-760,PASS,Strona przesłana i zindeksowana,INDEXING_ALLOWED,ALLOWED,SUCCESSFUL,https://reklamap.pl/powierzchnia-reklamowa/billboardy/koszalin/billboard-koszalin-ul-polczynska-760,https://reklamap.pl/powierzchnia-reklamowa/billboardy/koszalin/billboard-koszalin-ul-polczynska-760,2026-09-06T01:43:16Z,MOBILE,,
https://reklamap.pl/powierzchnia-reklamowa/billboardy/koszalin/billboard-koszalin-ul-szczecinska-745,PASS,Strona przesłana i zindeksowana,INDEXING_ALLOWED,ALLOWED,SUCCESSFUL,https://reklamap.pl/powierzchnia-reklamowa/billboardy/koszalin/billboard-koszalin-ul-szczecinska-745,https://reklamap.pl/powierzchnia-reklamowa/billboardy/koszalin/billboard-koszalin-ul-szczecinska-745,2026-08-04T00:22:07Z,MOBILE,,
https://reklamap.pl/powierzchnia-reklamowa/billboardy/koszalin/billboard-koszalin-ul-szczecinska-746,PASS,Strona przesłana i zindeksowana,INDEXING_ALLOWED,ALLOWED,SUCCESSFUL,https://reklamap.pl/powierzchnia-reklamowa/billboardy/koszalin/billboard-koszalin-ul-szczecinska-746,https://reklamap.pl/powierzchnia-reklamowa/billboardy/koszalin/billboard-koszalin-ul-szczecinska-746,2026-08-03T20:48:30Z,MOBILE,,
https://reklamap.pl/powierzchnia-reklamowa/billboardy/koszalin/billboard-koszalin-ul-szczecinska-747,NEUTRAL,Strona wykryta – obecnie niezindeksowana,INDEXING_STATE_UNSPECIFIED,ROBOTS_TXT_STATE_UNSPECIFIED,PAGE_FETCH_STATE_UNSPECIFIED,,,,CRAWLING_USER_AGENT_UNSPECIFIED,,
https://reklamap.pl/powierzchnia-reklamowa/billboardy/koszalin/billboard-koszalin-ul-szczecinska-748,NEUTRAL,Strona wykryta – obecnie niezindeksowana,INDEXING_STATE_UNSPECIFIED,ROBOTS_TXT_STATE_UNSPECIFIED,PAGE_FETCH_STATE_UNSPECIFIED,,,,CRAWLING_USER_AGENT_UNSPECIFIED,,
https://reklamap.pl/powierzchnia-reklamowa/billboardy/koszalin/billboard-koszalin-ul-wladyslawa-iv-749,PASS,Strona przesłana i zindeksowana,INDEXING_ALLOWED,ALLOWED,SUCCESSFUL,https://reklamap.pl/powierzchnia-reklamowa/billboardy/koszalin/billboard-koszalin-ul-wladyslawa-iv-749,https://reklamap.pl/powierzchnia-reklamowa/billboardy/koszalin/billboard-koszalin-ul-wladyslawa-iv-749,2026-08-03T20:20:47Z,MOBILE,,
https://reklamap.pl/powierzchnia-reklamowa/billboardy/koszalin/billboard-koszalin-ul-wladyslawa-iv-750,NEUTRAL,Strona wykryta – obecnie niezindeksowana,INDEXING_STATE_UNSPECIFIED,ROBOTS_TXT_STATE_UNSPECIFIED,PAGE_FETCH_STATE_UNSPECIFIED,,,,CRAWLING_USER_AGENT_UNSPECIFIED,,
https://reklamap.pl/powierzchnia-reklamowa/billboardy/koszalin/billboard-koszalin-ul-wladyslawa-iv-751,PASS,Strona przesłana i zindeksowana,INDEXING_ALLOWED,ALLOWED,SUCCESSFUL,https://reklamap.pl/powierzchnia-reklamowa/billboardy/koszalin/billboard-koszalin-ul-wladyslawa-iv-751,https://reklamap.pl/powierzchnia-reklamowa/billboardy/koszalin/billboard-koszalin-ul-wladyslawa-iv-751,2026-08-03T17:19:30Z,MOBILE,,
https://reklamap.pl/powierzchnia-reklamowa/billboardy/koszalin/billboard-koszalin-ul-wladyslawa-iv-752,NEUTRAL,Adres URL jest Google nieznany,INDEXING_STATE_UNSPECIFIED,ROBOTS_TXT_STATE_UNSPECIFIED,PAGE_FETCH_STATE_UNSPECIFIED,,,,,,
https://reklamap.pl/powierzchnia-reklamowa/billboardy/koszalin/billboard-koszalin-ul-wladyslawa-iv-753,NEUTRAL,Strona wykryta – obecnie niezindeksowana,INDEXING_STATE_UNSPECIFIED,ROBOTS_TXT_STATE_UNSPECIFIED,PAGE_FETCH_STATE_UNSPECIFIED,,,,CRAWLING_USER_AGENT_UNSPECIFIED,,
https://reklamap.pl/powierzchnia-reklamowa/billboardy/koszalin/billboard-koszalin-ul-wladyslawa-iv-754,PASS,Strona przesłana i zindeksowana,INDEXING_ALLOWED,ALLOWED,SUCCESSFUL,https://reklamap.pl/powierzchnia-reklamowa/billboardy/koszalin/billboard-koszalin-ul-wladyslawa-iv-754,https://reklamap.pl/powierzchnia-reklamowa/billboardy/koszalin/billboard-koszalin-ul-wladyslawa-iv-754,2026-08-03T23:00:30Z,MOBILE,,
https://reklamap.pl/powierzchnia-reklamowa/billboardy/koszalin/billboard-koszalin-ul-wladyslawa-iv-769,PASS,Strona przesłana i zindeksowana,INDEXING_ALLOWED,ALLOWED,SUCCESSFUL,https://reklamap.pl/powierzchnia-reklamowa/billboardy/koszalin/billboard-koszalin-ul-wladyslawa-iv-769,https://reklamap.pl/powierzchnia-reklamowa/billboardy/koszalin/billboard-koszalin-ul-wladyslawa-iv-769,2026-08-04T06:41:48Z,MOBILE,,
https://reklamap.pl/powierzchnia-reklamowa/billboardy/koszalin/billboard-koszalin-ul-wladyslawa-iv-771,PASS,Strona przesłana i zindeksowana,INDEXING_ALLOWED,ALLOWED,SUCCESSFUL,https://reklamap.pl/powierzchnia-reklamowa/billboardy/koszalin/billboard-koszalin-ul-wladyslawa-iv-771,https://reklamap.pl/powierzchnia-reklamowa/billboardy/koszalin/billboard-koszalin-ul-wladyslawa-iv-771,2026-07-25T02:01:05Z,MOBILE,,
https://reklamap.pl/powierzchnia-reklamowa/billboardy/koszalin/billboard-koszalin-ul-wladyslawa-iv-772,PASS,Strona przesłana i zindeksowana,INDEXING_ALLOWED,ALLOWED,SUCCESSFUL,https://reklamap.pl/powierzchnia-reklamowa/billboardy/koszalin/billboard-koszalin-ul-wladyslawa-iv-772,https://reklamap.pl/powierzchnia-reklamowa/billboardy/koszalin/billboard-koszalin-ul-wladyslawa-iv-772,2026-08-04T07:56:07Z,MOBILE,,
https://reklamap.pl/powierzchnia-reklamowa/billboardy/koszalin/billboard-koszalin-ul-wladyslawa-iv-773,PASS,Strona przesłana i zindeksowana,INDEXING_ALLOWED,ALLOWED,SUCCESSFUL,https://reklamap.pl/powierzchnia-reklamowa/billboardy/koszalin/billboard-koszalin-ul-wladyslawa-iv-773,https://reklamap.pl/powierzchnia-reklamowa/billboardy/koszalin/billboard-koszalin-ul-wladyslawa-iv-773,2026-07-19T22:09:46Z,MOBILE,,
https://reklamap.pl/powierzchnia-reklamowa/billboardy/koszalin/billboard-koszalin-ul-wladyslawa-iv-774,PASS,Strona przesłana i zindeksowana,INDEXING_ALLOWED,ALLOWED,SUCCESSFUL,https://reklamap.pl/powierzchnia-reklamowa/billboardy/koszalin/billboard-koszalin-ul-wladyslawa-iv-774,https://reklamap.pl/powierzchnia-reklamowa/billboardy/koszalin/billboard-koszalin-ul-wladyslawa-iv-774,2026-08-27T00:05:25Z,MOBILE,,
https://reklamap.pl/powierzchnia-reklamowa/billboardy/koszalin/billboard-koszalin-ul-wladyslawa-iv-775,PASS,Strona przesłana i zindeksowana,INDEXING_ALLOWED,ALLOWED,SUCCESSFUL,https://reklamap.pl/powierzchnia-reklamowa/billboardy/koszalin/billboard-koszalin-ul-wladyslawa-iv-775,https://reklamap.pl/powierzchnia-reklamowa/billboardy/koszalin/billboard-koszalin-ul-wladyslawa-iv-775,2026-08-26T20:23:09Z,MOBILE,,
https://reklamap.pl/powierzchnia-reklamowa/billboardy/koszalin/billboard-koszalin-ul-wladyslawa-iv-776,PASS,Strona przesłana i zindeksowana,INDEXING_ALLOWED,ALLOWED,SUCCESSFUL,https://reklamap.pl/powierzchnia-reklamowa/billboardy/koszalin/billboard-koszalin-ul-wladyslawa-iv-776,https://reklamap.pl/powierzchnia-reklamowa/billboardy/koszalin/billboard-koszalin-ul-wladyslawa-iv-776,2026-08-26T07:03:12Z,MOBILE,,
https://reklamap.pl/powierzchnia-reklamowa/billboardy/koszalin/billboardy-szczecinska-koszalin-przy-centrum-ogrodniczym-79,NEUTRAL,Adres URL jest Google nieznany,INDEXING_STATE_UNSPECIFIED,ROBOTS_TXT_STATE_UNSPECIFIED,PAGE_FETCH_STATE_UNSPECIFIED,,,,,,
https://reklamap.pl/powierzchnia-reklamowa/billboardy/koszalin/billbord-dwustronny-wyjazd-z-koszalina-w-kierunku-bobolic-i-szczecinka-80,NEUTRAL,Adres URL jest Google nieznany,INDEXING_STATE_UNSPECIFIED,ROBOTS_TXT_STATE_UNSPECIFIED,PAGE_FETCH_STATE_UNSPECIFIED,,,,,,
https://reklamap.pl/powierzchnia-reklamowa/billboardy/koszalin/koszalin-billboardy-1-maja-11-13-centrum-miasta-75,NEUTRAL,"Strona zeskanowana, ale jeszcze nie zindeksowana",INDEXING_STATE_UNSPECIFIED,ALLOWED,SUCCESSFUL,,,2026-09-07T07:06:28Z,MOBILE,,
https://reklamap.pl/powierzchnia-reklamowa/billboardy/krosnowice/billboard-krosnowice-obwodnica-klodzka-dk-33-618,PASS,Strona przesłana i zindeksowana,INDEXING_ALLOWED,ALLOWED,SUCCESSFUL,https://reklamap.pl/powierzchnia-reklamowa/billboardy/krosnowice/billboard-krosnowice-obwodnica-klodzka-dk-33-618,https://reklamap.pl/powierzchnia-reklamowa/billboardy/krosnowice/billboard-krosnowice-obwodnica-klodzka-dk-33-618,2026-07-24T16:24:12Z,MOBILE,,
https://reklamap.pl/powierzchnia-reklamowa/billboardy/krosnowice/billboard-krosnowice-obwodnica-klodzka-dk-33-619,PASS,Strona przesłana i zindeksowana,INDEXING_ALLOWED,ALLOWED,SUCCESSFUL,https://reklamap.pl/powierzchnia-reklamowa/billboardy/krosnowice/billboard-krosnowice-obwodnica-klodzka-dk-33-619,https://reklamap.pl/powierzchnia-reklamowa/billboardy/krosnowice/billboard-krosnowice-obwodnica-klodzka-dk-33-619,2026-07-25T05:45:48Z,MOBILE,,
https://reklamap.pl/powierzchnia-reklamowa/billboardy/krosnowice/billboard-krosnowice-obwodnica-klodzka-dk-33-624,PASS,Strona przesłana i zindeksowana,INDEXING_ALLOWED,ALLOWED,SUCCESSFUL,https://reklamap.pl/powierzchnia-reklamowa/billboardy/krosnowice/billboard-krosnowice-obwodnica-klodzka-dk-33-624,https://reklamap.pl/powierzchnia-reklamowa/billboardy/krosnowice/billboard-krosnowice-obwodnica-klodzka-dk-33-624,2026-08-03T15:51:30Z,MOBILE,,
https://reklamap.pl/powierzchnia-reklamowa/billboardy/krosnowice/billboard-krosnowice-obwodnica-klodzka-dk-33-625,NEUTRAL,"Strona zeskanowana, ale jeszcze nie zindeksowana",INDEXING_ALLOWED,ALLOWED,SUCCESSFUL,https://reklamap.pl/powierzchnia-reklamowa/billboardy/krosnowice/billboard-krosnowice-obwodnica-klodzka-dk-33-625,https://reklamap.pl/powierzchnia-reklamowa/billboardy/krosnowice/billboard-krosnowice-obwodnica-klodzka-dk-33-625,2026-08-24T18:30:24Z,MOBILE,,
https://reklamap.pl/powierzchnia-reklamowa/billboardy/krosnowice/billboard-krosnowice-obwodnica-klodzka-dk-33-626,PASS,Strona przesłana i zindeksowana,INDEXING_ALLOWED,ALLOWED,SUCCESSFUL,https://reklamap.pl/powierzchnia-reklamowa/billboardy/krosnowice/billboard-krosnowice-obwodnica-klodzka-dk-33-626,https://reklamap.pl/powierzchnia-reklamowa/billboardy/krosnowice/billboard-krosnowice-obwodnica-klodzka-dk-33-626,2026-07-26T00:49:16Z,MOBILE,,
https://reklamap.pl/powierzchnia-reklamowa/billboardy/krosnowice/billboard-krosnowice-obwodnica-klodzka-dk-33-627,PASS,Strona przesłana i zindeksowana,INDEXING_ALLOWED,ALLOWED,SUCCESSFUL,https://reklamap.pl/powierzchnia-reklamowa/billboardy/krosnowice/billboard-krosnowice-obwodnica-klodzka-dk-33-627,https://reklamap.pl/powierzchnia-reklamowa/billboardy/krosnowice/billboard-krosnowice-obwodnica-klodzka-dk-33-627,2026-07-25T08:32:06Z,MOBILE,,
https://reklamap.pl/powierzchnia-reklamowa/billboardy/kudowa-zdroj/billboard-kudowa-zdroj-dk-8-kier-centrum-od-granicy-615,PASS,Strona przesłana i zindeksowana,INDEXING_ALLOWED,ALLOWED,SUCCESSFUL,https://reklamap.pl/powierzchnia-reklamowa/billboardy/kudowa-zdroj/billboard-kudowa-zdroj-dk-8-kier-centrum-od-granicy-615,https://reklamap.pl/powierzchnia-reklamowa/billboardy/kudowa-zdroj/billboard-kudowa-zdroj-dk-8-kier-centrum-od-granicy-615,2026-07-18T17:26:35Z,MOBILE,,
https://reklamap.pl/powierzchnia-reklamowa/billboardy/kudowa-zdroj/billboard-kudowa-zdroj-droga-krajowa-nr-8-466,PASS,Strona przesłana i zindeksowana,INDEXING_ALLOWED,ALLOWED,SUCCESSFUL,https://reklamap.pl/powierzchnia-reklamowa/billboardy/kudowa-zdroj/billboard-kudowa-zdroj-droga-krajowa-nr-8-466,https://reklamap.pl/powierzchnia-reklamowa/billboardy/kudowa-zdroj/billboard-kudowa-zdroj-droga-krajowa-nr-8-466,2026-09-01T03:46:03Z,MOBILE,,
https://reklamap.pl/powierzchnia-reklamowa/billboardy/kudowa-zdroj/billboard-kudowa-zdroj-jeleniow-375,PASS,Strona przesłana i zindeksowana,INDEXING_ALLOWED,ALLOWED,SUCCESSFUL,https://reklamap.pl/powierzchnia-reklamowa/billboardy/kudowa-zdroj/billboard-kudowa-zdroj-jeleniow-375,https://reklamap.pl/powierzchnia-reklamowa/billboardy/kudowa-zdroj/billboard-kudowa-zdroj-jeleniow-375,2026-07-09T19:10:00Z,MOBILE,,
https://reklamap.pl/powierzchnia-reklamowa/billboardy/kudowa-zdroj/billboard-kudowa-zdroj-jeleniow-376,NEUTRAL,"Strona zeskanowana, ale jeszcze nie zindeksowana",INDEXING_STATE_UNSPECIFIED,ALLOWED,SUCCESSFUL,,,2026-09-06T11:50:59Z,MOBILE,,
https://reklamap.pl/powierzchnia-reklamowa/billboardy/kudowa-zdroj/billboard-kudowa-zdroj-jeleniow-378,NEUTRAL,Adres URL jest Google nieznany,INDEXING_STATE_UNSPECIFIED,ROBOTS_TXT_STATE_UNSPECIFIED,PAGE_FETCH_STATE_UNSPECIFIED,,,,,,
https://reklamap.pl/powierzchnia-reklamowa/billboardy/kudowa-zdroj/billboard-kudowa-zdroj-jeleniow-391,NEUTRAL,"Strona zeskanowana, ale jeszcze nie zindeksowana",INDEXING_STATE_UNSPECIFIED,ALLOWED,SUCCESSFUL,,,2026-09-07T05:34:04Z,MOBILE,,
https://reklamap.pl/powierzchnia-reklamowa/billboardy/kudowa-zdroj/billboard-kudowa-zdroj-jeleniow-dk-8-645,PASS,Strona przesłana i zindeksowana,INDEXING_ALLOWED,ALLOWED,SUCCESSFUL,https://reklamap.pl/powierzchnia-reklamowa/billboardy/kudowa-zdroj/billboard-kudowa-zdroj-jeleniow-dk-8-645,https://reklamap.pl/powierzchnia-reklamowa/billboardy/kudowa-zdroj/billboard-kudowa-zdroj-jeleniow-dk-8-645,2026-08-31T22:35:35Z,MOBILE,,
https://reklamap.pl/powierzchnia-reklamowa/billboardy/kudowa-zdroj/billboard-kudowa-zdroj-jeleniow-dk-8-646,PASS,Strona przesłana i zindeksowana,INDEXING_ALLOWED,ALLOWED,SUCCESSFUL,https://reklamap.pl/powierzchnia-reklamowa/billboardy/kudowa-zdroj/billboard-kudowa-zdroj-jeleniow-dk-8-646,https://reklamap.pl/powierzchnia-reklamowa/billboardy/kudowa-zdroj/billboard-kudowa-zdroj-jeleniow-dk-8-646,2026-08-04T11:44:36Z,MOBILE,,
https://reklamap.pl/powierzchnia-reklamowa/billboardy/kudowa-zdroj/billboard-kudowa-zdroj-kudowa-zdroj-315,PASS,Strona przesłana i zindeksowana,INDEXING_ALLOWED,ALLOWED,SUCCESSFUL,https://reklamap.pl/powierzchnia-reklamowa/billboardy/kudowa-zdroj/billboard-kudowa-zdroj-kudowa-zdroj-315,https://reklamap.pl/powierzchnia-reklamowa/billboardy/kudowa-zdroj/billboard-kudowa-zdroj-kudowa-zdroj-315,2026-07-18T10:08:02Z,MOBILE,,
https://reklamap.pl/powierzchnia-reklamowa/billboardy/kudowa-zdroj/billboard-kudowa-zdroj-kudowa-zdroj-445,PASS,Strona przesłana i zindeksowana,INDEXING_ALLOWED,ALLOWED,SUCCESSFUL,https://reklamap.pl/powierzchnia-reklamowa/billboardy/kudowa-zdroj/billboard-kudowa-zdroj-kudowa-zdroj-445,https://reklamap.pl/powierzchnia-reklamowa/billboardy/kudowa-zdroj/billboard-kudowa-zdroj-kudowa-zdroj-445,2026-08-03T20:28:00Z,MOBILE,,
https://reklamap.pl/powierzchnia-reklamowa/billboardy/kudowa-zdroj/billboard-kudowa-zdroj-przy-myjni-samochodowej-529,PASS,Strona przesłana i zindeksowana,INDEXING_ALLOWED,ALLOWED,SUCCESSFUL,https://reklamap.pl/powierzchnia-reklamowa/billboardy/kudowa-zdroj/billboard-kudowa-zdroj-przy-myjni-samochodowej-529,https://reklamap.pl/powierzchnia-reklamowa/billboardy/kudowa-zdroj/billboard-kudowa-zdroj-przy-myjni-samochodowej-529,2026-08-03T16:21:02Z,MOBILE,,
https://reklamap.pl/powierzchnia-reklamowa/billboardy/kudowa-zdroj/billboard-kudowa-zdroj-trasa-nr-8-464,NEUTRAL,Adres URL jest Google nieznany,INDEXING_STATE_UNSPECIFIED,ROBOTS_TXT_STATE_UNSPECIFIED,PAGE_FETCH_STATE_UNSPECIFIED,,,,,,
https://reklamap.pl/powierzchnia-reklamowa/billboardy/kudowa-zdroj/billboard-kudowa-zdroj-trasa-nr-8-465,PASS,Strona przesłana i zindeksowana,INDEXING_ALLOWED,ALLOWED,SUCCESSFUL,https://reklamap.pl/powierzchnia-reklamowa/billboardy/kudowa-zdroj/billboard-kudowa-zdroj-trasa-nr-8-465,https://reklamap.pl/powierzchnia-reklamowa/billboardy/kudowa-zdroj/billboard-kudowa-zdroj-trasa-nr-8-465,2026-09-04T15:45:01Z,MOBILE,,
https://reklamap.pl/powierzchnia-reklamowa/billboardy/kudowa-zdroj/billboard-kudowa-zdroj-trasa-nr-8-467,PASS,Strona przesłana i zindeksowana,INDEXING_ALLOWED,ALLOWED,SUCCESSFUL,https://reklamap.pl/powierzchnia-reklamowa/billboardy/kudowa-zdroj/billboard-kudowa-zdroj-trasa-nr-8-467,https://reklamap.pl/powierzchnia-reklamowa/billboardy/kudowa-zdroj/billboard-kudowa-zdroj-trasa-nr-8-467,2026-08-03T20:50:04Z,MOBILE,,
https://reklamap.pl/powierzchnia-reklamowa/billboardy/kudowa-zdroj/billboard-kudowa-zdroj-trasa-nr-8-530,NEUTRAL,Strona wykryta – obecnie niezindeksowana,INDEXING_STATE_UNSPECIFIED,ROBOTS_TXT_STATE_UNSPECIFIED,PAGE_FETCH_STATE_UNSPECIFIED,,,,CRAWLING_USER_AGENT_UNSPECIFIED,,
https://reklamap.pl/powierzchnia-reklamowa/billboardy/kudowa-zdroj/billboard-kudowa-zdroj-trasa-nr-8-531,NEUTRAL,Strona wykryta – obecnie niezindeksowana,INDEXING_STATE_UNSPECIFIED,ROBOTS_TXT_STATE_UNSPECIFIED,PAGE_FETCH_STATE_UNSPECIFIED,,,,CRAWLING_USER_AGENT_UNSPECIFIED,,
https://reklamap.pl/powierzchnia-reklamowa/billboardy/kudowa-zdroj/billboard-kudowa-zdroj-trasa-nr-8-535,PASS,Strona przesłana i zindeksowana,INDEXING_ALLOWED,ALLOWED,SUCCESSFUL,https://reklamap.pl/powierzchnia-reklamowa/billboardy/kudowa-zdroj/billboard-kudowa-zdroj-trasa-nr-8-535,https://reklamap.pl/powierzchnia-reklamowa/billboardy/kudowa-zdroj/billboard-kudowa-zdroj-trasa-nr-8-535,2026-08-03T20:46:43Z,MOBILE,,
https://reklamap.pl/powierzchnia-reklamowa/billboardy/kudowa-zdroj/billboard-kudowa-zdroj-trasa-nr-8-679,NEUTRAL,Strona wykryta – obecnie niezindeksowana,INDEXING_STATE_UNSPECIFIED,ROBOTS_TXT_STATE_UNSPECIFIED,PAGE_FETCH_STATE_UNSPECIFIED,,,,CRAWLING_USER_AGENT_UNSPECIFIED,,
https://reklamap.pl/powierzchnia-reklamowa/billboardy/kudowa-zdroj/billboard-kudowa-zdroj-trasa-nr-8-680,PASS,Strona przesłana i zindeksowana,INDEXING_ALLOWED,ALLOWED,SUCCESSFUL,https://reklamap.pl/powierzchnia-reklamowa/billboardy/kudowa-zdroj/billboard-kudowa-zdroj-trasa-nr-8-680,https://reklamap.pl/powierzchnia-reklamowa/billboardy/kudowa-zdroj/billboard-kudowa-zdroj-trasa-nr-8-680,2026-07-18T07:14:40Z,MOBILE,,
https://reklamap.pl/powierzchnia-reklamowa/billboardy/ladek-zdroj/billboard-ladek-zdroj-ladek-zdr-ul-mickiewicza-przed-rondem-716,PASS,Strona przesłana i zindeksowana,INDEXING_ALLOWED,ALLOWED,SUCCESSFUL,https://reklamap.pl/powierzchnia-reklamowa/billboardy/ladek-zdroj/billboard-ladek-zdroj-ladek-zdr-ul-mickiewicza-przed-rondem-716,https://reklamap.pl/powierzchnia-reklamowa/billboardy/ladek-zdroj/billboard-ladek-zdroj-ladek-zdr-ul-mickiewicza-przed-rondem-716,2026-07-19T03:32:06Z,MOBILE,,
https://reklamap.pl/powierzchnia-reklamowa/billboardy/ladek-zdroj/billboard-ladek-zdroj-ladek-zdr-ul-mickiewicza-za-rondem-717,PASS,Strona przesłana i zindeksowana,INDEXING_ALLOWED,ALLOWED,SUCCESSFUL,https://reklamap.pl/powierzchnia-reklamowa/billboardy/ladek-zdroj/billboard-ladek-zdroj-ladek-zdr-ul-mickiewicza-za-rondem-717,https://reklamap.pl/powierzchnia-reklamowa/billboardy/ladek-zdroj/billboard-ladek-zdroj-ladek-zdr-ul-mickiewicza-za-rondem-717,2026-08-23T17:36:34Z,MOBILE,,
https://reklamap.pl/powierzchnia-reklamowa/billboardy/lagiewniki/billboard-lagiewniki-centrum-miasta-474,NEUTRAL,Strona wykryta – obecnie niezindeksowana,INDEXING_STATE_UNSPECIFIED,ROBOTS_TXT_STATE_UNSPECIFIED,PAGE_FETCH_STATE_UNSPECIFIED,,,,CRAWLING_USER_AGENT_UNSPECIFIED,,
https://reklamap.pl/powierzchnia-reklamowa/billboardy/lagiewniki/billboard-lagiewniki-lagiewniki-425,PASS,Strona przesłana i zindeksowana,INDEXING_ALLOWED,ALLOWED,SUCCESSFUL,https://reklamap.pl/powierzchnia-reklamowa/billboardy/lagiewniki/billboard-lagiewniki-lagiewniki-425,https://reklamap.pl/powierzchnia-reklamowa/billboardy/lagiewniki/billboard-lagiewniki-lagiewniki-425,2026-07-17T20:10:51Z,MOBILE,,
https://reklamap.pl/powierzchnia-reklamowa/billboardy/lagiewniki/billboard-lagiewniki-lagiewniki-426,PASS,Strona przesłana i zindeksowana,INDEXING_ALLOWED,ALLOWED,SUCCESSFUL,https://reklamap.pl/powierzchnia-reklamowa/billboardy/lagiewniki/billboard-lagiewniki-lagiewniki-426,https://reklamap.pl/powierzchnia-reklamowa/billboardy/lagiewniki/billboard-lagiewniki-lagiewniki-426,2026-08-24T17:07:29Z,MOBILE,,
https://reklamap.pl/powierzchnia-reklamowa/billboardy/lagiewniki/billboard-lagiewniki-przy-banku-spoldzielczym-490,PASS,Strona przesłana i zindeksowana,INDEXING_ALLOWED,ALLOWED,SUCCESSFUL,https://reklamap.pl/powierzchnia-reklamowa/billboardy/lagiewniki/billboard-lagiewniki-przy-banku-spoldzielczym-490,https://reklamap.pl/powierzchnia-reklamowa/billboardy/lagiewniki/billboard-lagiewniki-przy-banku-spoldzielczym-490,2026-08-22T23:06:39Z,MOBILE,,
https://reklamap.pl/powierzchnia-reklamowa/billboardy/lagiewniki/billboard-lagiewniki-przy-banku-spoldzielczym-491,PASS,Strona przesłana i zindeksowana,INDEXING_ALLOWED,ALLOWED,SUCCESSFUL,https://reklamap.pl/powierzchnia-reklamowa/billboardy/lagiewniki/billboard-lagiewniki-przy-banku-spoldzielczym-491,https://reklamap.pl/powierzchnia-reklamowa/billboardy/lagiewniki/billboard-lagiewniki-przy-banku-spoldzielczym-491,2026-07-18T16:01:55Z,MOBILE,,
https://reklamap.pl/powierzchnia-reklamowa/billboardy/lagiewniki/billboard-lagiewniki-przy-skrzyzowaniu-z-biedronka-475,PASS,Strona przesłana i zindeksowana,INDEXING_ALLOWED,ALLOWED,SUCCESSFUL,https://reklamap.pl/powierzchnia-reklamowa/billboardy/lagiewniki/billboard-lagiewniki-przy-skrzyzowaniu-z-biedronka-475,https://reklamap.pl/powierzchnia-reklamowa/billboardy/lagiewniki/billboard-lagiewniki-przy-skrzyzowaniu-z-biedronka-475,2026-07-26T00:42:19Z,MOBILE,,
https://reklamap.pl/powierzchnia-reklamowa/billboardy/lagiewniki/billboard-lagiewniki-przy-stacji-orlen-387,PASS,Strona przesłana i zindeksowana,INDEXING_ALLOWED,ALLOWED,SUCCESSFUL,https://reklamap.pl/powierzchnia-reklamowa/billboardy/lagiewniki/billboard-lagiewniki-przy-stacji-orlen-387,https://reklamap.pl/powierzchnia-reklamowa/billboardy/lagiewniki/billboard-lagiewniki-przy-stacji-orlen-387,2026-09-01T04:40:31Z,MOBILE,,
https://reklamap.pl/powierzchnia-reklamowa/billboardy/lagiewniki/billboard-lagiewniki-przy-stacji-orlen-388,PASS,Strona przesłana i zindeksowana,INDEXING_ALLOWED,ALLOWED,SUCCESSFUL,https://reklamap.pl/powierzchnia-reklamowa/billboardy/lagiewniki/billboard-lagiewniki-przy-stacji-orlen-388,https://reklamap.pl/powierzchnia-reklamowa/billboardy/lagiewniki/billboard-lagiewniki-przy-stacji-orlen-388,2026-08-31T22:34:03Z,MOBILE,,
https://reklamap.pl/powierzchnia-reklamowa/billboardy/lagiewniki/billboard-lagiewniki-przy-zajezdzie-vena-484,PASS,Strona przesłana i zindeksowana,INDEXING_ALLOWED,ALLOWED,SUCCESSFUL,https://reklamap.pl/powierzchnia-reklamowa/billboardy/lagiewniki/billboard-lagiewniki-przy-zajezdzie-vena-484,https://reklamap.pl/powierzchnia-reklamowa/billboardy/lagiewniki/billboard-lagiewniki-przy-zajezdzie-vena-484,2026-07-17T22:04:18Z,MOBILE,,
https://reklamap.pl/powierzchnia-reklamowa/billboardy/legnica/billboard-przy-autostradzie-a4-legnica-49,NEUTRAL,Adres URL jest Google nieznany,INDEXING_STATE_UNSPECIFIED,ROBOTS_TXT_STATE_UNSPECIFIED,PAGE_FETCH_STATE_UNSPECIFIED,,,,,,
https://reklamap.pl/powierzchnia-reklamowa/billboardy/leki/billboard-leki-948-i-1095,PASS,Strona przesłana i zindeksowana,INDEXING_ALLOWED,ALLOWED,SUCCESSFUL,https://reklamap.pl/powierzchnia-reklamowa/billboardy/leki/billboard-leki-948-i-1095,https://reklamap.pl/powierzchnia-reklamowa/billboardy/leki/billboard-leki-948-i-1095,2026-08-22T23:16:19Z,MOBILE,,
https://reklamap.pl/powierzchnia-reklamowa/billboardy/leki/billboard-leki-948-i2-1096,PASS,Strona przesłana i zindeksowana,INDEXING_ALLOWED,ALLOWED,SUCCESSFUL,https://reklamap.pl/powierzchnia-reklamowa/billboardy/leki/billboard-leki-948-i2-1096,https://reklamap.pl/powierzchnia-reklamowa/billboardy/leki/billboard-leki-948-i2-1096,2026-08-24T19:52:22Z,MOBILE,,
https://reklamap.pl/powierzchnia-reklamowa/billboardy/leki/billboard-leki-piastowska-iii2-1097,PASS,Strona przesłana i zindeksowana,INDEXING_ALLOWED,ALLOWED,SUCCESSFUL,https://reklamap.pl/powierzchnia-reklamowa/billboardy/leki/billboard-leki-piastowska-iii2-1097,https://reklamap.pl/powierzchnia-reklamowa/billboardy/leki/billboard-leki-piastowska-iii2-1097,2026-08-22T20:46:41Z,MOBILE,,
https://reklamap.pl/powierzchnia-reklamowa/billboardy/lubowidza/billboard-przy-a2-12-15-x-11-5-m-lubowidza-kier-lodz-front-942,PASS,Strona przesłana i zindeksowana,INDEXING_ALLOWED,ALLOWED,SUCCESSFUL,https://reklamap.pl/powierzchnia-reklamowa/billboardy/lubowidza/billboard-przy-a2-12-15-x-11-5-m-lubowidza-kier-lodz-front-942,https://reklamap.pl/powierzchnia-reklamowa/billboardy/lubowidza/billboard-przy-a2-12-15-x-11-5-m-lubowidza-kier-lodz-front-942,2026-08-03T20:27:03Z,MOBILE,,
https://reklamap.pl/powierzchnia-reklamowa/billboardy/lubowidza/billboard-przy-a2-12-15-x-11-5-m-lubowidza-kier-warszawa-tyl-943,PASS,Strona przesłana i zindeksowana,INDEXING_ALLOWED,ALLOWED,SUCCESSFUL,https://reklamap.pl/powierzchnia-reklamowa/billboardy/lubowidza/billboard-przy-a2-12-15-x-11-5-m-lubowidza-kier-warszawa-tyl-943,https://reklamap.pl/powierzchnia-reklamowa/billboardy/lubowidza/billboard-przy-a2-12-15-x-11-5-m-lubowidza-kier-warszawa-tyl-943,2026-07-24T17:40:23Z,MOBILE,,
https://reklamap.pl/powierzchnia-reklamowa/billboardy/lubowidza/billboard-przy-a2-2-4-x-11-5-m-lubowidza-kier-lodz-i-warszawa-bok-944,NEUTRAL,Adres URL jest Google nieznany,INDEXING_STATE_UNSPECIFIED,ROBOTS_TXT_STATE_UNSPECIFIED,PAGE_FETCH_STATE_UNSPECIFIED,,,,,,
https://reklamap.pl/powierzchnia-reklamowa/billboardy/lubowidza/billboard-przy-a2-caly-nosnik-front-tyl-bok-lubowidza-945,NEUTRAL,Strona wykryta – obecnie niezindeksowana,INDEXING_STATE_UNSPECIFIED,ROBOTS_TXT_STATE_UNSPECIFIED,PAGE_FETCH_STATE_UNSPECIFIED,,,,CRAWLING_USER_AGENT_UNSPECIFIED,,
https://reklamap.pl/powierzchnia-reklamowa/billboardy/magnice/billboard-magnice-wjazd-na-aow-558,PASS,Strona przesłana i zindeksowana,INDEXING_ALLOWED,ALLOWED,SUCCESSFUL,https://reklamap.pl/powierzchnia-reklamowa/billboardy/magnice/billboard-magnice-wjazd-na-aow-558,https://reklamap.pl/powierzchnia-reklamowa/billboardy/magnice/billboard-magnice-wjazd-na-aow-558,2026-08-03T17:44:10Z,MOBILE,,
https://reklamap.pl/powierzchnia-reklamowa/billboardy/magnice/billboard-magnice-zjazd-z-aow-559,PASS,Strona przesłana i zindeksowana,INDEXING_ALLOWED,ALLOWED,SUCCESSFUL,https://reklamap.pl/powierzchnia-reklamowa/billboardy/magnice/billboard-magnice-zjazd-z-aow-559,https://reklamap.pl/powierzchnia-reklamowa/billboardy/magnice/billboard-magnice-zjazd-z-aow-559,2026-07-24T23:17:02Z,MOBILE,,
https://reklamap.pl/powierzchnia-reklamowa/billboardy/magnice/billboard-magnice-zjazd-z-autostradowej-obwodnicy-wroclawia-aow-562,PASS,Strona przesłana i zindeksowana,INDEXING_ALLOWED,ALLOWED,SUCCESSFUL,https://reklamap.pl/powierzchnia-reklamowa/billboardy/magnice/billboard-magnice-zjazd-z-autostradowej-obwodnicy-wroclawia-aow-562,https://reklamap.pl/powierzchnia-reklamowa/billboardy/magnice/billboard-magnice-zjazd-z-autostradowej-obwodnicy-wroclawia-aow-562,2026-09-03T05:01:00Z,MOBILE,,
https://reklamap.pl/powierzchnia-reklamowa/billboardy/magnice/billboard-magnice-zjazd-z-autostradowej-obwodnicy-wroclawia-aow-672,NEUTRAL,Strona wykryta – obecnie niezindeksowana,INDEXING_STATE_UNSPECIFIED,ROBOTS_TXT_STATE_UNSPECIFIED,PAGE_FETCH_STATE_UNSPECIFIED,,,,CRAWLING_USER_AGENT_UNSPECIFIED,,
https://reklamap.pl/powierzchnia-reklamowa/billboardy/makow-mazowiecki/billboard-tablica-reklamowa-makow-mazowiecki-67,NEUTRAL,Strona wykryta – obecnie niezindeksowana,INDEXING_STATE_UNSPECIFIED,ROBOTS_TXT_STATE_UNSPECIFIED,PAGE_FETCH_STATE_UNSPECIFIED,,,,CRAWLING_USER_AGENT_UNSPECIFIED,,
https://reklamap.pl/powierzchnia-reklamowa/billboardy/makow-mazowiecki/billboard-tablica-reklamowa-makow-mazowiecki-69,NEUTRAL,Strona wykryta – obecnie niezindeksowana,INDEXING_STATE_UNSPECIFIED,ROBOTS_TXT_STATE_UNSPECIFIED,PAGE_FETCH_STATE_UNSPECIFIED,,,,CRAWLING_USER_AGENT_UNSPECIFIED,,
https://reklamap.pl/powierzchnia-reklamowa/billboardy/makow-mazowiecki/billboard-tablica-reklamowa-makow-mazowiecki-70,NEUTRAL,Strona wykryta – obecnie niezindeksowana,INDEXING_STATE_UNSPECIFIED,ROBOTS_TXT_STATE_UNSPECIFIED,PAGE_FETCH_STATE_UNSPECIFIED,,,,CRAWLING_USER_AGENT_UNSPECIFIED,,
https://reklamap.pl/powierzchnia-reklamowa/billboardy/mala-gorka/billboard-przy-a2-12-15-x-11-5-m-mala-gorka-kier-poznan-front-934,PASS,Strona przesłana i zindeksowana,INDEXING_ALLOWED,ALLOWED,SUCCESSFUL,https://reklamap.pl/powierzchnia-reklamowa/billboardy/mala-gorka/billboard-przy-a2-12-15-x-11-5-m-mala-gorka-kier-poznan-front-934,https://reklamap.pl/powierzchnia-reklamowa/billboardy/mala-gorka/billboard-przy-a2-12-15-x-11-5-m-mala-gorka-kier-poznan-front-934,2026-08-03T21:45:12Z,MOBILE,,
https://reklamap.pl/powierzchnia-reklamowa/billboardy/mala-gorka/billboard-przy-a2-12-15-x-11-5-m-mala-gorka-kier-warszawa-tyl-935,NEUTRAL,Strona wykryta – obecnie niezindeksowana,INDEXING_STATE_UNSPECIFIED,ROBOTS_TXT_STATE_UNSPECIFIED,PAGE_FETCH_STATE_UNSPECIFIED,,,,CRAWLING_USER_AGENT_UNSPECIFIED,,
https://reklamap.pl/powierzchnia-reklamowa/billboardy/mala-gorka/billboard-przy-a2-2-4-x-11-5-m-mala-gorka-kier-poznan-i-warszawa-bok-936,PASS,Strona przesłana i zindeksowana,INDEXING_ALLOWED,ALLOWED,SUCCESSFUL,https://reklamap.pl/powierzchnia-reklamowa/billboardy/mala-gorka/billboard-przy-a2-2-4-x-11-5-m-mala-gorka-kier-poznan-i-warszawa-bok-936,https://reklamap.pl/powierzchnia-reklamowa/billboardy/mala-gorka/billboard-przy-a2-2-4-x-11-5-m-mala-gorka-kier-poznan-i-warszawa-bok-936,2026-08-03T16:15:43Z,MOBILE,,
https://reklamap.pl/powierzchnia-reklamowa/billboardy/mala-gorka/billboard-przy-a2-caly-nosnik-front-tyl-bok-mala-gorka-937,NEUTRAL,Adres URL jest Google nieznany,INDEXING_STATE_UNSPECIFIED,ROBOTS_TXT_STATE_UNSPECIFIED,PAGE_FETCH_STATE_UNSPECIFIED,,,,,,
https://reklamap.pl/powierzchnia-reklamowa/billboardy/miastkowo/billboard-6-x-3-72,PASS,Strona przesłana i zindeksowana,INDEXING_ALLOWED,ALLOWED,SUCCESSFUL,https://reklamap.pl/powierzchnia-reklamowa/billboardy/miastkowo/billboard-6-x-3-72,https://reklamap.pl/powierzchnia-reklamowa/billboardy/miastkowo/billboard-6-x-3-72,2026-08-04T04:51:32Z,MOBILE,,
https://reklamap.pl/powierzchnia-reklamowa/billboardy/miedzylesie/billboard-miedzylesie-miedzylesie-wyjazd-na-klodzko-ulwarszawska-406,PASS,Strona przesłana i zindeksowana,INDEXING_ALLOWED,ALLOWED,SUCCESSFUL,https://reklamap.pl/powierzchnia-reklamowa/billboardy/miedzylesie/billboard-miedzylesie-miedzylesie-wyjazd-na-klodzko-ulwarszawska-406,https://reklamap.pl/powierzchnia-reklamowa/billboardy/miedzylesie/billboard-miedzylesie-miedzylesie-wyjazd-na-klodzko-ulwarszawska-406,2026-07-25T17:49:08Z,MOBILE,,
https://reklamap.pl/powierzchnia-reklamowa/billboardy/minsk-mazowiecki/billboard-w642-a2-brzozowka-kier-minsk-mazowiecki-983,NEUTRAL,Adres URL jest Google nieznany,INDEXING_STATE_UNSPECIFIED,ROBOTS_TXT_STATE_UNSPECIFIED,PAGE_FETCH_STATE_UNSPECIFIED,,,,,,
https://reklamap.pl/powierzchnia-reklamowa/billboardy/mogilany/wynajme-55,NEUTRAL,Adres URL jest Google nieznany,INDEXING_STATE_UNSPECIFIED,ROBOTS_TXT_STATE_UNSPECIFIED,PAGE_FETCH_STATE_UNSPECIFIED,,,,,,
https://reklamap.pl/powierzchnia-reklamowa/billboardy/mscice/billboard-mscice-ul-baltycka-806,PASS,Strona przesłana i zindeksowana,INDEXING_ALLOWED,ALLOWED,SUCCESSFUL,https://reklamap.pl/powierzchnia-reklamowa/billboardy/mscice/billboard-mscice-ul-baltycka-806,https://reklamap.pl/powierzchnia-reklamowa/billboardy/mscice/billboard-mscice-ul-baltycka-806,2026-08-22T22:45:09Z,MOBILE,,
https://reklamap.pl/powierzchnia-reklamowa/billboardy/mscice/billboard-mscice-ul-baltycka-807,PASS,Strona przesłana i zindeksowana,INDEXING_ALLOWED,ALLOWED,SUCCESSFUL,https://reklamap.pl/powierzchnia-reklamowa/billboardy/mscice/billboard-mscice-ul-baltycka-807,https://reklamap.pl/powierzchnia-reklamowa/billboardy/mscice/billboard-mscice-ul-baltycka-807,2026-08-31T11:29:09Z,MOBILE,,
https://reklamap.pl/powierzchnia-reklamowa/billboardy/mscice/billboard-mscice-ul-koszalinska-808,PASS,Strona przesłana i zindeksowana,INDEXING_ALLOWED,ALLOWED,SUCCESSFUL,https://reklamap.pl/powierzchnia-reklamowa/billboardy/mscice/billboard-mscice-ul-koszalinska-808,https://reklamap.pl/powierzchnia-reklamowa/billboardy/mscice/billboard-mscice-ul-koszalinska-808,2026-08-30T20:18:54Z,MOBILE,,
https://reklamap.pl/powierzchnia-reklamowa/billboardy/mscice/billboard-mscice-ul-koszalinska-809,PASS,Strona przesłana i zindeksowana,INDEXING_ALLOWED,ALLOWED,SUCCESSFUL,https://reklamap.pl/powierzchnia-reklamowa/billboardy/mscice/billboard-mscice-ul-koszalinska-809,https://reklamap.pl/powierzchnia-reklamowa/billboardy/mscice/billboard-mscice-ul-koszalinska-809,2026-07-19T07:37:31Z,MOBILE,,
https://reklamap.pl/powierzchnia-reklamowa/billboardy/mscice/billboard-mscice-ul-koszalinska-810,PASS,Strona przesłana i zindeksowana,INDEXING_ALLOWED,ALLOWED,SUCCESSFUL,https://reklamap.pl/powierzchnia-reklamowa/billboardy/mscice/billboard-mscice-ul-koszalinska-810,https://reklamap.pl/powierzchnia-reklamowa/billboardy/mscice/billboard-mscice-ul-koszalinska-810,2026-07-19T11:42:47Z,MOBILE,,
https://reklamap.pl/powierzchnia-reklamowa/billboardy/mscice/billboard-mscice-ul-koszalinska-811,PASS,Strona przesłana i zindeksowana,INDEXING_ALLOWED,ALLOWED,SUCCESSFUL,https://reklamap.pl/powierzchnia-reklamowa/billboardy/mscice/billboard-mscice-ul-koszalinska-811,https://reklamap.pl/powierzchnia-reklamowa/billboardy/mscice/billboard-mscice-ul-koszalinska-811,2026-08-23T06:08:58Z,MOBILE,,
https://reklamap.pl/powierzchnia-reklamowa/billboardy/myslowice/billboard-5-04-x-2-38-m-myslowice-251,PASS,Strona przesłana i zindeksowana,INDEXING_ALLOWED,ALLOWED,SUCCESSFUL,https://reklamap.pl/powierzchnia-reklamowa/billboardy/myslowice/billboard-5-04-x-2-38-m-myslowice-251,https://reklamap.pl/powierzchnia-reklamowa/billboardy/myslowice/billboard-5-04-x-2-38-m-myslowice-251,2026-08-03T18:11:29Z,MOBILE,,
https://reklamap.pl/powierzchnia-reklamowa/billboardy/myslowice/billboard-5-04-x-2-38-m-myslowice-253,PASS,Strona przesłana i zindeksowana,INDEXING_ALLOWED,ALLOWED,SUCCESSFUL,https://reklamap.pl/powierzchnia-reklamowa/billboardy/myslowice/billboard-5-04-x-2-38-m-myslowice-253,https://reklamap.pl/powierzchnia-reklamowa/billboardy/myslowice/billboard-5-04-x-2-38-m-myslowice-253,2026-08-03T20:52:00Z,MOBILE,,
https://reklamap.pl/powierzchnia-reklamowa/billboardy/myslowice/billboard-5-04-x-2-38-m-myslowice-254,PASS,Strona przesłana i zindeksowana,INDEXING_ALLOWED,ALLOWED,SUCCESSFUL,https://reklamap.pl/powierzchnia-reklamowa/billboardy/myslowice/billboard-5-04-x-2-38-m-myslowice-254,https://reklamap.pl/powierzchnia-reklamowa/billboardy/myslowice/billboard-5-04-x-2-38-m-myslowice-254,2026-08-24T14:41:58Z,MOBILE,,
https://reklamap.pl/powierzchnia-reklamowa/billboardy/myslowice/billboard-5-04-x-2-38-m-myslowice-255,PASS,Strona przesłana i zindeksowana,INDEXING_ALLOWED,ALLOWED,SUCCESSFUL,https://reklamap.pl/powierzchnia-reklamowa/billboardy/myslowice/billboard-5-04-x-2-38-m-myslowice-255,https://reklamap.pl/powierzchnia-reklamowa/billboardy/myslowice/billboard-5-04-x-2-38-m-myslowice-255,2026-07-25T08:01:18Z,MOBILE,,
https://reklamap.pl/powierzchnia-reklamowa/billboardy/myslowice/billboard-5-04-x-2-38-m-myslowice-257,NEUTRAL,Strona wykryta – obecnie niezindeksowana,INDEXING_STATE_UNSPECIFIED,ROBOTS_TXT_STATE_UNSPECIFIED,PAGE_FETCH_STATE_UNSPECIFIED,,,,CRAWLING_USER_AGENT_UNSPECIFIED,,
https://reklamap.pl/powierzchnia-reklamowa/billboardy/myslowice/billboard-5-04-x-2-38-m-myslowice-258,PASS,Strona przesłana i zindeksowana,INDEXING_ALLOWED,ALLOWED,SUCCESSFUL,https://reklamap.pl/powierzchnia-reklamowa/billboardy/myslowice/billboard-5-04-x-2-38-m-myslowice-258,https://reklamap.pl/powierzchnia-reklamowa/billboardy/myslowice/billboard-5-04-x-2-38-m-myslowice-258,2026-08-04T05:56:39Z,MOBILE,,
https://reklamap.pl/powierzchnia-reklamowa/billboardy/myslowice/billboard-6-x-3-m-myslowice-centrum-250,PASS,Strona przesłana i zindeksowana,INDEXING_ALLOWED,ALLOWED,SUCCESSFUL,https://reklamap.pl/powierzchnia-reklamowa/billboardy/myslowice/billboard-6-x-3-m-myslowice-centrum-250,https://reklamap.pl/powierzchnia-reklamowa/billboardy/myslowice/billboard-6-x-3-m-myslowice-centrum-250,2026-08-23T20:32:43Z,MOBILE,,
https://reklamap.pl/powierzchnia-reklamowa/billboardy/myslowice/billboard-6-x-3-m-myslowice-centrum-nasyp-kolejowy-252,PASS,Strona przesłana i zindeksowana,INDEXING_ALLOWED,ALLOWED,SUCCESSFUL,https://reklamap.pl/powierzchnia-reklamowa/billboardy/myslowice/billboard-6-x-3-m-myslowice-centrum-nasyp-kolejowy-252,https://reklamap.pl/powierzchnia-reklamowa/billboardy/myslowice/billboard-6-x-3-m-myslowice-centrum-nasyp-kolejowy-252,2026-09-07T05:42:17Z,MOBILE,,
https://reklamap.pl/powierzchnia-reklamowa/billboardy/myslowice/billboard-6-x-3-m-myslowice-pkp-256,PASS,Strona przesłana i zindeksowana,INDEXING_ALLOWED,ALLOWED,SUCCESSFUL,https://reklamap.pl/powierzchnia-reklamowa/billboardy/myslowice/billboard-6-x-3-m-myslowice-pkp-256,https://reklamap.pl/powierzchnia-reklamowa/billboardy/myslowice/billboard-6-x-3-m-myslowice-pkp-256,2026-08-03T20:43:51Z,MOBILE,,
https://reklamap.pl/powierzchnia-reklamowa/billboardy/nagradowice/billboard-przy-a2-12-15-x-11-5-m-nagradowice-kier-poznan-front-918,NEUTRAL,Strona wykryta – obecnie niezindeksowana,INDEXING_STATE_UNSPECIFIED,ROBOTS_TXT_STATE_UNSPECIFIED,PAGE_FETCH_STATE_UNSPECIFIED,,,,CRAWLING_USER_AGENT_UNSPECIFIED,,
https://reklamap.pl/powierzchnia-reklamowa/billboardy/nagradowice/billboard-przy-a2-12-15-x-11-5-m-nagradowice-kier-warszawa-tyl-919,PASS,Strona przesłana i zindeksowana,INDEXING_ALLOWED,ALLOWED,SUCCESSFUL,https://reklamap.pl/powierzchnia-reklamowa/billboardy/nagradowice/billboard-przy-a2-12-15-x-11-5-m-nagradowice-kier-warszawa-tyl-919,https://reklamap.pl/powierzchnia-reklamowa/billboardy/nagradowice/billboard-przy-a2-12-15-x-11-5-m-nagradowice-kier-warszawa-tyl-919,2026-08-03T20:27:30Z,MOBILE,,
https://reklamap.pl/powierzchnia-reklamowa/billboardy/nagradowice/billboard-przy-a2-2-4-x-11-5-m-nagradowice-kier-berlin-i-warszawa-bok-920,NEUTRAL,Adres URL jest Google nieznany,INDEXING_STATE_UNSPECIFIED,ROBOTS_TXT_STATE_UNSPECIFIED,PAGE_FETCH_STATE_UNSPECIFIED,,,,,,
https://reklamap.pl/powierzchnia-reklamowa/billboardy/nagradowice/billboard-przy-a2-caly-nosnik-front-tyl-bok-nagradowice-921,NEUTRAL,Strona wykryta – obecnie niezindeksowana,INDEXING_STATE_UNSPECIFIED,ROBOTS_TXT_STATE_UNSPECIFIED,PAGE_FETCH_STATE_UNSPECIFIED,,,,CRAWLING_USER_AGENT_UNSPECIFIED,,
https://reklamap.pl/powierzchnia-reklamowa/billboardy/niegowonice/billboard-6-x-3-m-niegowonice-216,PASS,Strona przesłana i zindeksowana,INDEXING_ALLOWED,ALLOWED,SUCCESSFUL,https://reklamap.pl/powierzchnia-reklamowa/billboardy/niegowonice/billboard-6-x-3-m-niegowonice-216,https://reklamap.pl/powierzchnia-reklamowa/billboardy/niegowonice/billboard-6-x-3-m-niegowonice-216,2026-08-04T04:13:58Z,MOBILE,,
https://reklamap.pl/powierzchnia-reklamowa/billboardy/niegowonice/billboard-6-x-3-m-niegowonice-217,PASS,Strona przesłana i zindeksowana,INDEXING_ALLOWED,ALLOWED,SUCCESSFUL,https://reklamap.pl/powierzchnia-reklamowa/billboardy/niegowonice/billboard-6-x-3-m-niegowonice-217,https://reklamap.pl/powierzchnia-reklamowa/billboardy/niegowonice/billboard-6-x-3-m-niegowonice-217,2026-08-04T05:50:40Z,MOBILE,,
https://reklamap.pl/powierzchnia-reklamowa/billboardy/nieklonice/nieklonice-billbordy-dwustronne-wjazd-i-wyjazd-z-koszalina-83,PASS,Strona przesłana i zindeksowana,INDEXING_ALLOWED,ALLOWED,SUCCESSFUL,https://reklamap.pl/powierzchnia-reklamowa/billboardy/nieklonice/nieklonice-billbordy-dwustronne-wjazd-i-wyjazd-z-koszalina-83,https://reklamap.pl/powierzchnia-reklamowa/billboardy/nieklonice/nieklonice-billbordy-dwustronne-wjazd-i-wyjazd-z-koszalina-83,2026-07-18T19:24:15Z,MOBILE,,
https://reklamap.pl/powierzchnia-reklamowa/billboardy/niemcza/billboard-niemcza-skrzyzowanie-przy-stacji-bp-651,PASS,Strona przesłana i zindeksowana,INDEXING_ALLOWED,ALLOWED,SUCCESSFUL,https://reklamap.pl/powierzchnia-reklamowa/billboardy/niemcza/billboard-niemcza-skrzyzowanie-przy-stacji-bp-651,https://reklamap.pl/powierzchnia-reklamowa/billboardy/niemcza/billboard-niemcza-skrzyzowanie-przy-stacji-bp-651,2026-07-25T09:18:30Z,MOBILE,,
https://reklamap.pl/powierzchnia-reklamowa/billboardy/niemcza/billboard-niemcza-skrzyzowanie-przy-stacji-bp-652,PASS,Strona przesłana i zindeksowana,INDEXING_ALLOWED,ALLOWED,SUCCESSFUL,https://reklamap.pl/powierzchnia-reklamowa/billboardy/niemcza/billboard-niemcza-skrzyzowanie-przy-stacji-bp-652,https://reklamap.pl/powierzchnia-reklamowa/billboardy/niemcza/billboard-niemcza-skrzyzowanie-przy-stacji-bp-652,2026-08-03T17:17:25Z,MOBILE,,
https://reklamap.pl/powierzchnia-reklamowa/billboardy/nowa-ruda/billboard-do-wynajecia-111,PASS,Strona przesłana i zindeksowana,INDEXING_ALLOWED,ALLOWED,SUCCESSFUL,https://reklamap.pl/powierzchnia-reklamowa/billboardy/nowa-ruda/billboard-do-wynajecia-111,https://reklamap.pl/powierzchnia-reklamowa/billboardy/nowa-ruda/billboard-do-wynajecia-111,2026-08-21T11:50:07Z,MOBILE,,
https://reklamap.pl/powierzchnia-reklamowa/billboardy/nowa-ruda/billboard-nowa-ruda-slupiec-naprzeciw-marketu-intermarche-379,PASS,Strona przesłana i zindeksowana,INDEXING_ALLOWED,ALLOWED,SUCCESSFUL,https://reklamap.pl/powierzchnia-reklamowa/billboardy/nowa-ruda/billboard-nowa-ruda-slupiec-naprzeciw-marketu-intermarche-379,https://reklamap.pl/powierzchnia-reklamowa/billboardy/nowa-ruda/billboard-nowa-ruda-slupiec-naprzeciw-marketu-intermarche-379,2026-08-21T14:43:42Z,MOBILE,,
https://reklamap.pl/powierzchnia-reklamowa/billboardy/nowa-ruda/billboard-nowa-ruda-slupiec-przy-ch-intermarche-352,PASS,Strona przesłana i zindeksowana,INDEXING_ALLOWED,ALLOWED,SUCCESSFUL,https://reklamap.pl/powierzchnia-reklamowa/billboardy/nowa-ruda/billboard-nowa-ruda-slupiec-przy-ch-intermarche-352,https://reklamap.pl/powierzchnia-reklamowa/billboardy/nowa-ruda/billboard-nowa-ruda-slupiec-przy-ch-intermarche-352,2026-08-21T15:38:55Z,MOBILE,,
https://reklamap.pl/powierzchnia-reklamowa/billboardy/nowa-ruda/billboard-nowa-ruda-slupiec-przy-przejezdzie-kolejowym-389,PASS,Strona przesłana i zindeksowana,INDEXING_ALLOWED,ALLOWED,SUCCESSFUL,https://reklamap.pl/powierzchnia-reklamowa/billboardy/nowa-ruda/billboard-nowa-ruda-slupiec-przy-przejezdzie-kolejowym-389,https://reklamap.pl/powierzchnia-reklamowa/billboardy/nowa-ruda/billboard-nowa-ruda-slupiec-przy-przejezdzie-kolejowym-389,2026-08-21T14:50:54Z,MOBILE,,
https://reklamap.pl/powierzchnia-reklamowa/billboardy/nowa-ruda/billboard-nowa-ruda-slupiec-przy-przejezdzie-kolejowym-390,PASS,Strona przesłana i zindeksowana,INDEXING_ALLOWED,ALLOWED,SUCCESSFUL,https://reklamap.pl/powierzchnia-reklamowa/billboardy/nowa-ruda/billboard-nowa-ruda-slupiec-przy-przejezdzie-kolejowym-390,https://reklamap.pl/powierzchnia-reklamowa/billboardy/nowa-ruda/billboard-nowa-ruda-slupiec-przy-przejezdzie-kolejowym-390,2026-08-21T15:12:11Z,MOBILE,,
https://reklamap.pl/powierzchnia-reklamowa/billboardy/nowa-ruda/billboard-nowa-ruda-slupiec-ul-klodzka-659,PASS,Strona przesłana i zindeksowana,INDEXING_ALLOWED,ALLOWED,SUCCESSFUL,https://reklamap.pl/powierzchnia-reklamowa/billboardy/nowa-ruda/billboard-nowa-ruda-slupiec-ul-klodzka-659,https://reklamap.pl/powierzchnia-reklamowa/billboardy/nowa-ruda/billboard-nowa-ruda-slupiec-ul-klodzka-659,2026-07-25T03:49:56Z,MOBILE,,
https://reklamap.pl/powierzchnia-reklamowa/billboardy/nowa-ruda/billboard-nowa-ruda-wyjazd-w-kierunku-klodzka-595,PASS,Strona przesłana i zindeksowana,INDEXING_ALLOWED,ALLOWED,SUCCESSFUL,https://reklamap.pl/powierzchnia-reklamowa/billboardy/nowa-ruda/billboard-nowa-ruda-wyjazd-w-kierunku-klodzka-595,https://reklamap.pl/powierzchnia-reklamowa/billboardy/nowa-ruda/billboard-nowa-ruda-wyjazd-w-kierunku-klodzka-595,2026-08-03T20:47:40Z,MOBILE,,
https://reklamap.pl/powierzchnia-reklamowa/billboardy/nowa-wies/billboard-nowa-wies-oswiecimska-1093,PASS,Strona przesłana i zindeksowana,INDEXING_ALLOWED,ALLOWED,SUCCESSFUL,https://reklamap.pl/powierzchnia-reklamowa/billboardy/nowa-wies/billboard-nowa-wies-oswiecimska-1093,https://reklamap.pl/powierzchnia-reklamowa/billboardy/nowa-wies/billboard-nowa-wies-oswiecimska-1093,2026-08-22T20:52:22Z,MOBILE,,
https://reklamap.pl/powierzchnia-reklamowa/billboardy/nowa-wies/billboard-nowa-wies-oswiecimska-2-1094,PASS,Strona przesłana i zindeksowana,INDEXING_ALLOWED,ALLOWED,SUCCESSFUL,https://reklamap.pl/powierzchnia-reklamowa/billboardy/nowa-wies/billboard-nowa-wies-oswiecimska-2-1094,https://reklamap.pl/powierzchnia-reklamowa/billboardy/nowa-wies/billboard-nowa-wies-oswiecimska-2-1094,2026-08-22T19:43:25Z,MOBILE,,
https://reklamap.pl/powierzchnia-reklamowa/billboardy/nowa-wies-elcka/billboard-blisko-elku-998,PASS,Strona przesłana i zindeksowana,INDEXING_ALLOWED,ALLOWED,SUCCESSFUL,https://reklamap.pl/powierzchnia-reklamowa/billboardy/nowa-wies-elcka/billboard-blisko-elku-998,https://reklamap.pl/powierzchnia-reklamowa/billboardy/nowa-wies-elcka/billboard-blisko-elku-998,2026-09-06T15:47:50Z,MOBILE,,
https://reklamap.pl/powierzchnia-reklamowa/billboardy/nowa-wies-wroclawska/billboard-20-x-6m-wroclaw-obwodnica-duzy-ruch-63,PASS,Strona przesłana i zindeksowana,INDEXING_ALLOWED,ALLOWED,SUCCESSFUL,https://reklamap.pl/powierzchnia-reklamowa/billboardy/nowa-wies-wroclawska/billboard-20-x-6m-wroclaw-obwodnica-duzy-ruch-63,https://reklamap.pl/powierzchnia-reklamowa/billboardy/nowa-wies-wroclawska/billboard-20-x-6m-wroclaw-obwodnica-duzy-ruch-63,2026-07-31T13:45:58Z,MOBILE,,
https://reklamap.pl/powierzchnia-reklamowa/billboardy/nowa-wies-wroclawska/billboard-oswietlony-20-x-6m-wroclaw-61,PASS,Strona przesłana i zindeksowana,INDEXING_ALLOWED,ALLOWED,SUCCESSFUL,https://reklamap.pl/powierzchnia-reklamowa/billboardy/nowa-wies-wroclawska/billboard-oswietlony-20-x-6m-wroclaw-61,https://reklamap.pl/powierzchnia-reklamowa/billboardy/nowa-wies-wroclawska/billboard-oswietlony-20-x-6m-wroclaw-61,2026-07-25T08:53:14Z,MOBILE,,
https://reklamap.pl/powierzchnia-reklamowa/billboardy/olawa/billboard-olawa-ulopolska-542,NEUTRAL,Strona wykryta – obecnie niezindeksowana,INDEXING_STATE_UNSPECIFIED,ROBOTS_TXT_STATE_UNSPECIFIED,PAGE_FETCH_STATE_UNSPECIFIED,,,,CRAWLING_USER_AGENT_UNSPECIFIED,,
https://reklamap.pl/powierzchnia-reklamowa/billboardy/olawa/billboard-olawa-ulopolska-543,PASS,Strona przesłana i zindeksowana,INDEXING_ALLOWED,ALLOWED,SUCCESSFUL,https://reklamap.pl/powierzchnia-reklamowa/billboardy/olawa/billboard-olawa-ulopolska-543,https://reklamap.pl/powierzchnia-reklamowa/billboardy/olawa/billboard-olawa-ulopolska-543,2026-08-04T05:44:37Z,MOBILE,,
https://reklamap.pl/powierzchnia-reklamowa/billboardy/olsztyn/billboard-10-70-x-9-95-m-limanowskiego-zientary-malewskiej-1-olsztyn-1007,NEUTRAL,Alternatywna strona zawierająca prawidłowy tag strony kanonicznej,INDEXING_ALLOWED,ALLOWED,SUCCESSFUL,https://reklamap.pl/,https://reklamap.pl/powierzchnia-reklamowa/ekrany-led/olsztyn/telebim-olsztyn-centrum-ratusz-1025,2026-07-30T09:46:49Z,MOBILE,,
https://reklamap.pl/powierzchnia-reklamowa/billboardy/olsztyn/billboard-11-70-x-5-00-m-plac-jana-pawla-ii-4-olsztyn-1005,PASS,Strona przesłana i zindeksowana,INDEXING_ALLOWED,ALLOWED,SUCCESSFUL,https://reklamap.pl/powierzchnia-reklamowa/billboardy/olsztyn/billboard-11-70-x-5-00-m-plac-jana-pawla-ii-4-olsztyn-1005,https://reklamap.pl/powierzchnia-reklamowa/billboardy/olsztyn/billboard-11-70-x-5-00-m-plac-jana-pawla-ii-4-olsztyn-1005,2026-09-06T11:23:11Z,MOBILE,,
https://reklamap.pl/powierzchnia-reklamowa/billboardy/olsztyn/billboard-12-60-x-5-00-m-1-maja-13-olsztyn-1009,PASS,Strona przesłana i zindeksowana,INDEXING_ALLOWED,ALLOWED,SUCCESSFUL,https://reklamap.pl/powierzchnia-reklamowa/billboardy/olsztyn/billboard-12-60-x-5-00-m-1-maja-13-olsztyn-1009,https://reklamap.pl/powierzchnia-reklamowa/billboardy/olsztyn/billboard-12-60-x-5-00-m-1-maja-13-olsztyn-1009,2026-09-07T05:29:57Z,MOBILE,,
https://reklamap.pl/powierzchnia-reklamowa/billboardy/olsztyn/billboard-2-50-x-4-50-m-pilsudskiego-dabrowszczakow-1-olsztyn-1006,PASS,Strona przesłana i zindeksowana,INDEXING_ALLOWED,ALLOWED,SUCCESSFUL,https://reklamap.pl/powierzchnia-reklamowa/billboardy/olsztyn/billboard-2-50-x-4-50-m-pilsudskiego-dabrowszczakow-1-olsztyn-1006,https://reklamap.pl/powierzchnia-reklamowa/billboardy/olsztyn/billboard-2-50-x-4-50-m-pilsudskiego-dabrowszczakow-1-olsztyn-1006,2026-09-06T08:09:35Z,MOBILE,,
https://reklamap.pl/powierzchnia-reklamowa/billboardy/olsztyn/billboard-4-70-x-4-20-m-pilsudskiego-3-as-v-centrum-aura-olsztyn-1004,PASS,Strona przesłana i zindeksowana,INDEXING_ALLOWED,ALLOWED,SUCCESSFUL,https://reklamap.pl/powierzchnia-reklamowa/billboardy/olsztyn/billboard-4-70-x-4-20-m-pilsudskiego-3-as-v-centrum-aura-olsztyn-1004,https://reklamap.pl/powierzchnia-reklamowa/billboardy/olsztyn/billboard-4-70-x-4-20-m-pilsudskiego-3-as-v-centrum-aura-olsztyn-1004,2026-09-06T07:41:21Z,MOBILE,,
https://reklamap.pl/powierzchnia-reklamowa/billboardy/olsztyn/billboard-5-00-x-2-00-m-rondo-olsztynska-wadaska-dywity-wjazd-od-dywit-do-olsztyna-1020,PASS,Strona przesłana i zindeksowana,INDEXING_ALLOWED,ALLOWED,SUCCESSFUL,https://reklamap.pl/powierzchnia-reklamowa/billboardy/olsztyn/billboard-5-00-x-2-00-m-rondo-olsztynska-wadaska-dywity-wjazd-od-dywit-do-olsztyna-1020,https://reklamap.pl/powierzchnia-reklamowa/billboardy/olsztyn/billboard-5-00-x-2-00-m-rondo-olsztynska-wadaska-dywity-wjazd-od-dywit-do-olsztyna-1020,2026-09-06T07:40:30Z,MOBILE,,
https://reklamap.pl/powierzchnia-reklamowa/billboardy/olsztyn/billboard-5-00-x-2-00-m-sielska-wjazd-do-olsztyna-olsztyn-1013,NEUTRAL,Adres URL jest Google nieznany,INDEXING_STATE_UNSPECIFIED,ROBOTS_TXT_STATE_UNSPECIFIED,PAGE_FETCH_STATE_UNSPECIFIED,,,,,,
https://reklamap.pl/powierzchnia-reklamowa/billboardy/olsztyn/billboard-5-00-x-2-20-m-baltycka-wilgi-olsztyn-1010,NEUTRAL,Alternatywna strona zawierająca prawidłowy tag strony kanonicznej,INDEXING_ALLOWED,ALLOWED,SUCCESSFUL,https://reklamap.pl/,https://reklamap.pl/powierzchnia-reklamowa/ekrany-led/olsztyn/telebim-olsztyn-centrum-ratusz-1025,2026-07-30T18:34:49Z,MOBILE,,
https://reklamap.pl/powierzchnia-reklamowa/billboardy/olsztyn/billboard-5-00-x-2-50-m-baltycka-olsztyn-1012,PASS,Strona przesłana i zindeksowana,INDEXING_ALLOWED,ALLOWED,SUCCESSFUL,https://reklamap.pl/powierzchnia-reklamowa/billboardy/olsztyn/billboard-5-00-x-2-50-m-baltycka-olsztyn-1012,https://reklamap.pl/powierzchnia-reklamowa/billboardy/olsztyn/billboard-5-00-x-2-50-m-baltycka-olsztyn-1012,2026-09-06T13:42:17Z,MOBILE,,
https://reklamap.pl/powierzchnia-reklamowa/billboardy/olsztyn/billboard-5-00-x-2-50-m-dworcowa-ketrzynskiego-towarowa-ozgraf-olsztyn-1018,PASS,Strona przesłana i zindeksowana,INDEXING_ALLOWED,ALLOWED,SUCCESSFUL,https://reklamap.pl/powierzchnia-reklamowa/billboardy/olsztyn/billboard-5-00-x-2-50-m-dworcowa-ketrzynskiego-towarowa-ozgraf-olsztyn-1018,https://reklamap.pl/powierzchnia-reklamowa/billboardy/olsztyn/billboard-5-00-x-2-50-m-dworcowa-ketrzynskiego-towarowa-ozgraf-olsztyn-1018,2026-09-06T15:45:13Z,MOBILE,,
https://reklamap.pl/powierzchnia-reklamowa/billboardy/olsztyn/billboard-5-00-x-2-50-m-leonharda-olsztyn-1015,NEUTRAL,Alternatywna strona zawierająca prawidłowy tag strony kanonicznej,INDEXING_ALLOWED,ALLOWED,SUCCESSFUL,https://reklamap.pl/,https://reklamap.pl/powierzchnia-reklamowa/ekrany-led/olsztyn/telebim-olsztyn-centrum-ratusz-1025,2026-07-30T10:33:54Z,MOBILE,,
https://reklamap.pl/powierzchnia-reklamowa/billboardy/olsztyn/billboard-5-00-x-2-50-m-pstrowskiego-dworcowa-olsztyn-1017,PASS,Strona przesłana i zindeksowana,INDEXING_ALLOWED,ALLOWED,SUCCESSFUL,https://reklamap.pl/powierzchnia-reklamowa/billboardy/olsztyn/billboard-5-00-x-2-50-m-pstrowskiego-dworcowa-olsztyn-1017,https://reklamap.pl/powierzchnia-reklamowa/billboardy/olsztyn/billboard-5-00-x-2-50-m-pstrowskiego-dworcowa-olsztyn-1017,2026-09-06T15:41:44Z,MOBILE,,
https://reklamap.pl/powierzchnia-reklamowa/billboardy/olsztyn/billboard-5-00-x-2-50-m-wilczynskiego-olsztyn-1014,NEUTRAL,Alternatywna strona zawierająca prawidłowy tag strony kanonicznej,INDEXING_ALLOWED,ALLOWED,SUCCESSFUL,https://reklamap.pl/,https://reklamap.pl/powierzchnia-reklamowa/ekrany-led/olsztyn/telebim-olsztyn-centrum-ratusz-1025,2026-08-18T17:52:23Z,MOBILE,,
https://reklamap.pl/powierzchnia-reklamowa/billboardy/olsztyn/billboard-5-04-x-2-38-m-niepodleglosci-66-olsztyn-1002,PASS,Strona przesłana i zindeksowana,INDEXING_ALLOWED,ALLOWED,SUCCESSFUL,https://reklamap.pl/powierzchnia-reklamowa/billboardy/olsztyn/billboard-5-04-x-2-38-m-niepodleglosci-66-olsztyn-1002,https://reklamap.pl/powierzchnia-reklamowa/billboardy/olsztyn/billboard-5-04-x-2-38-m-niepodleglosci-66-olsztyn-1002,2026-09-06T07:38:51Z,MOBILE,,
https://reklamap.pl/powierzchnia-reklamowa/billboardy/olsztyn/billboard-5-04-x-2-38-m-warszawska-88-olsztyn-1003,PASS,Strona przesłana i zindeksowana,INDEXING_ALLOWED,ALLOWED,SUCCESSFUL,https://reklamap.pl/powierzchnia-reklamowa/billboardy/olsztyn/billboard-5-04-x-2-38-m-warszawska-88-olsztyn-1003,https://reklamap.pl/powierzchnia-reklamowa/billboardy/olsztyn/billboard-5-04-x-2-38-m-warszawska-88-olsztyn-1003,2026-09-07T07:00:45Z,MOBILE,,
https://reklamap.pl/powierzchnia-reklamowa/billboardy/olsztyn/billboard-5-04-x-2-38-m-wilczynskiego-sikorskiego-jaroty-olsztyn-1001,NEUTRAL,Strona wykryta – obecnie niezindeksowana,INDEXING_STATE_UNSPECIFIED,ROBOTS_TXT_STATE_UNSPECIFIED,PAGE_FETCH_STATE_UNSPECIFIED,,,,CRAWLING_USER_AGENT_UNSPECIFIED,,
https://reklamap.pl/powierzchnia-reklamowa/billboardy/olsztyn/billboard-5-10-x-2-60-m-baltycka-likusy-olsztyn-1011,PASS,Strona przesłana i zindeksowana,INDEXING_ALLOWED,ALLOWED,SUCCESSFUL,https://reklamap.pl/powierzchnia-reklamowa/billboardy/olsztyn/billboard-5-10-x-2-60-m-baltycka-likusy-olsztyn-1011,https://reklamap.pl/powierzchnia-reklamowa/billboardy/olsztyn/billboard-5-10-x-2-60-m-baltycka-likusy-olsztyn-1011,2026-09-06T03:00:33Z,MOBILE,,
https://reklamap.pl/powierzchnia-reklamowa/billboardy/olsztyn/billboard-5-10-x-2-60-m-witosa-kubusia-puchatka-olsztyn-1016,NEUTRAL,Alternatywna strona zawierająca prawidłowy tag strony kanonicznej,INDEXING_ALLOWED,ALLOWED,SUCCESSFUL,https://reklamap.pl/,https://reklamap.pl/powierzchnia-reklamowa/ekrany-led/olsztyn/telebim-olsztyn-centrum-ratusz-1025,2026-07-30T18:51:47Z,MOBILE,,
https://reklamap.pl/powierzchnia-reklamowa/billboardy/olsztyn/billboard-6-00-x-3-00-m-baltycka-gutkowo-olsztyn-1008,PASS,Strona przesłana i zindeksowana,INDEXING_ALLOWED,ALLOWED,SUCCESSFUL,https://reklamap.pl/powierzchnia-reklamowa/billboardy/olsztyn/billboard-6-00-x-3-00-m-baltycka-gutkowo-olsztyn-1008,https://reklamap.pl/powierzchnia-reklamowa/billboardy/olsztyn/billboard-6-00-x-3-00-m-baltycka-gutkowo-olsztyn-1008,2026-09-06T06:13:21Z,MOBILE,,
https://reklamap.pl/powierzchnia-reklamowa/billboardy/olsztyn/billboard-7-50-x-5-00-m-limanowskiego-zeromskiego-olsztyn-1019,NEUTRAL,Adres URL jest Google nieznany,INDEXING_STATE_UNSPECIFIED,ROBOTS_TXT_STATE_UNSPECIFIED,PAGE_FETCH_STATE_UNSPECIFIED,,,,,,
https://reklamap.pl/powierzchnia-reklamowa/billboardy/olsztyn/billboard-ol032-olsztyn-ul-towarowa-strona-lewa-985,PASS,Strona przesłana i zindeksowana,INDEXING_ALLOWED,ALLOWED,SUCCESSFUL,https://reklamap.pl/powierzchnia-reklamowa/billboardy/olsztyn/billboard-ol032-olsztyn-ul-towarowa-strona-lewa-985,https://reklamap.pl/powierzchnia-reklamowa/billboardy/olsztyn/billboard-ol032-olsztyn-ul-towarowa-strona-lewa-985,2026-08-21T16:32:24Z,MOBILE,,
https://reklamap.pl/powierzchnia-reklamowa/billboardy/olsztyn/billboard-ol033-olsztyn-ul-towarowa-strona-prawa-986,PASS,Strona przesłana i zindeksowana,INDEXING_ALLOWED,ALLOWED,SUCCESSFUL,https://reklamap.pl/powierzchnia-reklamowa/billboardy/olsztyn/billboard-ol033-olsztyn-ul-towarowa-strona-prawa-986,https://reklamap.pl/powierzchnia-reklamowa/billboardy/olsztyn/billboard-ol033-olsztyn-ul-towarowa-strona-prawa-986,2026-08-04T12:11:30Z,MOBILE,,
https://reklamap.pl/powierzchnia-reklamowa/billboardy/ornontowice/ornontowice-billboard-dwustronny-centrum-przy-dino-59,NEUTRAL,Strona wykryta – obecnie niezindeksowana,INDEXING_STATE_UNSPECIFIED,ROBOTS_TXT_STATE_UNSPECIFIED,PAGE_FETCH_STATE_UNSPECIFIED,,,,CRAWLING_USER_AGENT_UNSPECIFIED,,
https://reklamap.pl/powierzchnia-reklamowa/billboardy/osiek/billboard-osiek-glowna-1113,PASS,Strona przesłana i zindeksowana,INDEXING_ALLOWED,ALLOWED,SUCCESSFUL,https://reklamap.pl/powierzchnia-reklamowa/billboardy/osiek/billboard-osiek-glowna-1113,https://reklamap.pl/powierzchnia-reklamowa/billboardy/osiek/billboard-osiek-glowna-1113,2026-08-22T23:12:55Z,MOBILE,,
https://reklamap.pl/powierzchnia-reklamowa/billboardy/osiek/billboard-osiek-glowna-ii1-1114,PASS,Strona przesłana i zindeksowana,INDEXING_ALLOWED,ALLOWED,SUCCESSFUL,https://reklamap.pl/powierzchnia-reklamowa/billboardy/osiek/billboard-osiek-glowna-ii1-1114,https://reklamap.pl/powierzchnia-reklamowa/billboardy/osiek/billboard-osiek-glowna-ii1-1114,2026-08-24T21:04:22Z,MOBILE,,
https://reklamap.pl/powierzchnia-reklamowa/billboardy/ostrowik/billboard-6-x-3-m-ostrowik-304,PASS,Strona przesłana i zindeksowana,INDEXING_ALLOWED,ALLOWED,SUCCESSFUL,https://reklamap.pl/powierzchnia-reklamowa/billboardy/ostrowik/billboard-6-x-3-m-ostrowik-304,https://reklamap.pl/powierzchnia-reklamowa/billboardy/ostrowik/billboard-6-x-3-m-ostrowik-304,2026-08-04T12:08:56Z,MOBILE,,
https://reklamap.pl/powierzchnia-reklamowa/billboardy/ostrowik/billboard-6-x-3-m-ostrowik-305,PASS,Strona przesłana i zindeksowana,INDEXING_ALLOWED,ALLOWED,SUCCESSFUL,https://reklamap.pl/powierzchnia-reklamowa/billboardy/ostrowik/billboard-6-x-3-m-ostrowik-305,https://reklamap.pl/powierzchnia-reklamowa/billboardy/ostrowik/billboard-6-x-3-m-ostrowik-305,2026-08-17T16:15:08Z,MOBILE,,
https://reklamap.pl/powierzchnia-reklamowa/billboardy/ostrowik/billboard-6-x-3-m-ostrowik-306,PASS,Strona przesłana i zindeksowana,INDEXING_ALLOWED,ALLOWED,SUCCESSFUL,https://reklamap.pl/powierzchnia-reklamowa/billboardy/ostrowik/billboard-6-x-3-m-ostrowik-306,https://reklamap.pl/powierzchnia-reklamowa/billboardy/ostrowik/billboard-6-x-3-m-ostrowik-306,2026-08-19T22:13:53Z,MOBILE,,
https://reklamap.pl/powierzchnia-reklamowa/billboardy/ostrowik/billboard-6-x-3-m-ostrowik-307,PASS,Strona przesłana i zindeksowana,INDEXING_ALLOWED,ALLOWED,SUCCESSFUL,https://reklamap.pl/powierzchnia-reklamowa/billboardy/ostrowik/billboard-6-x-3-m-ostrowik-307,https://reklamap.pl/powierzchnia-reklamowa/billboardy/ostrowik/billboard-6-x-3-m-ostrowik-307,2026-08-28T01:42:49Z,MOBILE,,
https://reklamap.pl/powierzchnia-reklamowa/billboardy/oswiecim/billboard-oswiecim-aleja-tysiaclecia-1157,PASS,Strona przesłana i zindeksowana,INDEXING_ALLOWED,ALLOWED,SUCCESSFUL,https://reklamap.pl/powierzchnia-reklamowa/billboardy/oswiecim/billboard-oswiecim-aleja-tysiaclecia-1157,https://reklamap.pl/powierzchnia-reklamowa/billboardy/oswiecim/billboard-oswiecim-aleja-tysiaclecia-1157,2026-08-22T19:22:35Z,MOBILE,,
https://reklamap.pl/powierzchnia-reklamowa/billboardy/oswiecim/billboard-oswiecim-chemikow-i-1119,PASS,Strona przesłana i zindeksowana,INDEXING_ALLOWED,ALLOWED,SUCCESSFUL,https://reklamap.pl/powierzchnia-reklamowa/billboardy/oswiecim/billboard-oswiecim-chemikow-i-1119,https://reklamap.pl/powierzchnia-reklamowa/billboardy/oswiecim/billboard-oswiecim-chemikow-i-1119,2026-08-22T10:29:50Z,MOBILE,,
https://reklamap.pl/powierzchnia-reklamowa/billboardy/oswiecim/billboard-oswiecim-chemikow-i2-1120,PASS,Strona przesłana i zindeksowana,INDEXING_ALLOWED,ALLOWED,SUCCESSFUL,https://reklamap.pl/powierzchnia-reklamowa/billboardy/oswiecim/billboard-oswiecim-chemikow-i2-1120,https://reklamap.pl/powierzchnia-reklamowa/billboardy/oswiecim/billboard-oswiecim-chemikow-i2-1120,2026-08-22T07:08:10Z,MOBILE,,
https://reklamap.pl/powierzchnia-reklamowa/billboardy/oswiecim/billboard-oswiecim-fabryczna-2-1127,PASS,Strona przesłana i zindeksowana,INDEXING_ALLOWED,ALLOWED,SUCCESSFUL,https://reklamap.pl/powierzchnia-reklamowa/billboardy/oswiecim/billboard-oswiecim-fabryczna-2-1127,https://reklamap.pl/powierzchnia-reklamowa/billboardy/oswiecim/billboard-oswiecim-fabryczna-2-1127,2026-08-22T19:28:53Z,MOBILE,,
https://reklamap.pl/powierzchnia-reklamowa/billboardy/oswiecim/billboard-oswiecim-fabryczna-i-1123,PASS,Strona przesłana i zindeksowana,INDEXING_ALLOWED,ALLOWED,SUCCESSFUL,https://reklamap.pl/powierzchnia-reklamowa/billboardy/oswiecim/billboard-oswiecim-fabryczna-i-1123,https://reklamap.pl/powierzchnia-reklamowa/billboardy/oswiecim/billboard-oswiecim-fabryczna-i-1123,2026-08-22T23:40:02Z,MOBILE,,
https://reklamap.pl/powierzchnia-reklamowa/billboardy/oswiecim/billboard-oswiecim-fabryczna-i2-1125,PASS,Strona przesłana i zindeksowana,INDEXING_ALLOWED,ALLOWED,SUCCESSFUL,https://reklamap.pl/powierzchnia-reklamowa/billboardy/oswiecim/billboard-oswiecim-fabryczna-i2-1125,https://reklamap.pl/powierzchnia-reklamowa/billboardy/oswiecim/billboard-oswiecim-fabryczna-i2-1125,2026-08-24T11:15:30Z,MOBILE,,
https://reklamap.pl/powierzchnia-reklamowa/billboardy/oswiecim/billboard-oswiecim-fabryczna-ii-1124,PASS,Strona przesłana i zindeksowana,INDEXING_ALLOWED,ALLOWED,SUCCESSFUL,https://reklamap.pl/powierzchnia-reklamowa/billboardy/oswiecim/billboard-oswiecim-fabryczna-ii-1124,https://reklamap.pl/powierzchnia-reklamowa/billboardy/oswiecim/billboard-oswiecim-fabryczna-ii-1124,2026-08-22T19:38:21Z,MOBILE,,
https://reklamap.pl/powierzchnia-reklamowa/billboardy/oswiecim/billboard-oswiecim-fabryczna-ii2-1126,PASS,Strona przesłana i zindeksowana,INDEXING_ALLOWED,ALLOWED,SUCCESSFUL,https://reklamap.pl/powierzchnia-reklamowa/billboardy/oswiecim/billboard-oswiecim-fabryczna-ii2-1126,https://reklamap.pl/powierzchnia-reklamowa/billboardy/oswiecim/billboard-oswiecim-fabryczna-ii2-1126,2026-08-22T19:33:40Z,MOBILE,,
https://reklamap.pl/powierzchnia-reklamowa/billboardy/oswiecim/billboard-oswiecim-legionow-ii-1151,PASS,Strona przesłana i zindeksowana,INDEXING_ALLOWED,ALLOWED,SUCCESSFUL,https://reklamap.pl/powierzchnia-reklamowa/billboardy/oswiecim/billboard-oswiecim-legionow-ii-1151,https://reklamap.pl/powierzchnia-reklamowa/billboardy/oswiecim/billboard-oswiecim-legionow-ii-1151,2026-08-22T19:37:40Z,MOBILE,,
https://reklamap.pl/powierzchnia-reklamowa/billboardy/oswiecim/billboard-oswiecim-legionow-ii2-1156,PASS,Strona przesłana i zindeksowana,INDEXING_ALLOWED,ALLOWED,SUCCESSFUL,https://reklamap.pl/powierzchnia-reklamowa/billboardy/oswiecim/billboard-oswiecim-legionow-ii2-1156,https://reklamap.pl/powierzchnia-reklamowa/billboardy/oswiecim/billboard-oswiecim-legionow-ii2-1156,2026-08-22T19:25:45Z,MOBILE,,
https://reklamap.pl/powierzchnia-reklamowa/billboardy/oswiecim/billboard-oswiecim-maksymiliana-marii-kolbego-1132,PASS,Strona przesłana i zindeksowana,INDEXING_ALLOWED,ALLOWED,SUCCESSFUL,https://reklamap.pl/powierzchnia-reklamowa/billboardy/oswiecim/billboard-oswiecim-maksymiliana-marii-kolbego-1132,https://reklamap.pl/powierzchnia-reklamowa/billboardy/oswiecim/billboard-oswiecim-maksymiliana-marii-kolbego-1132,2026-08-22T19:13:59Z,MOBILE,,
https://reklamap.pl/powierzchnia-reklamowa/billboardy/oswiecim/billboard-oswiecim-maksymiliana-marii-kolbego-i2-1133,PASS,Strona przesłana i zindeksowana,INDEXING_ALLOWED,ALLOWED,SUCCESSFUL,https://reklamap.pl/powierzchnia-reklamowa/billboardy/oswiecim/billboard-oswiecim-maksymiliana-marii-kolbego-i2-1133,https://reklamap.pl/powierzchnia-reklamowa/billboardy/oswiecim/billboard-oswiecim-maksymiliana-marii-kolbego-i2-1133,2026-08-22T23:30:09Z,MOBILE,,
https://reklamap.pl/powierzchnia-reklamowa/billboardy/oswiecim/billboard-oswiecim-marii-konopnickiej-ii1-1139,PASS,Strona przesłana i zindeksowana,INDEXING_ALLOWED,ALLOWED,SUCCESSFUL,https://reklamap.pl/powierzchnia-reklamowa/billboardy/oswiecim/billboard-oswiecim-marii-konopnickiej-ii1-1139,https://reklamap.pl/powierzchnia-reklamowa/billboardy/oswiecim/billboard-oswiecim-marii-konopnickiej-ii1-1139,2026-08-22T19:14:49Z,MOBILE,,
https://reklamap.pl/powierzchnia-reklamowa/billboardy/oswiecim/billboard-oswiecim-marii-konopnickiej-ii2-1141,PASS,Strona przesłana i zindeksowana,INDEXING_ALLOWED,ALLOWED,SUCCESSFUL,https://reklamap.pl/powierzchnia-reklamowa/billboardy/oswiecim/billboard-oswiecim-marii-konopnickiej-ii2-1141,https://reklamap.pl/powierzchnia-reklamowa/billboardy/oswiecim/billboard-oswiecim-marii-konopnickiej-ii2-1141,2026-08-25T00:55:24Z,MOBILE,,
https://reklamap.pl/powierzchnia-reklamowa/billboardy/oswiecim/billboard-oswiecim-stanislawa-konarskiego-1136,PASS,Strona przesłana i zindeksowana,INDEXING_ALLOWED,ALLOWED,SUCCESSFUL,https://reklamap.pl/powierzchnia-reklamowa/billboardy/oswiecim/billboard-oswiecim-stanislawa-konarskiego-1136,https://reklamap.pl/powierzchnia-reklamowa/billboardy/oswiecim/billboard-oswiecim-stanislawa-konarskiego-1136,2026-08-22T19:16:18Z,MOBILE,,
https://reklamap.pl/powierzchnia-reklamowa/billboardy/oswiecim/billboard-oswiecim-stanislawa-konarskiego-2-1161,PASS,Strona przesłana i zindeksowana,INDEXING_ALLOWED,ALLOWED,SUCCESSFUL,https://reklamap.pl/powierzchnia-reklamowa/billboardy/oswiecim/billboard-oswiecim-stanislawa-konarskiego-2-1161,https://reklamap.pl/powierzchnia-reklamowa/billboardy/oswiecim/billboard-oswiecim-stanislawa-konarskiego-2-1161,2026-08-22T19:24:14Z,MOBILE,,
https://reklamap.pl/powierzchnia-reklamowa/billboardy/oswiecim/billboard-oswiecim-stanislawa-konarskiego-i1-1164,PASS,Strona przesłana i zindeksowana,INDEXING_ALLOWED,ALLOWED,SUCCESSFUL,https://reklamap.pl/powierzchnia-reklamowa/billboardy/oswiecim/billboard-oswiecim-stanislawa-konarskiego-i1-1164,https://reklamap.pl/powierzchnia-reklamowa/billboardy/oswiecim/billboard-oswiecim-stanislawa-konarskiego-i1-1164,2026-08-24T19:51:35Z,MOBILE,,
https://reklamap.pl/powierzchnia-reklamowa/billboardy/oswiecim/billboard-oswiecim-stanislawa-konarskiego-i2-1134,PASS,Strona przesłana i zindeksowana,INDEXING_ALLOWED,ALLOWED,SUCCESSFUL,https://reklamap.pl/powierzchnia-reklamowa/billboardy/oswiecim/billboard-oswiecim-stanislawa-konarskiego-i2-1134,https://reklamap.pl/powierzchnia-reklamowa/billboardy/oswiecim/billboard-oswiecim-stanislawa-konarskiego-i2-1134,2026-08-22T19:40:13Z,MOBILE,,
https://reklamap.pl/powierzchnia-reklamowa/billboardy/oswiecim/billboard-oswiecim-stanislawa-konarskiego-ii1-1135,PASS,Strona przesłana i zindeksowana,INDEXING_ALLOWED,ALLOWED,SUCCESSFUL,https://reklamap.pl/powierzchnia-reklamowa/billboardy/oswiecim/billboard-oswiecim-stanislawa-konarskiego-ii1-1135,https://reklamap.pl/powierzchnia-reklamowa/billboardy/oswiecim/billboard-oswiecim-stanislawa-konarskiego-ii1-1135,2026-08-22T19:22:58Z,MOBILE,,
https://reklamap.pl/powierzchnia-reklamowa/billboardy/oswiecim/billboard-oswiecim-stanislawa-konarskiego-ii1-1162,PASS,Strona przesłana i zindeksowana,INDEXING_ALLOWED,ALLOWED,SUCCESSFUL,https://reklamap.pl/powierzchnia-reklamowa/billboardy/oswiecim/billboard-oswiecim-stanislawa-konarskiego-ii1-1162,https://reklamap.pl/powierzchnia-reklamowa/billboardy/oswiecim/billboard-oswiecim-stanislawa-konarskiego-ii1-1162,2026-08-22T19:18:29Z,MOBILE,,
https://reklamap.pl/powierzchnia-reklamowa/billboardy/oswiecim/billboard-oswiecim-stanislawa-konarskiego-ii2-1137,PASS,Strona przesłana i zindeksowana,INDEXING_ALLOWED,ALLOWED,SUCCESSFUL,https://reklamap.pl/powierzchnia-reklamowa/billboardy/oswiecim/billboard-oswiecim-stanislawa-konarskiego-ii2-1137,https://reklamap.pl/powierzchnia-reklamowa/billboardy/oswiecim/billboard-oswiecim-stanislawa-konarskiego-ii2-1137,2026-08-22T19:26:55Z,MOBILE,,
https://reklamap.pl/powierzchnia-reklamowa/billboardy/oswiecim/billboard-oswiecim-stanislawa-konarskiego-ii2-1163,PASS,Strona przesłana i zindeksowana,INDEXING_ALLOWED,ALLOWED,SUCCESSFUL,https://reklamap.pl/powierzchnia-reklamowa/billboardy/oswiecim/billboard-oswiecim-stanislawa-konarskiego-ii2-1163,https://reklamap.pl/powierzchnia-reklamowa/billboardy/oswiecim/billboard-oswiecim-stanislawa-konarskiego-ii2-1163,2026-08-22T19:32:49Z,MOBILE,,
https://reklamap.pl/powierzchnia-reklamowa/billboardy/oswiecim/billboard-oswiecim-stanislawa-konarskiego-iii1-1168,PASS,Strona przesłana i zindeksowana,INDEXING_ALLOWED,ALLOWED,SUCCESSFUL,https://reklamap.pl/powierzchnia-reklamowa/billboardy/oswiecim/billboard-oswiecim-stanislawa-konarskiego-iii1-1168,https://reklamap.pl/powierzchnia-reklamowa/billboardy/oswiecim/billboard-oswiecim-stanislawa-konarskiego-iii1-1168,2026-08-22T01:42:02Z,MOBILE,,
https://reklamap.pl/powierzchnia-reklamowa/billboardy/oswiecim/billboard-oswiecim-stanislawa-konarskiego-iii2-1165,PASS,Strona przesłana i zindeksowana,INDEXING_ALLOWED,ALLOWED,SUCCESSFUL,https://reklamap.pl/powierzchnia-reklamowa/billboardy/oswiecim/billboard-oswiecim-stanislawa-konarskiego-iii2-1165,https://reklamap.pl/powierzchnia-reklamowa/billboardy/oswiecim/billboard-oswiecim-stanislawa-konarskiego-iii2-1165,2026-08-22T19:17:55Z,MOBILE,,
https://reklamap.pl/powierzchnia-reklamowa/billboardy/oswiecim/billboard-oswiecim-stanislawa-konarskiego-iv1-1166,PASS,Strona przesłana i zindeksowana,INDEXING_ALLOWED,ALLOWED,SUCCESSFUL,https://reklamap.pl/powierzchnia-reklamowa/billboardy/oswiecim/billboard-oswiecim-stanislawa-konarskiego-iv1-1166,https://reklamap.pl/powierzchnia-reklamowa/billboardy/oswiecim/billboard-oswiecim-stanislawa-konarskiego-iv1-1166,2026-08-22T19:53:04Z,MOBILE,,
https://reklamap.pl/powierzchnia-reklamowa/billboardy/oswiecim/billboard-oswiecim-stanislawa-konarskiego-iv2-1167,PASS,Strona przesłana i zindeksowana,INDEXING_ALLOWED,ALLOWED,SUCCESSFUL,https://reklamap.pl/powierzchnia-reklamowa/billboardy/oswiecim/billboard-oswiecim-stanislawa-konarskiego-iv2-1167,https://reklamap.pl/powierzchnia-reklamowa/billboardy/oswiecim/billboard-oswiecim-stanislawa-konarskiego-iv2-1167,2026-08-22T19:21:48Z,MOBILE,,
https://reklamap.pl/powierzchnia-reklamowa/billboardy/oswiecim/billboard-oswiecim-wladyslawa-jagielly-1128,PASS,Strona przesłana i zindeksowana,INDEXING_ALLOWED,ALLOWED,SUCCESSFUL,https://reklamap.pl/powierzchnia-reklamowa/billboardy/oswiecim/billboard-oswiecim-wladyslawa-jagielly-1128,https://reklamap.pl/powierzchnia-reklamowa/billboardy/oswiecim/billboard-oswiecim-wladyslawa-jagielly-1128,2026-08-22T19:28:36Z,MOBILE,,
https://reklamap.pl/powierzchnia-reklamowa/billboardy/oswiecim/billboard-oswiecim-wladyslawa-jagielly-i2-1129,PASS,Strona przesłana i zindeksowana,INDEXING_ALLOWED,ALLOWED,SUCCESSFUL,https://reklamap.pl/powierzchnia-reklamowa/billboardy/oswiecim/billboard-oswiecim-wladyslawa-jagielly-i2-1129,https://reklamap.pl/powierzchnia-reklamowa/billboardy/oswiecim/billboard-oswiecim-wladyslawa-jagielly-i2-1129,2026-09-06T17:56:07Z,MOBILE,,
https://reklamap.pl/powierzchnia-reklamowa/billboardy/oswiecim/billboard-oswiecim-wyzwolenia-1171,PASS,Strona przesłana i zindeksowana,INDEXING_ALLOWED,ALLOWED,SUCCESSFUL,https://reklamap.pl/powierzchnia-reklamowa/billboardy/oswiecim/billboard-oswiecim-wyzwolenia-1171,https://reklamap.pl/powierzchnia-reklamowa/billboardy/oswiecim/billboard-oswiecim-wyzwolenia-1171,2026-08-22T15:38:21Z,MOBILE,,
https://reklamap.pl/powierzchnia-reklamowa/billboardy/oswiecim/billboard-oswiecim-wyzwolenia-iii-1176,PASS,Strona przesłana i zindeksowana,INDEXING_ALLOWED,ALLOWED,SUCCESSFUL,https://reklamap.pl/powierzchnia-reklamowa/billboardy/oswiecim/billboard-oswiecim-wyzwolenia-iii-1176,https://reklamap.pl/powierzchnia-reklamowa/billboardy/oswiecim/billboard-oswiecim-wyzwolenia-iii-1176,2026-08-24T11:02:23Z,MOBILE,,
https://reklamap.pl/powierzchnia-reklamowa/billboardy/oswiecim/billboard-oswiecim-wyzwolenia-iv-1173,PASS,Strona przesłana i zindeksowana,INDEXING_ALLOWED,ALLOWED,SUCCESSFUL,https://reklamap.pl/powierzchnia-reklamowa/billboardy/oswiecim/billboard-oswiecim-wyzwolenia-iv-1173,https://reklamap.pl/powierzchnia-reklamowa/billboardy/oswiecim/billboard-oswiecim-wyzwolenia-iv-1173,2026-08-24T11:03:34Z,MOBILE,,
https://reklamap.pl/powierzchnia-reklamowa/billboardy/oswiecim/billboard-oswiecim-zaborska-ii-1174,PASS,Strona przesłana i zindeksowana,INDEXING_ALLOWED,ALLOWED,SUCCESSFUL,https://reklamap.pl/powierzchnia-reklamowa/billboardy/oswiecim/billboard-oswiecim-zaborska-ii-1174,https://reklamap.pl/powierzchnia-reklamowa/billboardy/oswiecim/billboard-oswiecim-zaborska-ii-1174,2026-08-24T21:05:15Z,MOBILE,,
https://reklamap.pl/powierzchnia-reklamowa/billboardy/oswiecim/billboard-oswiecim-zaborska-ii2-1175,PASS,Strona przesłana i zindeksowana,INDEXING_ALLOWED,ALLOWED,SUCCESSFUL,https://reklamap.pl/powierzchnia-reklamowa/billboardy/oswiecim/billboard-oswiecim-zaborska-ii2-1175,https://reklamap.pl/powierzchnia-reklamowa/billboardy/oswiecim/billboard-oswiecim-zaborska-ii2-1175,2026-08-24T10:59:13Z,MOBILE,,
https://reklamap.pl/powierzchnia-reklamowa/billboardy/oswiecim/billboard-oswiecim-zatorska-1117,NEUTRAL,"Duplikat, wyszukiwarka Google wybrała inną stronę kanoniczną niż użytkownik",INDEXING_ALLOWED,ALLOWED,SUCCESSFUL,https://reklamap.pl/powierzchnia-reklamowa/billboardy/oswiecim/billboard-oswiecim-zatorska-1117,https://reklamap.pl/powierzchnia-reklamowa/billboardy/oswiecim/billboard-oswiecim-zatorska-1117,2026-08-22T04:10:48Z,MOBILE,,
https://reklamap.pl/powierzchnia-reklamowa/billboardy/oswiecim/billboard-oswiecim-zatorska-1118,PASS,Strona przesłana i zindeksowana,INDEXING_ALLOWED,ALLOWED,SUCCESSFUL,https://reklamap.pl/powierzchnia-reklamowa/billboardy/oswiecim/billboard-oswiecim-zatorska-1118,https://reklamap.pl/powierzchnia-reklamowa/billboardy/oswiecim/billboard-oswiecim-zatorska-1118,2026-08-22T06:45:38Z,MOBILE,,
https://reklamap.pl/powierzchnia-reklamowa/billboardy/oswiecim/billboard-oswiecim-zatorska-i2-1177,PASS,Strona przesłana i zindeksowana,INDEXING_ALLOWED,ALLOWED,SUCCESSFUL,https://reklamap.pl/powierzchnia-reklamowa/billboardy/oswiecim/billboard-oswiecim-zatorska-i2-1177,https://reklamap.pl/powierzchnia-reklamowa/billboardy/oswiecim/billboard-oswiecim-zatorska-i2-1177,2026-08-24T21:12:42Z,MOBILE,,
https://reklamap.pl/powierzchnia-reklamowa/billboardy/oswiecim/billboard-oswiecim-zatorska-ii2-1180,PASS,Strona przesłana i zindeksowana,INDEXING_ALLOWED,ALLOWED,SUCCESSFUL,https://reklamap.pl/powierzchnia-reklamowa/billboardy/oswiecim/billboard-oswiecim-zatorska-ii2-1180,https://reklamap.pl/powierzchnia-reklamowa/billboardy/oswiecim/billboard-oswiecim-zatorska-ii2-1180,2026-08-24T11:08:19Z,MOBILE,,
https://reklamap.pl/powierzchnia-reklamowa/billboardy/oswiecim/billboard-oswiecim-zatorska-iii1-1178,PASS,Strona przesłana i zindeksowana,INDEXING_ALLOWED,ALLOWED,SUCCESSFUL,https://reklamap.pl/powierzchnia-reklamowa/billboardy/oswiecim/billboard-oswiecim-zatorska-iii1-1178,https://reklamap.pl/powierzchnia-reklamowa/billboardy/oswiecim/billboard-oswiecim-zatorska-iii1-1178,2026-08-22T01:51:51Z,MOBILE,,
https://reklamap.pl/powierzchnia-reklamowa/billboardy/oswiecim/billboard-oswiecim-zatorska-iii2-1179,PASS,Strona przesłana i zindeksowana,INDEXING_ALLOWED,ALLOWED,SUCCESSFUL,https://reklamap.pl/powierzchnia-reklamowa/billboardy/oswiecim/billboard-oswiecim-zatorska-iii2-1179,https://reklamap.pl/powierzchnia-reklamowa/billboardy/oswiecim/billboard-oswiecim-zatorska-iii2-1179,2026-08-22T03:16:34Z,MOBILE,,
https://reklamap.pl/powierzchnia-reklamowa/billboardy/oswiecim/billboard-oswiecim-zygmunta-krasinskiego-2-1121,PASS,Strona przesłana i zindeksowana,INDEXING_ALLOWED,ALLOWED,SUCCESSFUL,https://reklamap.pl/powierzchnia-reklamowa/billboardy/oswiecim/billboard-oswiecim-zygmunta-krasinskiego-2-1121,https://reklamap.pl/powierzchnia-reklamowa/billboardy/oswiecim/billboard-oswiecim-zygmunta-krasinskiego-2-1121,2026-08-22T06:33:44Z,MOBILE,,
https://reklamap.pl/powierzchnia-reklamowa/billboardy/oswiecim/billboard-oswiecim-zygmunta-krasinskiego-ii-1122,PASS,Strona przesłana i zindeksowana,INDEXING_ALLOWED,ALLOWED,SUCCESSFUL,https://reklamap.pl/powierzchnia-reklamowa/billboardy/oswiecim/billboard-oswiecim-zygmunta-krasinskiego-ii-1122,https://reklamap.pl/powierzchnia-reklamowa/billboardy/oswiecim/billboard-oswiecim-zygmunta-krasinskiego-ii-1122,2026-08-22T19:25:22Z,MOBILE,,
https://reklamap.pl/powierzchnia-reklamowa/billboardy/otmuchow/billboard-otmuchow-wjazd-do-miasta-575,NEUTRAL,Adres URL jest Google nieznany,INDEXING_STATE_UNSPECIFIED,ROBOTS_TXT_STATE_UNSPECIFIED,PAGE_FETCH_STATE_UNSPECIFIED,,,,,,
https://reklamap.pl/powierzchnia-reklamowa/billboardy/otmuchow/billboard-otmuchow-wylot-z-miasta-574,NEUTRAL,Adres URL jest Google nieznany,INDEXING_STATE_UNSPECIFIED,ROBOTS_TXT_STATE_UNSPECIFIED,PAGE_FETCH_STATE_UNSPECIFIED,,,,,,
https://reklamap.pl/powierzchnia-reklamowa/billboardy/ozarow-mazowiecki/billboard-5-04-x-2-38-m-ozarow-mazowiecki-autokomis-269,PASS,Strona przesłana i zindeksowana,INDEXING_ALLOWED,ALLOWED,SUCCESSFUL,https://reklamap.pl/powierzchnia-reklamowa/billboardy/ozarow-mazowiecki/billboard-5-04-x-2-38-m-ozarow-mazowiecki-autokomis-269,https://reklamap.pl/powierzchnia-reklamowa/billboardy/ozarow-mazowiecki/billboard-5-04-x-2-38-m-ozarow-mazowiecki-autokomis-269,2026-08-04T04:18:41Z,MOBILE,,
https://reklamap.pl/powierzchnia-reklamowa/billboardy/ozarow-mazowiecki/billboard-5-04-x-2-38-m-ozarow-mazowiecki-bronisze-265,PASS,Strona przesłana i zindeksowana,INDEXING_ALLOWED,ALLOWED,SUCCESSFUL,https://reklamap.pl/powierzchnia-reklamowa/billboardy/ozarow-mazowiecki/billboard-5-04-x-2-38-m-ozarow-mazowiecki-bronisze-265,https://reklamap.pl/powierzchnia-reklamowa/billboardy/ozarow-mazowiecki/billboard-5-04-x-2-38-m-ozarow-mazowiecki-bronisze-265,2026-08-18T08:32:30Z,MOBILE,,
https://reklamap.pl/powierzchnia-reklamowa/billboardy/ozarow-mazowiecki/billboard-5-04-x-2-38-m-ozarow-mazowiecki-oltarzew-267,PASS,Strona przesłana i zindeksowana,INDEXING_ALLOWED,ALLOWED,SUCCESSFUL,https://reklamap.pl/powierzchnia-reklamowa/billboardy/ozarow-mazowiecki/billboard-5-04-x-2-38-m-ozarow-mazowiecki-oltarzew-267,https://reklamap.pl/powierzchnia-reklamowa/billboardy/ozarow-mazowiecki/billboard-5-04-x-2-38-m-ozarow-mazowiecki-oltarzew-267,2026-07-24T12:48:16Z,MOBILE,,
https://reklamap.pl/powierzchnia-reklamowa/billboardy/ozarow-mazowiecki/billboard-5-04-x-2-38-m-ozarow-mazowiecki-ozarow-centrum-266,PASS,Strona przesłana i zindeksowana,INDEXING_ALLOWED,ALLOWED,SUCCESSFUL,https://reklamap.pl/powierzchnia-reklamowa/billboardy/ozarow-mazowiecki/billboard-5-04-x-2-38-m-ozarow-mazowiecki-ozarow-centrum-266,https://reklamap.pl/powierzchnia-reklamowa/billboardy/ozarow-mazowiecki/billboard-5-04-x-2-38-m-ozarow-mazowiecki-ozarow-centrum-266,2026-09-01T03:07:06Z,MOBILE,,
https://reklamap.pl/powierzchnia-reklamowa/billboardy/ozarow-mazowiecki/billboard-6-x-3-m-ozarow-mazowiecki-268,PASS,Strona przesłana i zindeksowana,INDEXING_ALLOWED,ALLOWED,SUCCESSFUL,https://reklamap.pl/powierzchnia-reklamowa/billboardy/ozarow-mazowiecki/billboard-6-x-3-m-ozarow-mazowiecki-268,https://reklamap.pl/powierzchnia-reklamowa/billboardy/ozarow-mazowiecki/billboard-6-x-3-m-ozarow-mazowiecki-268,2026-08-03T20:29:26Z,MOBILE,,
https://reklamap.pl/powierzchnia-reklamowa/billboardy/ozarow-mazowiecki/billboard-6-x-3-m-ozarow-mazowiecki-skrzyzowanie-z-lipowa-270,PASS,Strona przesłana i zindeksowana,INDEXING_ALLOWED,ALLOWED,SUCCESSFUL,https://reklamap.pl/powierzchnia-reklamowa/billboardy/ozarow-mazowiecki/billboard-6-x-3-m-ozarow-mazowiecki-skrzyzowanie-z-lipowa-270,https://reklamap.pl/powierzchnia-reklamowa/billboardy/ozarow-mazowiecki/billboard-6-x-3-m-ozarow-mazowiecki-skrzyzowanie-z-lipowa-270,2026-08-04T05:56:20Z,MOBILE,,
https://reklamap.pl/powierzchnia-reklamowa/billboardy/paczkow/billboard-paczkow-droga-krajowa-nr-46-440,PASS,Strona przesłana i zindeksowana,INDEXING_ALLOWED,ALLOWED,SUCCESSFUL,https://reklamap.pl/powierzchnia-reklamowa/billboardy/paczkow/billboard-paczkow-droga-krajowa-nr-46-440,https://reklamap.pl/powierzchnia-reklamowa/billboardy/paczkow/billboard-paczkow-droga-krajowa-nr-46-440,2026-08-25T07:03:02Z,MOBILE,,
https://reklamap.pl/powierzchnia-reklamowa/billboardy/paczkow/billboard-paczkow-skrzyzowanie-z-droga-na-czechy-398,PASS,Strona przesłana i zindeksowana,INDEXING_ALLOWED,ALLOWED,SUCCESSFUL,https://reklamap.pl/powierzchnia-reklamowa/billboardy/paczkow/billboard-paczkow-skrzyzowanie-z-droga-na-czechy-398,https://reklamap.pl/powierzchnia-reklamowa/billboardy/paczkow/billboard-paczkow-skrzyzowanie-z-droga-na-czechy-398,2026-08-24T18:04:45Z,MOBILE,,
https://reklamap.pl/powierzchnia-reklamowa/billboardy/paczkow/billboard-paczkow-skrzyzowanie-z-droga-na-czechy-399,PASS,Strona przesłana i zindeksowana,INDEXING_ALLOWED,ALLOWED,SUCCESSFUL,https://reklamap.pl/powierzchnia-reklamowa/billboardy/paczkow/billboard-paczkow-skrzyzowanie-z-droga-na-czechy-399,https://reklamap.pl/powierzchnia-reklamowa/billboardy/paczkow/billboard-paczkow-skrzyzowanie-z-droga-na-czechy-399,2026-08-25T06:48:50Z,MOBILE,,
https://reklamap.pl/powierzchnia-reklamowa/billboardy/pakuly/bilbord-51,NEUTRAL,Adres URL jest Google nieznany,INDEXING_STATE_UNSPECIFIED,ROBOTS_TXT_STATE_UNSPECIFIED,PAGE_FETCH_STATE_UNSPECIFIED,,,,,,
https://reklamap.pl/powierzchnia-reklamowa/billboardy/pawlowice/tablica-reklamowa-5m-x-2-4m-12m2-dk-81-kierunek-skoczow-ustron-996,PASS,Strona przesłana i zindeksowana,INDEXING_ALLOWED,ALLOWED,SUCCESSFUL,https://reklamap.pl/powierzchnia-reklamowa/billboardy/pawlowice/tablica-reklamowa-5m-x-2-4m-12m-dk-81-kierunek-skoczow-ustron-996,https://reklamap.pl/powierzchnia-reklamowa/billboardy/pawlowice/tablica-reklamowa-5m-x-2-4m-12m2-dk-81-kierunek-skoczow-ustron-996,2026-08-31T08:27:50Z,MOBILE,,
https://reklamap.pl/powierzchnia-reklamowa/billboardy/pierzyska/przyczepa-stacjonarna-billboard-978,NEUTRAL,Strona wykryta – obecnie niezindeksowana,INDEXING_STATE_UNSPECIFIED,ROBOTS_TXT_STATE_UNSPECIFIED,PAGE_FETCH_STATE_UNSPECIFIED,,,,CRAWLING_USER_AGENT_UNSPECIFIED,,
https://reklamap.pl/powierzchnia-reklamowa/billboardy/podwarpie/billboard-6-x-3-m-podwarpie-podwarpie-116,PASS,Strona przesłana i zindeksowana,INDEXING_ALLOWED,ALLOWED,SUCCESSFUL,https://reklamap.pl/powierzchnia-reklamowa/billboardy/podwarpie/billboard-6-x-3-m-podwarpie-podwarpie-116,https://reklamap.pl/powierzchnia-reklamowa/billboardy/podwarpie/billboard-6-x-3-m-podwarpie-podwarpie-116,2026-08-04T04:08:14Z,MOBILE,,
https://reklamap.pl/powierzchnia-reklamowa/billboardy/polanica-zdroj/billboard-polanica-zdroj-biedronka-344,PASS,Strona przesłana i zindeksowana,INDEXING_ALLOWED,ALLOWED,SUCCESSFUL,https://reklamap.pl/powierzchnia-reklamowa/billboardy/polanica-zdroj/billboard-polanica-zdroj-biedronka-344,https://reklamap.pl/powierzchnia-reklamowa/billboardy/polanica-zdroj/billboard-polanica-zdroj-biedronka-344,2026-08-03T16:19:05Z,MOBILE,,
https://reklamap.pl/powierzchnia-reklamowa/billboardy/polanica-zdroj/billboard-polanica-zdroj-biedronka-345,NEUTRAL,Strona wykryta – obecnie niezindeksowana,INDEXING_STATE_UNSPECIFIED,ROBOTS_TXT_STATE_UNSPECIFIED,PAGE_FETCH_STATE_UNSPECIFIED,,,,CRAWLING_USER_AGENT_UNSPECIFIED,,
https://reklamap.pl/powierzchnia-reklamowa/billboardy/polanica-zdroj/billboard-polanica-zdroj-deptak-507,PASS,Strona przesłana i zindeksowana,INDEXING_ALLOWED,ALLOWED,SUCCESSFUL,https://reklamap.pl/powierzchnia-reklamowa/billboardy/polanica-zdroj/billboard-polanica-zdroj-deptak-507,https://reklamap.pl/powierzchnia-reklamowa/billboardy/polanica-zdroj/billboard-polanica-zdroj-deptak-507,2026-08-04T11:54:23Z,MOBILE,,
https://reklamap.pl/powierzchnia-reklamowa/billboardy/polanica-zdroj/billboard-polanica-zdroj-parking-biedronka-577,PASS,Strona przesłana i zindeksowana,INDEXING_ALLOWED,ALLOWED,SUCCESSFUL,https://reklamap.pl/powierzchnia-reklamowa/billboardy/polanica-zdroj/billboard-polanica-zdroj-parking-biedronka-577,https://reklamap.pl/powierzchnia-reklamowa/billboardy/polanica-zdroj/billboard-polanica-zdroj-parking-biedronka-577,2026-08-23T14:29:32Z,MOBILE,,
https://reklamap.pl/powierzchnia-reklamowa/billboardy/polanica-zdroj/billboard-polanica-zdroj-parking-biedronka-578,PASS,Strona przesłana i zindeksowana,INDEXING_ALLOWED,ALLOWED,SUCCESSFUL,https://reklamap.pl/powierzchnia-reklamowa/billboardy/polanica-zdroj/billboard-polanica-zdroj-parking-biedronka-578,https://reklamap.pl/powierzchnia-reklamowa/billboardy/polanica-zdroj/billboard-polanica-zdroj-parking-biedronka-578,2026-08-04T08:24:33Z,MOBILE,,
https://reklamap.pl/powierzchnia-reklamowa/billboardy/polanica-zdroj/billboard-polanica-zdroj-polanica-zdroj-319,NEUTRAL,"Strona zeskanowana, ale jeszcze nie zindeksowana",INDEXING_STATE_UNSPECIFIED,ALLOWED,SUCCESSFUL,,,2026-06-23T03:44:51Z,MOBILE,,
https://reklamap.pl/powierzchnia-reklamowa/billboardy/polanica-zdroj/billboard-polanica-zdroj-polanica-zdroj-677,PASS,Strona przesłana i zindeksowana,INDEXING_ALLOWED,ALLOWED,SUCCESSFUL,https://reklamap.pl/powierzchnia-reklamowa/billboardy/polanica-zdroj/billboard-polanica-zdroj-polanica-zdroj-677,https://reklamap.pl/powierzchnia-reklamowa/billboardy/polanica-zdroj/billboard-polanica-zdroj-polanica-zdroj-677,2026-08-03T20:30:23Z,MOBILE,,
https://reklamap.pl/powierzchnia-reklamowa/billboardy/polanica-zdroj/billboard-polanica-zdroj-polanica-zdroj-678,NEUTRAL,"Strona zeskanowana, ale jeszcze nie zindeksowana",INDEXING_STATE_UNSPECIFIED,ALLOWED,SUCCESSFUL,,,2026-06-23T03:39:01Z,MOBILE,,
https://reklamap.pl/powierzchnia-reklamowa/billboardy/polanica-zdroj/billboard-polanica-zdroj-polanica-zdroj-wolany-583,PASS,Strona przesłana i zindeksowana,INDEXING_ALLOWED,ALLOWED,SUCCESSFUL,https://reklamap.pl/powierzchnia-reklamowa/billboardy/polanica-zdroj/billboard-polanica-zdroj-polanica-zdroj-wolany-583,https://reklamap.pl/powierzchnia-reklamowa/billboardy/polanica-zdroj/billboard-polanica-zdroj-polanica-zdroj-wolany-583,2026-08-23T14:29:56Z,MOBILE,,
https://reklamap.pl/powierzchnia-reklamowa/billboardy/polanica-zdroj/billboard-polanica-zdroj-polanica-zdroj-wolany-584,PASS,Strona przesłana i zindeksowana,INDEXING_ALLOWED,ALLOWED,SUCCESSFUL,https://reklamap.pl/powierzchnia-reklamowa/billboardy/polanica-zdroj/billboard-polanica-zdroj-polanica-zdroj-wolany-584,https://reklamap.pl/powierzchnia-reklamowa/billboardy/polanica-zdroj/billboard-polanica-zdroj-polanica-zdroj-wolany-584,2026-07-09T17:50:35Z,MOBILE,,
https://reklamap.pl/powierzchnia-reklamowa/billboardy/polanica-zdroj/billboard-polanica-zdroj-wjazd-do-miasta-541,PASS,Strona przesłana i zindeksowana,INDEXING_ALLOWED,ALLOWED,SUCCESSFUL,https://reklamap.pl/powierzchnia-reklamowa/billboardy/polanica-zdroj/billboard-polanica-zdroj-wjazd-do-miasta-541,https://reklamap.pl/powierzchnia-reklamowa/billboardy/polanica-zdroj/billboard-polanica-zdroj-wjazd-do-miasta-541,2026-08-23T14:29:11Z,MOBILE,,
https://reklamap.pl/powierzchnia-reklamowa/billboardy/polanica-zdroj/billboard-polanica-zdroj-wjazd-do-miasta-557,PASS,Strona przesłana i zindeksowana,INDEXING_ALLOWED,ALLOWED,SUCCESSFUL,https://reklamap.pl/powierzchnia-reklamowa/billboardy/polanica-zdroj/billboard-polanica-zdroj-wjazd-do-miasta-557,https://reklamap.pl/powierzchnia-reklamowa/billboardy/polanica-zdroj/billboard-polanica-zdroj-wjazd-do-miasta-557,2026-08-04T04:57:57Z,MOBILE,,
https://reklamap.pl/powierzchnia-reklamowa/billboardy/polanica-zdroj/billboard-polanica-zdroj-wjazd-od-strony-klodzka-318,PASS,Strona przesłana i zindeksowana,INDEXING_ALLOWED,ALLOWED,SUCCESSFUL,https://reklamap.pl/powierzchnia-reklamowa/billboardy/polanica-zdroj/billboard-polanica-zdroj-wjazd-od-strony-klodzka-318,https://reklamap.pl/powierzchnia-reklamowa/billboardy/polanica-zdroj/billboard-polanica-zdroj-wjazd-od-strony-klodzka-318,2026-09-05T00:09:07Z,MOBILE,,
https://reklamap.pl/powierzchnia-reklamowa/billboardy/polanica-zdroj/billboard-polanica-zdroj-wyjazd-z-miasta-556,PASS,Strona przesłana i zindeksowana,INDEXING_ALLOWED,ALLOWED,SUCCESSFUL,https://reklamap.pl/powierzchnia-reklamowa/billboardy/polanica-zdroj/billboard-polanica-zdroj-wyjazd-z-miasta-556,https://reklamap.pl/powierzchnia-reklamowa/billboardy/polanica-zdroj/billboard-polanica-zdroj-wyjazd-z-miasta-556,2026-07-25T07:13:43Z,MOBILE,,
https://reklamap.pl/powierzchnia-reklamowa/billboardy/poreba/billboard-6-x-3-m-poreba-droga-z-cen-zawiercia-na-traseporebe-223,NEUTRAL,Strona wykryta – obecnie niezindeksowana,INDEXING_STATE_UNSPECIFIED,ROBOTS_TXT_STATE_UNSPECIFIED,PAGE_FETCH_STATE_UNSPECIFIED,,,,CRAWLING_USER_AGENT_UNSPECIFIED,,
https://reklamap.pl/powierzchnia-reklamowa/billboardy/poreba/billboard-6-x-3-m-poreba-droga-z-trasyod-poreby-222,PASS,Strona przesłana i zindeksowana,INDEXING_ALLOWED,ALLOWED,SUCCESSFUL,https://reklamap.pl/powierzchnia-reklamowa/billboardy/poreba/billboard-6-x-3-m-poreba-droga-z-trasyod-poreby-222,https://reklamap.pl/powierzchnia-reklamowa/billboardy/poreba/billboard-6-x-3-m-poreba-droga-z-trasyod-poreby-222,2026-08-04T05:00:38Z,MOBILE,,
https://reklamap.pl/powierzchnia-reklamowa/billboardy/powodow-trzeci/billboard-przy-a2-12-15-x-11-5-m-powodow-trzeci-kier-lodzwarszawa-front-938,PASS,Strona przesłana i zindeksowana,INDEXING_ALLOWED,ALLOWED,SUCCESSFUL,https://reklamap.pl/powierzchnia-reklamowa/billboardy/powodow-trzeci/billboard-przy-a2-12-15-x-11-5-m-powodow-trzeci-kier-lodzwarszawa-front-938,https://reklamap.pl/powierzchnia-reklamowa/billboardy/powodow-trzeci/billboard-przy-a2-12-15-x-11-5-m-powodow-trzeci-kier-lodzwarszawa-front-938,2026-08-24T06:00:34Z,MOBILE,,
https://reklamap.pl/powierzchnia-reklamowa/billboardy/powodow-trzeci/billboard-przy-a2-2-4-x-11-5-m-powodow-trzeci-kier-lodz-i-poznan-bok-940,PASS,Strona przesłana i zindeksowana,INDEXING_ALLOWED,ALLOWED,SUCCESSFUL,https://reklamap.pl/powierzchnia-reklamowa/billboardy/powodow-trzeci/billboard-przy-a2-2-4-x-11-5-m-powodow-trzeci-kier-lodz-i-poznan-bok-940,https://reklamap.pl/powierzchnia-reklamowa/billboardy/powodow-trzeci/billboard-przy-a2-2-4-x-11-5-m-powodow-trzeci-kier-lodz-i-poznan-bok-940,2026-08-03T16:16:33Z,MOBILE,,
https://reklamap.pl/powierzchnia-reklamowa/billboardy/powodow-trzeci/billboard-przy-a2-caly-nosnik-front-tyl-bok-powodow-trzeci-941,PASS,Strona przesłana i zindeksowana,INDEXING_ALLOWED,ALLOWED,SUCCESSFUL,https://reklamap.pl/powierzchnia-reklamowa/billboardy/powodow-trzeci/billboard-przy-a2-caly-nosnik-front-tyl-bok-powodow-trzeci-941,https://reklamap.pl/powierzchnia-reklamowa/billboardy/powodow-trzeci/billboard-przy-a2-caly-nosnik-front-tyl-bok-powodow-trzeci-941,2026-08-24T05:55:15Z,MOBILE,,
https://reklamap.pl/powierzchnia-reklamowa/billboardy/powoow-trzeci/billboard-przy-a2-12-15-x-11-5-m-powoow-trzeci-kier-poznan-tyl-939,PASS,Strona przesłana i zindeksowana,INDEXING_ALLOWED,ALLOWED,SUCCESSFUL,https://reklamap.pl/powierzchnia-reklamowa/billboardy/powoow-trzeci/billboard-przy-a2-12-15-x-11-5-m-powoow-trzeci-kier-poznan-tyl-939,https://reklamap.pl/powierzchnia-reklamowa/billboardy/powoow-trzeci/billboard-przy-a2-12-15-x-11-5-m-powoow-trzeci-kier-poznan-tyl-939,2026-08-03T20:26:06Z,MOBILE,,
https://reklamap.pl/powierzchnia-reklamowa/billboardy/poznan/backlight-podswietlany-12-x-3-m-poznan-jawornicka-babimojska-pixel-968,NEUTRAL,Strona wykryta – obecnie niezindeksowana,INDEXING_STATE_UNSPECIFIED,ROBOTS_TXT_STATE_UNSPECIFIED,PAGE_FETCH_STATE_UNSPECIFIED,,,,CRAWLING_USER_AGENT_UNSPECIFIED,,
https://reklamap.pl/powierzchnia-reklamowa/billboardy/poznan/backlight-podswietlany-5-x-2-m-poznan-dworzec-pkp-963,PASS,Strona przesłana i zindeksowana,INDEXING_ALLOWED,ALLOWED,SUCCESSFUL,https://reklamap.pl/powierzchnia-reklamowa/billboardy/poznan/backlight-podswietlany-5-x-2-m-poznan-dworzec-pkp-963,https://reklamap.pl/powierzchnia-reklamowa/billboardy/poznan/backlight-podswietlany-5-x-2-m-poznan-dworzec-pkp-963,2026-07-20T00:13:21Z,MOBILE,,
https://reklamap.pl/powierzchnia-reklamowa/billboardy/poznan/backlight-podswietlany-5-x-2-m-poznan-dworzec-pkp-964,PASS,Strona przesłana i zindeksowana,INDEXING_ALLOWED,ALLOWED,SUCCESSFUL,https://reklamap.pl/powierzchnia-reklamowa/billboardy/poznan/backlight-podswietlany-5-x-2-m-poznan-dworzec-pkp-964,https://reklamap.pl/powierzchnia-reklamowa/billboardy/poznan/backlight-podswietlany-5-x-2-m-poznan-dworzec-pkp-964,2026-08-04T00:56:28Z,MOBILE,,
https://reklamap.pl/powierzchnia-reklamowa/billboardy/poznan/backlight-podswietlany-5-x-2-m-poznan-dworzec-pkp-965,PASS,Strona przesłana i zindeksowana,INDEXING_ALLOWED,ALLOWED,SUCCESSFUL,https://reklamap.pl/powierzchnia-reklamowa/billboardy/poznan/backlight-podswietlany-5-x-2-m-poznan-dworzec-pkp-965,https://reklamap.pl/powierzchnia-reklamowa/billboardy/poznan/backlight-podswietlany-5-x-2-m-poznan-dworzec-pkp-965,2026-08-27T01:42:35Z,MOBILE,,
https://reklamap.pl/powierzchnia-reklamowa/billboardy/poznan/backlight-podswietlany-6-x-3-m-poznan-rondo-rataje-966,PASS,Strona przesłana i zindeksowana,INDEXING_ALLOWED,ALLOWED,SUCCESSFUL,https://reklamap.pl/powierzchnia-reklamowa/billboardy/poznan/backlight-podswietlany-6-x-3-m-poznan-rondo-rataje-966,https://reklamap.pl/powierzchnia-reklamowa/billboardy/poznan/backlight-podswietlany-6-x-3-m-poznan-rondo-rataje-966,2026-08-27T01:44:35Z,MOBILE,,
https://reklamap.pl/powierzchnia-reklamowa/billboardy/poznan/backlight-podswietlany-6-x-3-m-poznan-rondo-rataje-967,NEUTRAL,Strona wykryta – obecnie niezindeksowana,INDEXING_STATE_UNSPECIFIED,ROBOTS_TXT_STATE_UNSPECIFIED,PAGE_FETCH_STATE_UNSPECIFIED,,,,CRAWLING_USER_AGENT_UNSPECIFIED,,
https://reklamap.pl/powierzchnia-reklamowa/billboardy/poznan/billboard-przy-a2-20-x-6-m-poznan-kier-berlin-tyl-948,PASS,Strona przesłana i zindeksowana,INDEXING_ALLOWED,ALLOWED,SUCCESSFUL,https://reklamap.pl/powierzchnia-reklamowa/billboardy/poznan/billboard-przy-a2-20-x-6-m-poznan-kier-berlin-tyl-948,https://reklamap.pl/powierzchnia-reklamowa/billboardy/poznan/billboard-przy-a2-20-x-6-m-poznan-kier-berlin-tyl-948,2026-09-06T10:04:06Z,MOBILE,,
https://reklamap.pl/powierzchnia-reklamowa/billboardy/poznan/billboard-przy-a2-20-x-6-m-poznan-kier-poznan-front-947,PASS,Strona przesłana i zindeksowana,INDEXING_ALLOWED,ALLOWED,SUCCESSFUL,https://reklamap.pl/powierzchnia-reklamowa/billboardy/poznan/billboard-przy-a2-20-x-6-m-poznan-kier-poznan-front-947,https://reklamap.pl/powierzchnia-reklamowa/billboardy/poznan/billboard-przy-a2-20-x-6-m-poznan-kier-poznan-front-947,2026-08-04T04:54:43Z,MOBILE,,
https://reklamap.pl/powierzchnia-reklamowa/billboardy/pruszcz-gdanski/billboard-g913-pruszcz-gdanski-kier-centrum-984,PASS,Strona przesłana i zindeksowana,INDEXING_ALLOWED,ALLOWED,SUCCESSFUL,https://reklamap.pl/powierzchnia-reklamowa/billboardy/pruszcz-gdanski/billboard-g913-pruszcz-gdanski-kier-centrum-984,https://reklamap.pl/powierzchnia-reklamowa/billboardy/pruszcz-gdanski/billboard-g913-pruszcz-gdanski-kier-centrum-984,2026-09-05T12:59:05Z,MOBILE,,
https://reklamap.pl/powierzchnia-reklamowa/billboardy/przeciszow/billboard-przeciszow-krakowska-2-1225,PASS,Strona przesłana i zindeksowana,INDEXING_ALLOWED,ALLOWED,SUCCESSFUL,https://reklamap.pl/powierzchnia-reklamowa/billboardy/przeciszow/billboard-przeciszow-krakowska-2-1225,https://reklamap.pl/powierzchnia-reklamowa/billboardy/przeciszow/billboard-przeciszow-krakowska-2-1225,2026-08-24T11:12:25Z,MOBILE,,
https://reklamap.pl/powierzchnia-reklamowa/billboardy/przeciszow/billboard-przeciszow-krakowska-i2-1223,PASS,Strona przesłana i zindeksowana,INDEXING_ALLOWED,ALLOWED,SUCCESSFUL,https://reklamap.pl/powierzchnia-reklamowa/billboardy/przeciszow/billboard-przeciszow-krakowska-i2-1223,https://reklamap.pl/powierzchnia-reklamowa/billboardy/przeciszow/billboard-przeciszow-krakowska-i2-1223,2026-08-25T07:10:13Z,MOBILE,,
https://reklamap.pl/powierzchnia-reklamowa/billboardy/przeciszow/billboard-przeciszow-krakowska-i3-1232,PASS,Strona przesłana i zindeksowana,INDEXING_ALLOWED,ALLOWED,SUCCESSFUL,https://reklamap.pl/powierzchnia-reklamowa/billboardy/przeciszow/billboard-przeciszow-krakowska-i3-1232,https://reklamap.pl/powierzchnia-reklamowa/billboardy/przeciszow/billboard-przeciszow-krakowska-i3-1232,2026-08-23T10:40:48Z,MOBILE,,
https://reklamap.pl/powierzchnia-reklamowa/billboardy/przeciszow/billboard-przeciszow-krakowska-ii2-1224,PASS,Strona przesłana i zindeksowana,INDEXING_ALLOWED,ALLOWED,SUCCESSFUL,https://reklamap.pl/powierzchnia-reklamowa/billboardy/przeciszow/billboard-przeciszow-krakowska-ii2-1224,https://reklamap.pl/powierzchnia-reklamowa/billboardy/przeciszow/billboard-przeciszow-krakowska-ii2-1224,2026-08-22T19:17:40Z,MOBILE,,
https://reklamap.pl/powierzchnia-reklamowa/billboardy/przeciszow/billboard-przeciszow-krakowska-iii1-1226,PASS,Strona przesłana i zindeksowana,INDEXING_ALLOWED,ALLOWED,SUCCESSFUL,https://reklamap.pl/powierzchnia-reklamowa/billboardy/przeciszow/billboard-przeciszow-krakowska-iii1-1226,https://reklamap.pl/powierzchnia-reklamowa/billboardy/przeciszow/billboard-przeciszow-krakowska-iii1-1226,2026-08-22T20:57:41Z,MOBILE,,
https://reklamap.pl/powierzchnia-reklamowa/billboardy/przeciszow/billboard-przeciszow-krakowska-iii2-1227,PASS,Strona przesłana i zindeksowana,INDEXING_ALLOWED,ALLOWED,SUCCESSFUL,https://reklamap.pl/powierzchnia-reklamowa/billboardy/przeciszow/billboard-przeciszow-krakowska-iii2-1227,https://reklamap.pl/powierzchnia-reklamowa/billboardy/przeciszow/billboard-przeciszow-krakowska-iii2-1227,2026-08-22T19:42:39Z,MOBILE,,
https://reklamap.pl/powierzchnia-reklamowa/billboardy/przerzeczyn-zdroj/billboard-przerzeczyn-zdroj-obszar-zabudowany-droga-tranzytowa-596,NEUTRAL,Strona wykryta – obecnie niezindeksowana,INDEXING_STATE_UNSPECIFIED,ROBOTS_TXT_STATE_UNSPECIFIED,PAGE_FETCH_STATE_UNSPECIFIED,,,,CRAWLING_USER_AGENT_UNSPECIFIED,,
https://reklamap.pl/powierzchnia-reklamowa/billboardy/przerzeczyn-zdroj/billboard-przerzeczyn-zdroj-obszar-zabudowany-droga-tranzytowa-644,PASS,Strona przesłana i zindeksowana,INDEXING_ALLOWED,ALLOWED,SUCCESSFUL,https://reklamap.pl/powierzchnia-reklamowa/billboardy/przerzeczyn-zdroj/billboard-przerzeczyn-zdroj-obszar-zabudowany-droga-tranzytowa-644,https://reklamap.pl/powierzchnia-reklamowa/billboardy/przerzeczyn-zdroj/billboard-przerzeczyn-zdroj-obszar-zabudowany-droga-tranzytowa-644,2026-08-04T05:45:07Z,MOBILE,,
https://reklamap.pl/powierzchnia-reklamowa/billboardy/radom/1905-roku-kierunek-centrum-99,NEUTRAL,Strona wykryta – obecnie niezindeksowana,INDEXING_STATE_UNSPECIFIED,ROBOTS_TXT_STATE_UNSPECIFIED,PAGE_FETCH_STATE_UNSPECIFIED,,,,CRAWLING_USER_AGENT_UNSPECIFIED,,
https://reklamap.pl/powierzchnia-reklamowa/billboardy/radom/25-czerwca-zeromskiego-94,PASS,Strona przesłana i zindeksowana,INDEXING_ALLOWED,ALLOWED,SUCCESSFUL,https://reklamap.pl/powierzchnia-reklamowa/billboardy/radom/25-czerwca-zeromskiego-94,https://reklamap.pl/powierzchnia-reklamowa/billboardy/radom/25-czerwca-zeromskiego-94,2026-07-18T09:51:23Z,MOBILE,,
https://reklamap.pl/powierzchnia-reklamowa/billboardy/radom/dowkonta-brama-100,NEUTRAL,Strona wykryta – obecnie niezindeksowana,INDEXING_STATE_UNSPECIFIED,ROBOTS_TXT_STATE_UNSPECIFIED,PAGE_FETCH_STATE_UNSPECIFIED,,,,CRAWLING_USER_AGENT_UNSPECIFIED,,
https://reklamap.pl/powierzchnia-reklamowa/billboardy/radom/kielecka-61-obok-salonu-kia-101,NEUTRAL,Strona wykryta – obecnie niezindeksowana,INDEXING_STATE_UNSPECIFIED,ROBOTS_TXT_STATE_UNSPECIFIED,PAGE_FETCH_STATE_UNSPECIFIED,,,,CRAWLING_USER_AGENT_UNSPECIFIED,,
https://reklamap.pl/powierzchnia-reklamowa/billboardy/radom/lubelska-143-vis-a-vis-lotniska-97,NEUTRAL,Strona wykryta – obecnie niezindeksowana,INDEXING_STATE_UNSPECIFIED,ROBOTS_TXT_STATE_UNSPECIFIED,PAGE_FETCH_STATE_UNSPECIFIED,,,,CRAWLING_USER_AGENT_UNSPECIFIED,,
https://reklamap.pl/powierzchnia-reklamowa/billboardy/radom/malczewskiego-13-95,NEUTRAL,Adres URL jest Google nieznany,INDEXING_STATE_UNSPECIFIED,ROBOTS_TXT_STATE_UNSPECIFIED,PAGE_FETCH_STATE_UNSPECIFIED,,,,,,
https://reklamap.pl/powierzchnia-reklamowa/billboardy/radom/malczewskiego-18-96,NEUTRAL,Adres URL jest Google nieznany,INDEXING_STATE_UNSPECIFIED,ROBOTS_TXT_STATE_UNSPECIFIED,PAGE_FETCH_STATE_UNSPECIFIED,,,,,,
https://reklamap.pl/powierzchnia-reklamowa/billboardy/radom/przytycka-wacyn-88-kierunek-centrum-103,NEUTRAL,"Strona zeskanowana, ale jeszcze nie zindeksowana",INDEXING_STATE_UNSPECIFIED,ALLOWED,SUCCESSFUL,,,2026-09-07T01:19:23Z,MOBILE,,
https://reklamap.pl/powierzchnia-reklamowa/billboardy/radom/warszawska-74-kierunek-warszawa-102,NEUTRAL,Adres URL jest Google nieznany,INDEXING_STATE_UNSPECIFIED,ROBOTS_TXT_STATE_UNSPECIFIED,PAGE_FETCH_STATE_UNSPECIFIED,,,,,,
https://reklamap.pl/powierzchnia-reklamowa/billboardy/radom/zbrowskiego-struga-kierunek-castorama-106,PASS,Strona przesłana i zindeksowana,INDEXING_ALLOWED,ALLOWED,SUCCESSFUL,https://reklamap.pl/powierzchnia-reklamowa/billboardy/radom/zbrowskiego-struga-kierunek-castorama-106,https://reklamap.pl/powierzchnia-reklamowa/billboardy/radom/zbrowskiego-struga-kierunek-castorama-106,2026-08-13T06:08:19Z,MOBILE,,
https://reklamap.pl/powierzchnia-reklamowa/billboardy/radom/zbrowskiego-struga-widocznosc-od-strony-struga-105,NEUTRAL,Adres URL jest Google nieznany,INDEXING_STATE_UNSPECIFIED,ROBOTS_TXT_STATE_UNSPECIFIED,PAGE_FETCH_STATE_UNSPECIFIED,,,,,,
https://reklamap.pl/powierzchnia-reklamowa/billboardy/radom/zbrowskiego-struga-widocznosc-od-strony-zbrowskiego-104,NEUTRAL,Adres URL jest Google nieznany,INDEXING_STATE_UNSPECIFIED,ROBOTS_TXT_STATE_UNSPECIFIED,PAGE_FETCH_STATE_UNSPECIFIED,,,,,,
https://reklamap.pl/powierzchnia-reklamowa/billboardy/reda/billboard-g114b-dk6-reda-kier-slupsk-991,PASS,Strona przesłana i zindeksowana,INDEXING_ALLOWED,ALLOWED,SUCCESSFUL,https://reklamap.pl/powierzchnia-reklamowa/billboardy/reda/billboard-g114b-dk6-reda-kier-slupsk-991,https://reklamap.pl/powierzchnia-reklamowa/billboardy/reda/billboard-g114b-dk6-reda-kier-slupsk-991,2026-08-23T17:46:04Z,MOBILE,,
https://reklamap.pl/powierzchnia-reklamowa/billboardy/rogoziniec/billboard-przy-a2-12-x-3-m-rogoziniec-kier-poznan-946,PASS,Strona przesłana i zindeksowana,INDEXING_ALLOWED,ALLOWED,SUCCESSFUL,https://reklamap.pl/powierzchnia-reklamowa/billboardy/rogoziniec/billboard-przy-a2-12-x-3-m-rogoziniec-kier-poznan-946,https://reklamap.pl/powierzchnia-reklamowa/billboardy/rogoziniec/billboard-przy-a2-12-x-3-m-rogoziniec-kier-poznan-946,2026-08-04T01:11:54Z,MOBILE,,
https://reklamap.pl/powierzchnia-reklamowa/billboardy/rudze/billboard-rudze-platynowa-2-1241,PASS,Strona przesłana i zindeksowana,INDEXING_ALLOWED,ALLOWED,SUCCESSFUL,https://reklamap.pl/powierzchnia-reklamowa/billboardy/rudze/billboard-rudze-platynowa-2-1241,https://reklamap.pl/powierzchnia-reklamowa/billboardy/rudze/billboard-rudze-platynowa-2-1241,2026-08-22T19:45:52Z,MOBILE,,
https://reklamap.pl/powierzchnia-reklamowa/billboardy/rzepowskie/billboard-rzepowskie-glowna-1111,PASS,Strona przesłana i zindeksowana,INDEXING_ALLOWED,ALLOWED,SUCCESSFUL,https://reklamap.pl/powierzchnia-reklamowa/billboardy/rzepowskie/billboard-rzepowskie-glowna-1111,https://reklamap.pl/powierzchnia-reklamowa/billboardy/rzepowskie/billboard-rzepowskie-glowna-1111,2026-08-22T20:39:52Z,MOBILE,,
https://reklamap.pl/powierzchnia-reklamowa/billboardy/rzepowskie/billboard-rzepowskie-glowna-i2-1112,PASS,Strona przesłana i zindeksowana,INDEXING_ALLOWED,ALLOWED,SUCCESSFUL,https://reklamap.pl/powierzchnia-reklamowa/billboardy/rzepowskie/billboard-rzepowskie-glowna-i2-1112,https://reklamap.pl/powierzchnia-reklamowa/billboardy/rzepowskie/billboard-rzepowskie-glowna-i2-1112,2026-08-22T22:02:22Z,MOBILE,,
https://reklamap.pl/powierzchnia-reklamowa/billboardy/rzeszow/bilbord-rzeszow-ul-podkarpacka-57,NEUTRAL,"Strona zeskanowana, ale jeszcze nie zindeksowana",INDEXING_STATE_UNSPECIFIED,ALLOWED,SUCCESSFUL,,,2026-09-06T13:22:41Z,MOBILE,,
https://reklamap.pl/powierzchnia-reklamowa/billboardy/sidzina/billboard-sidzina-droga-nr-46-nysa-opole-588,PASS,Strona przesłana i zindeksowana,INDEXING_ALLOWED,ALLOWED,SUCCESSFUL,https://reklamap.pl/powierzchnia-reklamowa/billboardy/sidzina/billboard-sidzina-droga-nr-46-nysa-opole-588,https://reklamap.pl/powierzchnia-reklamowa/billboardy/sidzina/billboard-sidzina-droga-nr-46-nysa-opole-588,2026-08-03T16:22:48Z,MOBILE,,
https://reklamap.pl/powierzchnia-reklamowa/billboardy/sidzina/billboard-sidzina-droga-nr-46-opole-nysa-587,PASS,Strona przesłana i zindeksowana,INDEXING_ALLOWED,ALLOWED,SUCCESSFUL,https://reklamap.pl/powierzchnia-reklamowa/billboardy/sidzina/billboard-sidzina-droga-nr-46-opole-nysa-587,https://reklamap.pl/powierzchnia-reklamowa/billboardy/sidzina/billboard-sidzina-droga-nr-46-opole-nysa-587,2026-08-04T12:10:00Z,MOBILE,,
https://reklamap.pl/powierzchnia-reklamowa/billboardy/sieniec/powierzchnia-reklamowa-12-5-m2-do-wynajecia-na-bilbordzie-dk45-sieniec-994,PASS,Strona przesłana i zindeksowana,INDEXING_ALLOWED,ALLOWED,SUCCESSFUL,https://reklamap.pl/powierzchnia-reklamowa/billboardy/sieniec/powierzchnia-reklamowa-12-5-m2-do-wynajecia-na-bilbordzie-dk45-sieniec-994,https://reklamap.pl/powierzchnia-reklamowa/billboardy/sieniec/powierzchnia-reklamowa-12-5-m2-do-wynajecia-na-bilbordzie-dk45-sieniec-994,2026-08-23T14:09:25Z,MOBILE,,
https://reklamap.pl/powierzchnia-reklamowa/billboardy/slawkow/billboard-6-x-3-m-slawkow-glowne-skrzyzowanie-na-trasie-224,PASS,Strona przesłana i zindeksowana,INDEXING_ALLOWED,ALLOWED,SUCCESSFUL,https://reklamap.pl/powierzchnia-reklamowa/billboardy/slawkow/billboard-6-x-3-m-slawkow-glowne-skrzyzowanie-na-trasie-224,https://reklamap.pl/powierzchnia-reklamowa/billboardy/slawkow/billboard-6-x-3-m-slawkow-glowne-skrzyzowanie-na-trasie-224,2026-07-25T18:32:39Z,MOBILE,,
https://reklamap.pl/powierzchnia-reklamowa/billboardy/slupsk/billboard-sl390-s6-slupsk-wezel-redzikowo-panel-goradol-kier-slupsk-990,NEUTRAL,Strona wykryta – obecnie niezindeksowana,INDEXING_STATE_UNSPECIFIED,ROBOTS_TXT_STATE_UNSPECIFIED,PAGE_FETCH_STATE_UNSPECIFIED,,,,CRAWLING_USER_AGENT_UNSPECIFIED,,
https://reklamap.pl/powierzchnia-reklamowa/billboardy/sosnowiec/billboard-5-04-x-2-38-m-sosnowiec-212,NEUTRAL,Adres URL jest Google nieznany,INDEXING_STATE_UNSPECIFIED,ROBOTS_TXT_STATE_UNSPECIFIED,PAGE_FETCH_STATE_UNSPECIFIED,,,,,,
https://reklamap.pl/powierzchnia-reklamowa/billboardy/sosnowiec/billboard-5-04-x-2-38-m-sosnowiec-213,PASS,Strona przesłana i zindeksowana,INDEXING_ALLOWED,ALLOWED,SUCCESSFUL,https://reklamap.pl/powierzchnia-reklamowa/billboardy/sosnowiec/billboard-5-04-x-2-38-m-sosnowiec-213,https://reklamap.pl/powierzchnia-reklamowa/billboardy/sosnowiec/billboard-5-04-x-2-38-m-sosnowiec-213,2026-08-22T12:40:17Z,MOBILE,,
https://reklamap.pl/powierzchnia-reklamowa/billboardy/sosnowiec/billboard-5-04-x-2-38-m-sosnowiec-214,NEUTRAL,"Strona zeskanowana, ale jeszcze nie zindeksowana",INDEXING_STATE_UNSPECIFIED,ALLOWED,SUCCESSFUL,,,2026-09-04T03:14:44Z,MOBILE,,
https://reklamap.pl/powierzchnia-reklamowa/billboardy/sosnowiec/billboard-5-04-x-2-38-m-sosnowiec-215,PASS,Strona przesłana i zindeksowana,INDEXING_ALLOWED,ALLOWED,SUCCESSFUL,https://reklamap.pl/powierzchnia-reklamowa/billboardy/sosnowiec/billboard-5-04-x-2-38-m-sosnowiec-215,https://reklamap.pl/powierzchnia-reklamowa/billboardy/sosnowiec/billboard-5-04-x-2-38-m-sosnowiec-215,2026-08-03T18:08:54Z,MOBILE,,
https://reklamap.pl/powierzchnia-reklamowa/billboardy/sosnowiec/billboard-5-04-x-2-38-m-sosnowiec-zagorze-211,PASS,Strona przesłana i zindeksowana,INDEXING_ALLOWED,ALLOWED,SUCCESSFUL,https://reklamap.pl/powierzchnia-reklamowa/billboardy/sosnowiec/billboard-5-04-x-2-38-m-sosnowiec-zagorze-211,https://reklamap.pl/powierzchnia-reklamowa/billboardy/sosnowiec/billboard-5-04-x-2-38-m-sosnowiec-zagorze-211,2026-08-03T20:24:45Z,MOBILE,,
https://reklamap.pl/powierzchnia-reklamowa/billboardy/sosnowiec/billboard-6-x-3-m-sosnowiec-210,PASS,Strona przesłana i zindeksowana,INDEXING_ALLOWED,ALLOWED,SUCCESSFUL,https://reklamap.pl/powierzchnia-reklamowa/billboardy/sosnowiec/billboard-6-x-3-m-sosnowiec-210,https://reklamap.pl/powierzchnia-reklamowa/billboardy/sosnowiec/billboard-6-x-3-m-sosnowiec-210,2026-08-04T05:54:53Z,MOBILE,,
https://reklamap.pl/powierzchnia-reklamowa/billboardy/sosnowiec/billboard-6-x-3-m-sosnowiec-auchanleroy-merlin-197,PASS,Strona przesłana i zindeksowana,INDEXING_ALLOWED,ALLOWED,SUCCESSFUL,https://reklamap.pl/powierzchnia-reklamowa/billboardy/sosnowiec/billboard-6-x-3-m-sosnowiec-auchanleroy-merlin-197,https://reklamap.pl/powierzchnia-reklamowa/billboardy/sosnowiec/billboard-6-x-3-m-sosnowiec-auchanleroy-merlin-197,2026-08-10T07:31:57Z,MOBILE,,
https://reklamap.pl/powierzchnia-reklamowa/billboardy/sosnowiec/billboard-6-x-3-m-sosnowiec-auchanleroy-merlin-198,PASS,Strona przesłana i zindeksowana,INDEXING_ALLOWED,ALLOWED,SUCCESSFUL,https://reklamap.pl/powierzchnia-reklamowa/billboardy/sosnowiec/billboard-6-x-3-m-sosnowiec-auchanleroy-merlin-198,https://reklamap.pl/powierzchnia-reklamowa/billboardy/sosnowiec/billboard-6-x-3-m-sosnowiec-auchanleroy-merlin-198,2026-08-04T12:14:05Z,MOBILE,,
https://reklamap.pl/powierzchnia-reklamowa/billboardy/sosnowiec/billboard-6-x-3-m-sosnowiec-castorama-204,PASS,Strona przesłana i zindeksowana,INDEXING_ALLOWED,ALLOWED,SUCCESSFUL,https://reklamap.pl/powierzchnia-reklamowa/billboardy/sosnowiec/billboard-6-x-3-m-sosnowiec-castorama-204,https://reklamap.pl/powierzchnia-reklamowa/billboardy/sosnowiec/billboard-6-x-3-m-sosnowiec-castorama-204,2026-08-04T05:52:50Z,MOBILE,,
https://reklamap.pl/powierzchnia-reklamowa/billboardy/sosnowiec/billboard-6-x-3-m-sosnowiec-castorama-205,PASS,Strona przesłana i zindeksowana,INDEXING_ALLOWED,ALLOWED,SUCCESSFUL,https://reklamap.pl/powierzchnia-reklamowa/billboardy/sosnowiec/billboard-6-x-3-m-sosnowiec-castorama-205,https://reklamap.pl/powierzchnia-reklamowa/billboardy/sosnowiec/billboard-6-x-3-m-sosnowiec-castorama-205,2026-08-04T04:50:24Z,MOBILE,,
https://reklamap.pl/powierzchnia-reklamowa/billboardy/sosnowiec/billboard-6-x-3-m-sosnowiec-dandowka-201,PASS,Strona przesłana i zindeksowana,INDEXING_ALLOWED,ALLOWED,SUCCESSFUL,https://reklamap.pl/powierzchnia-reklamowa/billboardy/sosnowiec/billboard-6-x-3-m-sosnowiec-dandowka-201,https://reklamap.pl/powierzchnia-reklamowa/billboardy/sosnowiec/billboard-6-x-3-m-sosnowiec-dandowka-201,2026-08-04T04:36:10Z,MOBILE,,
https://reklamap.pl/powierzchnia-reklamowa/billboardy/sosnowiec/billboard-6-x-3-m-sosnowiec-ford-shell-202,PASS,Strona przesłana i zindeksowana,INDEXING_ALLOWED,ALLOWED,SUCCESSFUL,https://reklamap.pl/powierzchnia-reklamowa/billboardy/sosnowiec/billboard-6-x-3-m-sosnowiec-ford-shell-202,https://reklamap.pl/powierzchnia-reklamowa/billboardy/sosnowiec/billboard-6-x-3-m-sosnowiec-ford-shell-202,2026-07-25T11:01:33Z,MOBILE,,
https://reklamap.pl/powierzchnia-reklamowa/billboardy/sosnowiec/billboard-6-x-3-m-sosnowiec-klimontowdandowka-200,PASS,Strona przesłana i zindeksowana,INDEXING_ALLOWED,ALLOWED,SUCCESSFUL,https://reklamap.pl/powierzchnia-reklamowa/billboardy/sosnowiec/billboard-6-x-3-m-sosnowiec-klimontowdandowka-200,https://reklamap.pl/powierzchnia-reklamowa/billboardy/sosnowiec/billboard-6-x-3-m-sosnowiec-klimontowdandowka-200,2026-08-04T05:57:52Z,MOBILE,,
https://reklamap.pl/powierzchnia-reklamowa/billboardy/sosnowiec/billboard-6-x-3-m-sosnowiec-przed-makro-cash-kamienna-203,PASS,Strona przesłana i zindeksowana,INDEXING_ALLOWED,ALLOWED,SUCCESSFUL,https://reklamap.pl/powierzchnia-reklamowa/billboardy/sosnowiec/billboard-6-x-3-m-sosnowiec-przed-makro-cash-kamienna-203,https://reklamap.pl/powierzchnia-reklamowa/billboardy/sosnowiec/billboard-6-x-3-m-sosnowiec-przed-makro-cash-kamienna-203,2026-08-04T01:59:41Z,MOBILE,,
https://reklamap.pl/powierzchnia-reklamowa/billboardy/sosnowiec/billboard-6-x-3-m-sosnowiec-sielec-206,PASS,Strona przesłana i zindeksowana,INDEXING_ALLOWED,ALLOWED,SUCCESSFUL,https://reklamap.pl/powierzchnia-reklamowa/billboardy/sosnowiec/billboard-6-x-3-m-sosnowiec-sielec-206,https://reklamap.pl/powierzchnia-reklamowa/billboardy/sosnowiec/billboard-6-x-3-m-sosnowiec-sielec-206,2026-08-24T17:07:11Z,MOBILE,,
https://reklamap.pl/powierzchnia-reklamowa/billboardy/sosnowiec/billboard-6-x-3-m-sosnowiec-skrzyzowanie-komorowskiego-199,NEUTRAL,"Strona zeskanowana, ale jeszcze nie zindeksowana",INDEXING_STATE_UNSPECIFIED,ALLOWED,SUCCESSFUL,,,2026-09-07T03:19:44Z,MOBILE,,
https://reklamap.pl/powierzchnia-reklamowa/billboardy/sosnowiec/billboard-6-x-3-m-sosnowiec-skrzyzowanie-przy-orion-207,NEUTRAL,Adres URL jest Google nieznany,INDEXING_STATE_UNSPECIFIED,ROBOTS_TXT_STATE_UNSPECIFIED,PAGE_FETCH_STATE_UNSPECIFIED,,,,,,
https://reklamap.pl/powierzchnia-reklamowa/billboardy/sosnowiec/billboard-6-x-3-m-sosnowiec-srodula-parking-strzezony-208,PASS,Strona przesłana i zindeksowana,INDEXING_ALLOWED,ALLOWED,SUCCESSFUL,https://reklamap.pl/powierzchnia-reklamowa/billboardy/sosnowiec/billboard-6-x-3-m-sosnowiec-srodula-parking-strzezony-208,https://reklamap.pl/powierzchnia-reklamowa/billboardy/sosnowiec/billboard-6-x-3-m-sosnowiec-srodula-parking-strzezony-208,2026-08-03T20:18:08Z,MOBILE,,
https://reklamap.pl/powierzchnia-reklamowa/billboardy/sosnowiec/billboard-6-x-3-m-sosnowiec-srodula-parking-strzezony-209,PASS,Strona przesłana i zindeksowana,INDEXING_ALLOWED,ALLOWED,SUCCESSFUL,https://reklamap.pl/powierzchnia-reklamowa/billboardy/sosnowiec/billboard-6-x-3-m-sosnowiec-srodula-parking-strzezony-209,https://reklamap.pl/powierzchnia-reklamowa/billboardy/sosnowiec/billboard-6-x-3-m-sosnowiec-srodula-parking-strzezony-209,2026-08-04T04:26:54Z,MOBILE,,
https://reklamap.pl/powierzchnia-reklamowa/billboardy/sosnowiec/billboard-6-x-3-m-sosnowiec-wjazd-do-myslowic-wiadukt-195,PASS,Strona przesłana i zindeksowana,INDEXING_ALLOWED,ALLOWED,SUCCESSFUL,https://reklamap.pl/powierzchnia-reklamowa/billboardy/sosnowiec/billboard-6-x-3-m-sosnowiec-wjazd-do-myslowic-wiadukt-195,https://reklamap.pl/powierzchnia-reklamowa/billboardy/sosnowiec/billboard-6-x-3-m-sosnowiec-wjazd-do-myslowic-wiadukt-195,2026-08-12T15:11:54Z,MOBILE,,
https://reklamap.pl/powierzchnia-reklamowa/billboardy/sosnowiec/billboard-6-x-3-m-sosnowiec-wyjazd-z-myslowic-wiadukt-196,PASS,Strona przesłana i zindeksowana,INDEXING_ALLOWED,ALLOWED,SUCCESSFUL,https://reklamap.pl/powierzchnia-reklamowa/billboardy/sosnowiec/billboard-6-x-3-m-sosnowiec-wyjazd-z-myslowic-wiadukt-196,https://reklamap.pl/powierzchnia-reklamowa/billboardy/sosnowiec/billboard-6-x-3-m-sosnowiec-wyjazd-z-myslowic-wiadukt-196,2026-08-04T05:53:03Z,MOBILE,,
https://reklamap.pl/powierzchnia-reklamowa/billboardy/sulkowice/billboard-sulkowice-beskidzka-iii-1033,PASS,Strona przesłana i zindeksowana,INDEXING_ALLOWED,ALLOWED,SUCCESSFUL,https://reklamap.pl/powierzchnia-reklamowa/billboardy/sulkowice/billboard-sulkowice-beskidzka-iii-1033,https://reklamap.pl/powierzchnia-reklamowa/billboardy/sulkowice/billboard-sulkowice-beskidzka-iii-1033,2026-08-22T22:28:38Z,MOBILE,,
https://reklamap.pl/powierzchnia-reklamowa/billboardy/sulkowice/billboard-sulkowice-raclawicka-i-1038,PASS,Strona przesłana i zindeksowana,INDEXING_ALLOWED,ALLOWED,SUCCESSFUL,https://reklamap.pl/powierzchnia-reklamowa/billboardy/sulkowice/billboard-sulkowice-raclawicka-i-1038,https://reklamap.pl/powierzchnia-reklamowa/billboardy/sulkowice/billboard-sulkowice-raclawicka-i-1038,2026-08-22T20:19:36Z,MOBILE,,
https://reklamap.pl/powierzchnia-reklamowa/billboardy/swietoszowice/miejsce-na-twoja-reklame-71,NEUTRAL,Adres URL jest Google nieznany,INDEXING_STATE_UNSPECIFIED,ROBOTS_TXT_STATE_UNSPECIFIED,PAGE_FETCH_STATE_UNSPECIFIED,,,,,,
https://reklamap.pl/powierzchnia-reklamowa/billboardy/szalejow-gorny/billboard-szalejow-gorny-szalejow-gorny-433,NEUTRAL,Strona wykryta – obecnie niezindeksowana,INDEXING_STATE_UNSPECIFIED,ROBOTS_TXT_STATE_UNSPECIFIED,PAGE_FETCH_STATE_UNSPECIFIED,,,,CRAWLING_USER_AGENT_UNSPECIFIED,,
https://reklamap.pl/powierzchnia-reklamowa/billboardy/szalejow-gorny/billboard-szalejow-gorny-szalejow-gorny-585,PASS,Strona przesłana i zindeksowana,INDEXING_ALLOWED,ALLOWED,SUCCESSFUL,https://reklamap.pl/powierzchnia-reklamowa/billboardy/szalejow-gorny/billboard-szalejow-gorny-szalejow-gorny-585,https://reklamap.pl/powierzchnia-reklamowa/billboardy/szalejow-gorny/billboard-szalejow-gorny-szalejow-gorny-585,2026-08-23T05:49:06Z,MOBILE,,
https://reklamap.pl/powierzchnia-reklamowa/billboardy/szalejow-gorny/billboard-szalejow-gorny-szalejow-gorny-586,PASS,Strona przesłana i zindeksowana,INDEXING_ALLOWED,ALLOWED,SUCCESSFUL,https://reklamap.pl/powierzchnia-reklamowa/billboardy/szalejow-gorny/billboard-szalejow-gorny-szalejow-gorny-586,https://reklamap.pl/powierzchnia-reklamowa/billboardy/szalejow-gorny/billboard-szalejow-gorny-szalejow-gorny-586,2026-08-31T01:40:49Z,MOBILE,,
https://reklamap.pl/powierzchnia-reklamowa/billboardy/szalejow-gorny/billboard-szalejow-gorny-szalejow-gorny-653,PASS,Strona przesłana i zindeksowana,INDEXING_ALLOWED,ALLOWED,SUCCESSFUL,https://reklamap.pl/powierzchnia-reklamowa/billboardy/szalejow-gorny/billboard-szalejow-gorny-szalejow-gorny-653,https://reklamap.pl/powierzchnia-reklamowa/billboardy/szalejow-gorny/billboard-szalejow-gorny-szalejow-gorny-653,2026-08-03T17:43:10Z,MOBILE,,
https://reklamap.pl/powierzchnia-reklamowa/billboardy/szalejow-gorny/billboard-szalejow-gorny-szalejow-gorny-654,PASS,Strona przesłana i zindeksowana,INDEXING_ALLOWED,ALLOWED,SUCCESSFUL,https://reklamap.pl/powierzchnia-reklamowa/billboardy/szalejow-gorny/billboard-szalejow-gorny-szalejow-gorny-654,https://reklamap.pl/powierzchnia-reklamowa/billboardy/szalejow-gorny/billboard-szalejow-gorny-szalejow-gorny-654,2026-08-04T05:02:09Z,MOBILE,,
https://reklamap.pl/powierzchnia-reklamowa/billboardy/szalejow-gorny/billboard-szalejow-gorny-szalejow-gorny-655,PASS,Strona przesłana i zindeksowana,INDEXING_ALLOWED,ALLOWED,SUCCESSFUL,https://reklamap.pl/powierzchnia-reklamowa/billboardy/szalejow-gorny/billboard-szalejow-gorny-szalejow-gorny-655,https://reklamap.pl/powierzchnia-reklamowa/billboardy/szalejow-gorny/billboard-szalejow-gorny-szalejow-gorny-655,2026-07-20T03:44:21Z,MOBILE,,
https://reklamap.pl/powierzchnia-reklamowa/billboardy/szalejow-gorny/billboard-szalejow-gorny-szalejow-gorny-656,PASS,Strona przesłana i zindeksowana,INDEXING_ALLOWED,ALLOWED,SUCCESSFUL,https://reklamap.pl/powierzchnia-reklamowa/billboardy/szalejow-gorny/billboard-szalejow-gorny-szalejow-gorny-656,https://reklamap.pl/powierzchnia-reklamowa/billboardy/szalejow-gorny/billboard-szalejow-gorny-szalejow-gorny-656,2026-07-28T11:48:52Z,MOBILE,,
https://reklamap.pl/powierzchnia-reklamowa/billboardy/szalejow-gorny/billboard-szalejow-gorny-szalejow-gorny-664,PASS,Strona przesłana i zindeksowana,INDEXING_ALLOWED,ALLOWED,SUCCESSFUL,https://reklamap.pl/powierzchnia-reklamowa/billboardy/szalejow-gorny/billboard-szalejow-gorny-szalejow-gorny-664,https://reklamap.pl/powierzchnia-reklamowa/billboardy/szalejow-gorny/billboard-szalejow-gorny-szalejow-gorny-664,2026-08-04T05:04:08Z,MOBILE,,
https://reklamap.pl/powierzchnia-reklamowa/billboardy/szalejow-gorny/billboard-szalejow-gorny-szalejow-gorny-665,NEUTRAL,Adres URL jest Google nieznany,INDEXING_STATE_UNSPECIFIED,ROBOTS_TXT_STATE_UNSPECIFIED,PAGE_FETCH_STATE_UNSPECIFIED,,,,,,
https://reklamap.pl/powierzchnia-reklamowa/billboardy/szalejow-gorny/billboard-szalejow-gorny-szalejow-gorny-666,PASS,Strona przesłana i zindeksowana,INDEXING_ALLOWED,ALLOWED,SUCCESSFUL,https://reklamap.pl/powierzchnia-reklamowa/billboardy/szalejow-gorny/billboard-szalejow-gorny-szalejow-gorny-666,https://reklamap.pl/powierzchnia-reklamowa/billboardy/szalejow-gorny/billboard-szalejow-gorny-szalejow-gorny-666,2026-07-19T00:33:08Z,MOBILE,,
https://reklamap.pl/powierzchnia-reklamowa/billboardy/szalejow-gorny/billboard-szalejow-gorny-szalejow-gorny-667,PASS,Strona przesłana i zindeksowana,INDEXING_ALLOWED,ALLOWED,SUCCESSFUL,https://reklamap.pl/powierzchnia-reklamowa/billboardy/szalejow-gorny/billboard-szalejow-gorny-szalejow-gorny-667,https://reklamap.pl/powierzchnia-reklamowa/billboardy/szalejow-gorny/billboard-szalejow-gorny-szalejow-gorny-667,2026-08-03T20:38:33Z,MOBILE,,
https://reklamap.pl/powierzchnia-reklamowa/billboardy/szalejow-gorny/billboard-szalejow-gorny-tablica-podswietlana-323,NEUTRAL,"Strona zeskanowana, ale jeszcze nie zindeksowana",INDEXING_STATE_UNSPECIFIED,ALLOWED,SUCCESSFUL,,,2026-09-06T11:26:39Z,MOBILE,,
https://reklamap.pl/powierzchnia-reklamowa/billboardy/szalejow-gorny/billboard-szalejow-gorny-tablica-podswietlana-324,PASS,Strona przesłana i zindeksowana,INDEXING_ALLOWED,ALLOWED,SUCCESSFUL,https://reklamap.pl/powierzchnia-reklamowa/billboardy/szalejow-gorny/billboard-szalejow-gorny-tablica-podswietlana-324,https://reklamap.pl/powierzchnia-reklamowa/billboardy/szalejow-gorny/billboard-szalejow-gorny-tablica-podswietlana-324,2026-09-04T21:38:53Z,MOBILE,,
https://reklamap.pl/powierzchnia-reklamowa/billboardy/szalejow-gorny/billboard-szalejow-gorny-trasa-nr-8-312,NEUTRAL,Adres URL jest Google nieznany,INDEXING_STATE_UNSPECIFIED,ROBOTS_TXT_STATE_UNSPECIFIED,PAGE_FETCH_STATE_UNSPECIFIED,,,,,,
https://reklamap.pl/powierzchnia-reklamowa/billboardy/szalejow-gorny/billboard-szalejow-gorny-trasa-nr-8-313,PASS,Strona przesłana i zindeksowana,INDEXING_ALLOWED,ALLOWED,SUCCESSFUL,https://reklamap.pl/powierzchnia-reklamowa/billboardy/szalejow-gorny/billboard-szalejow-gorny-trasa-nr-8-313,https://reklamap.pl/powierzchnia-reklamowa/billboardy/szalejow-gorny/billboard-szalejow-gorny-trasa-nr-8-313,2026-09-01T04:53:05Z,MOBILE,,
https://reklamap.pl/powierzchnia-reklamowa/billboardy/szalejow-gorny/billboard-szalejow-gorny-trasa-nr-8-320,NEUTRAL,Adres URL jest Google nieznany,INDEXING_STATE_UNSPECIFIED,ROBOTS_TXT_STATE_UNSPECIFIED,PAGE_FETCH_STATE_UNSPECIFIED,,,,,,
https://reklamap.pl/powierzchnia-reklamowa/billboardy/szalejow-gorny/billboard-szalejow-gorny-trasa-nr-8-459,PASS,Strona przesłana i zindeksowana,INDEXING_ALLOWED,ALLOWED,SUCCESSFUL,https://reklamap.pl/powierzchnia-reklamowa/billboardy/szalejow-gorny/billboard-szalejow-gorny-trasa-nr-8-459,https://reklamap.pl/powierzchnia-reklamowa/billboardy/szalejow-gorny/billboard-szalejow-gorny-trasa-nr-8-459,2026-08-04T12:10:56Z,MOBILE,,
https://reklamap.pl/powierzchnia-reklamowa/billboardy/szalejow-gorny/billboard-szalejow-gorny-trasa-nr-8-460,PASS,Strona przesłana i zindeksowana,INDEXING_ALLOWED,ALLOWED,SUCCESSFUL,https://reklamap.pl/powierzchnia-reklamowa/billboardy/szalejow-gorny/billboard-szalejow-gorny-trasa-nr-8-460,https://reklamap.pl/powierzchnia-reklamowa/billboardy/szalejow-gorny/billboard-szalejow-gorny-trasa-nr-8-460,2026-08-24T20:33:39Z,MOBILE,,
https://reklamap.pl/powierzchnia-reklamowa/billboardy/szalejow-gorny/billboard-szalejow-gorny-trasa-nr-8-544,PASS,Strona przesłana i zindeksowana,INDEXING_ALLOWED,ALLOWED,SUCCESSFUL,https://reklamap.pl/powierzchnia-reklamowa/billboardy/szalejow-gorny/billboard-szalejow-gorny-trasa-nr-8-544,https://reklamap.pl/powierzchnia-reklamowa/billboardy/szalejow-gorny/billboard-szalejow-gorny-trasa-nr-8-544,2026-07-31T15:00:58Z,MOBILE,,
https://reklamap.pl/powierzchnia-reklamowa/billboardy/szalejow-gorny/billboard-szalejow-gorny-wjazd-do-miasta-od-strony-klodzka-441,PASS,Strona przesłana i zindeksowana,INDEXING_ALLOWED,ALLOWED,SUCCESSFUL,https://reklamap.pl/powierzchnia-reklamowa/billboardy/szalejow-gorny/billboard-szalejow-gorny-wjazd-do-miasta-od-strony-klodzka-441,https://reklamap.pl/powierzchnia-reklamowa/billboardy/szalejow-gorny/billboard-szalejow-gorny-wjazd-do-miasta-od-strony-klodzka-441,2026-08-29T02:34:36Z,MOBILE,,
https://reklamap.pl/powierzchnia-reklamowa/billboardy/szalejow-gorny/billboard-szalejow-gorny-wjazd-do-szalejowa-w-kierunku-klodzka-488,PASS,Strona przesłana i zindeksowana,INDEXING_ALLOWED,ALLOWED,SUCCESSFUL,https://reklamap.pl/powierzchnia-reklamowa/billboardy/szalejow-gorny/billboard-szalejow-gorny-wjazd-do-szalejowa-w-kierunku-klodzka-488,https://reklamap.pl/powierzchnia-reklamowa/billboardy/szalejow-gorny/billboard-szalejow-gorny-wjazd-do-szalejowa-w-kierunku-klodzka-488,2026-08-26T07:01:23Z,MOBILE,,
https://reklamap.pl/powierzchnia-reklamowa/billboardy/szalejow-gorny/billboard-szalejow-gorny-wjazd-od-klodzka-555,PASS,Strona przesłana i zindeksowana,INDEXING_ALLOWED,ALLOWED,SUCCESSFUL,https://reklamap.pl/powierzchnia-reklamowa/billboardy/szalejow-gorny/billboard-szalejow-gorny-wjazd-od-klodzka-555,https://reklamap.pl/powierzchnia-reklamowa/billboardy/szalejow-gorny/billboard-szalejow-gorny-wjazd-od-klodzka-555,2026-07-18T11:00:07Z,MOBILE,,
https://reklamap.pl/powierzchnia-reklamowa/billboardy/szalejow-gorny/billboard-szalejow-gorny-wjazd-od-strony-klodzka-422,NEUTRAL,Strona wykryta – obecnie niezindeksowana,INDEXING_STATE_UNSPECIFIED,ROBOTS_TXT_STATE_UNSPECIFIED,PAGE_FETCH_STATE_UNSPECIFIED,,,,CRAWLING_USER_AGENT_UNSPECIFIED,,
https://reklamap.pl/powierzchnia-reklamowa/billboardy/szalejow-gorny/billboard-szalejow-gorny-wjazd-od-strony-klodzka-473,PASS,Strona przesłana i zindeksowana,INDEXING_ALLOWED,ALLOWED,SUCCESSFUL,https://reklamap.pl/powierzchnia-reklamowa/billboardy/szalejow-gorny/billboard-szalejow-gorny-wjazd-od-strony-klodzka-473,https://reklamap.pl/powierzchnia-reklamowa/billboardy/szalejow-gorny/billboard-szalejow-gorny-wjazd-od-strony-klodzka-473,2026-07-18T11:42:18Z,MOBILE,,
https://reklamap.pl/powierzchnia-reklamowa/billboardy/szalejow-gorny/billboard-szalejow-gorny-wyjazd-na-droge-krajowa-nr8-353,PASS,Strona przesłana i zindeksowana,INDEXING_ALLOWED,ALLOWED,SUCCESSFUL,https://reklamap.pl/powierzchnia-reklamowa/billboardy/szalejow-gorny/billboard-szalejow-gorny-wyjazd-na-droge-krajowa-nr8-353,https://reklamap.pl/powierzchnia-reklamowa/billboardy/szalejow-gorny/billboard-szalejow-gorny-wyjazd-na-droge-krajowa-nr8-353,2026-08-04T04:31:24Z,MOBILE,,
https://reklamap.pl/powierzchnia-reklamowa/billboardy/szalejow-gorny/billboard-szalejow-gorny-wyjazd-w-kierunku-klodzka-470,PASS,Strona przesłana i zindeksowana,INDEXING_ALLOWED,ALLOWED,SUCCESSFUL,https://reklamap.pl/powierzchnia-reklamowa/billboardy/szalejow-gorny/billboard-szalejow-gorny-wyjazd-w-kierunku-klodzka-470,https://reklamap.pl/powierzchnia-reklamowa/billboardy/szalejow-gorny/billboard-szalejow-gorny-wyjazd-w-kierunku-klodzka-470,2026-09-01T00:19:06Z,MOBILE,,
https://reklamap.pl/powierzchnia-reklamowa/billboardy/szalejow-gorny/billboard-szalejow-gorny-wyjazd-w-kierunku-klodzka-500,PASS,Strona przesłana i zindeksowana,INDEXING_ALLOWED,ALLOWED,SUCCESSFUL,https://reklamap.pl/powierzchnia-reklamowa/billboardy/szalejow-gorny/billboard-szalejow-gorny-wyjazd-w-kierunku-klodzka-500,https://reklamap.pl/powierzchnia-reklamowa/billboardy/szalejow-gorny/billboard-szalejow-gorny-wyjazd-w-kierunku-klodzka-500,2026-07-18T11:46:59Z,MOBILE,,
https://reklamap.pl/powierzchnia-reklamowa/billboardy/szalejow-gorny/billboard-szalejow-gorny-wyjazd-w-kierunku-klodzka-553,PASS,Strona przesłana i zindeksowana,INDEXING_ALLOWED,ALLOWED,SUCCESSFUL,https://reklamap.pl/powierzchnia-reklamowa/billboardy/szalejow-gorny/billboard-szalejow-gorny-wyjazd-w-kierunku-klodzka-553,https://reklamap.pl/powierzchnia-reklamowa/billboardy/szalejow-gorny/billboard-szalejow-gorny-wyjazd-w-kierunku-klodzka-553,2026-09-08T01:58:27Z,MOBILE,,
https://reklamap.pl/powierzchnia-reklamowa/billboardy/szalejow-gorny/billboard-szalejow-gorny-wyjazd-w-kierunku-klodzka-554,PASS,Strona przesłana i zindeksowana,INDEXING_ALLOWED,ALLOWED,SUCCESSFUL,https://reklamap.pl/powierzchnia-reklamowa/billboardy/szalejow-gorny/billboard-szalejow-gorny-wyjazd-w-kierunku-klodzka-554,https://reklamap.pl/powierzchnia-reklamowa/billboardy/szalejow-gorny/billboard-szalejow-gorny-wyjazd-w-kierunku-klodzka-554,2026-09-03T06:04:21Z,MOBILE,,
https://reklamap.pl/powierzchnia-reklamowa/billboardy/szalejow-gorny/billboard-szalejow-gorny-wyjazd-w-strone-klodzka-421,NEUTRAL,Adres URL jest Google nieznany,INDEXING_STATE_UNSPECIFIED,ROBOTS_TXT_STATE_UNSPECIFIED,PAGE_FETCH_STATE_UNSPECIFIED,,,,,,
https://reklamap.pl/powierzchnia-reklamowa/billboardy/szalejow-gorny/billboard-szalejow-gorny-wyjazd-z-szalejowa-w-kierunku-kudowy-489,PASS,Strona przesłana i zindeksowana,INDEXING_ALLOWED,ALLOWED,SUCCESSFUL,https://reklamap.pl/powierzchnia-reklamowa/billboardy/szalejow-gorny/billboard-szalejow-gorny-wyjazd-z-szalejowa-w-kierunku-kudowy-489,https://reklamap.pl/powierzchnia-reklamowa/billboardy/szalejow-gorny/billboard-szalejow-gorny-wyjazd-z-szalejowa-w-kierunku-kudowy-489,2026-07-18T21:58:37Z,MOBILE,,
https://reklamap.pl/powierzchnia-reklamowa/billboardy/szalejow-gorny/billboard-szalejow-gorny-zjazd-na-polanice-zdroj-317,PASS,Strona przesłana i zindeksowana,INDEXING_ALLOWED,ALLOWED,SUCCESSFUL,https://reklamap.pl/powierzchnia-reklamowa/billboardy/szalejow-gorny/billboard-szalejow-gorny-zjazd-na-polanice-zdroj-317,https://reklamap.pl/powierzchnia-reklamowa/billboardy/szalejow-gorny/billboard-szalejow-gorny-zjazd-na-polanice-zdroj-317,2026-09-03T05:12:10Z,MOBILE,,
https://reklamap.pl/powierzchnia-reklamowa/billboardy/szalejow-gorny/billboard-szalejow-gorny-zjazd-na-polanice-zdroj-438,NEUTRAL,Adres URL jest Google nieznany,INDEXING_STATE_UNSPECIFIED,ROBOTS_TXT_STATE_UNSPECIFIED,PAGE_FETCH_STATE_UNSPECIFIED,,,,,,
https://reklamap.pl/powierzchnia-reklamowa/billboardy/szalejow-gorny/billboard-szalejow-gorny-zjazd-na-polanice-zdroj-439,PASS,Strona przesłana i zindeksowana,INDEXING_ALLOWED,ALLOWED,SUCCESSFUL,https://reklamap.pl/powierzchnia-reklamowa/billboardy/szalejow-gorny/billboard-szalejow-gorny-zjazd-na-polanice-zdroj-439,https://reklamap.pl/powierzchnia-reklamowa/billboardy/szalejow-gorny/billboard-szalejow-gorny-zjazd-na-polanice-zdroj-439,2026-07-18T15:33:11Z,MOBILE,,
https://reklamap.pl/powierzchnia-reklamowa/billboardy/szalejow-gorny/billboard-szalejow-gorny-zjazd-na-polanice-zdroj-573,PASS,Strona przesłana i zindeksowana,INDEXING_ALLOWED,ALLOWED,SUCCESSFUL,https://reklamap.pl/powierzchnia-reklamowa/billboardy/szalejow-gorny/billboard-szalejow-gorny-zjazd-na-polanice-zdroj-573,https://reklamap.pl/powierzchnia-reklamowa/billboardy/szalejow-gorny/billboard-szalejow-gorny-zjazd-na-polanice-zdroj-573,2026-09-04T06:54:44Z,MOBILE,,
https://reklamap.pl/powierzchnia-reklamowa/billboardy/szczytna/billboard-szczytna-borowina-715,PASS,Strona przesłana i zindeksowana,INDEXING_ALLOWED,ALLOWED,SUCCESSFUL,https://reklamap.pl/powierzchnia-reklamowa/billboardy/szczytna/billboard-szczytna-borowina-715,https://reklamap.pl/powierzchnia-reklamowa/billboardy/szczytna/billboard-szczytna-borowina-715,2026-07-28T04:43:46Z,MOBILE,,
https://reklamap.pl/powierzchnia-reklamowa/billboardy/szczytna/billboard-szczytna-pole-golfowe-dlugi-najazd-532,PASS,Strona przesłana i zindeksowana,INDEXING_ALLOWED,ALLOWED,SUCCESSFUL,https://reklamap.pl/powierzchnia-reklamowa/billboardy/szczytna/billboard-szczytna-pole-golfowe-dlugi-najazd-532,https://reklamap.pl/powierzchnia-reklamowa/billboardy/szczytna/billboard-szczytna-pole-golfowe-dlugi-najazd-532,2026-07-18T10:30:15Z,MOBILE,,
https://reklamap.pl/powierzchnia-reklamowa/billboardy/szczytna/billboard-szczytna-pole-golfowe-dlugi-najazd-533,PASS,Strona przesłana i zindeksowana,INDEXING_ALLOWED,ALLOWED,SUCCESSFUL,https://reklamap.pl/powierzchnia-reklamowa/billboardy/szczytna/billboard-szczytna-pole-golfowe-dlugi-najazd-533,https://reklamap.pl/powierzchnia-reklamowa/billboardy/szczytna/billboard-szczytna-pole-golfowe-dlugi-najazd-533,2026-09-01T04:46:25Z,MOBILE,,
https://reklamap.pl/powierzchnia-reklamowa/billboardy/szczytna/billboard-szczytna-pole-golfowe-dlugi-najazd-534,PASS,Strona przesłana i zindeksowana,INDEXING_ALLOWED,ALLOWED,SUCCESSFUL,https://reklamap.pl/powierzchnia-reklamowa/billboardy/szczytna/billboard-szczytna-pole-golfowe-dlugi-najazd-534,https://reklamap.pl/powierzchnia-reklamowa/billboardy/szczytna/billboard-szczytna-pole-golfowe-dlugi-najazd-534,2026-07-18T10:46:03Z,MOBILE,,
https://reklamap.pl/powierzchnia-reklamowa/billboardy/szczytna/billboard-szczytna-przy-stacji-paliw-moya-443,PASS,Strona przesłana i zindeksowana,INDEXING_ALLOWED,ALLOWED,SUCCESSFUL,https://reklamap.pl/powierzchnia-reklamowa/billboardy/szczytna/billboard-szczytna-przy-stacji-paliw-moya-443,https://reklamap.pl/powierzchnia-reklamowa/billboardy/szczytna/billboard-szczytna-przy-stacji-paliw-moya-443,2026-08-31T23:10:07Z,MOBILE,,
https://reklamap.pl/powierzchnia-reklamowa/billboardy/szczytna/billboard-szczytna-przy-stacji-paliw-moya-444,NEUTRAL,Adres URL jest Google nieznany,INDEXING_STATE_UNSPECIFIED,ROBOTS_TXT_STATE_UNSPECIFIED,PAGE_FETCH_STATE_UNSPECIFIED,,,,,,
https://reklamap.pl/powierzchnia-reklamowa/billboardy/szczytna/billboard-szczytna-przy-wjezdzie-na-chopin-golf-468,PASS,Strona przesłana i zindeksowana,INDEXING_ALLOWED,ALLOWED,SUCCESSFUL,https://reklamap.pl/powierzchnia-reklamowa/billboardy/szczytna/billboard-szczytna-przy-wjezdzie-na-chopin-golf-468,https://reklamap.pl/powierzchnia-reklamowa/billboardy/szczytna/billboard-szczytna-przy-wjezdzie-na-chopin-golf-468,2026-08-04T05:06:46Z,MOBILE,,
https://reklamap.pl/powierzchnia-reklamowa/billboardy/szczytna/billboard-szczytna-przy-wjezdzie-na-chopin-golf-469,PASS,Strona przesłana i zindeksowana,INDEXING_ALLOWED,ALLOWED,SUCCESSFUL,https://reklamap.pl/powierzchnia-reklamowa/billboardy/szczytna/billboard-szczytna-przy-wjezdzie-na-chopin-golf-469,https://reklamap.pl/powierzchnia-reklamowa/billboardy/szczytna/billboard-szczytna-przy-wjezdzie-na-chopin-golf-469,2026-09-07T07:55:23Z,MOBILE,,
https://reklamap.pl/powierzchnia-reklamowa/billboardy/szklary/billboard-szklary-szklary-604,NEUTRAL,Adres URL jest Google nieznany,INDEXING_STATE_UNSPECIFIED,ROBOTS_TXT_STATE_UNSPECIFIED,PAGE_FETCH_STATE_UNSPECIFIED,,,,,,
https://reklamap.pl/powierzchnia-reklamowa/billboardy/szklary/billboard-szklary-szklary-605,NEUTRAL,Strona wykryta – obecnie niezindeksowana,INDEXING_STATE_UNSPECIFIED,ROBOTS_TXT_STATE_UNSPECIFIED,PAGE_FETCH_STATE_UNSPECIFIED,,,,CRAWLING_USER_AGENT_UNSPECIFIED,,
https://reklamap.pl/powierzchnia-reklamowa/billboardy/szklary-huta/billboard-szklary-huta-szklary-huta-dk-8-632,PASS,Strona przesłana i zindeksowana,INDEXING_ALLOWED,ALLOWED,SUCCESSFUL,https://reklamap.pl/powierzchnia-reklamowa/billboardy/szklary-huta/billboard-szklary-huta-szklary-huta-dk-8-632,https://reklamap.pl/powierzchnia-reklamowa/billboardy/szklary-huta/billboard-szklary-huta-szklary-huta-dk-8-632,2026-08-03T20:36:38Z,MOBILE,,
https://reklamap.pl/powierzchnia-reklamowa/billboardy/szklary-huta/billboard-szklary-huta-szklary-huta-dk-8-633,PASS,Strona przesłana i zindeksowana,INDEXING_ALLOWED,ALLOWED,SUCCESSFUL,https://reklamap.pl/powierzchnia-reklamowa/billboardy/szklary-huta/billboard-szklary-huta-szklary-huta-dk-8-633,https://reklamap.pl/powierzchnia-reklamowa/billboardy/szklary-huta/billboard-szklary-huta-szklary-huta-dk-8-633,2026-08-03T21:23:15Z,MOBILE,,
https://reklamap.pl/powierzchnia-reklamowa/billboardy/szklary-huta/billboard-szklary-huta-szklary-huta-dk-8-671,NEUTRAL,Strona wykryta – obecnie niezindeksowana,INDEXING_STATE_UNSPECIFIED,ROBOTS_TXT_STATE_UNSPECIFIED,PAGE_FETCH_STATE_UNSPECIFIED,,,,CRAWLING_USER_AGENT_UNSPECIFIED,,
https://reklamap.pl/powierzchnia-reklamowa/billboardy/szopinek/bilbord-szopinekzamosc-52,NEUTRAL,Adres URL jest Google nieznany,INDEXING_STATE_UNSPECIFIED,ROBOTS_TXT_STATE_UNSPECIFIED,PAGE_FETCH_STATE_UNSPECIFIED,,,,,,
https://reklamap.pl/powierzchnia-reklamowa/billboardy/targowisko/bilbord-zjazd-z-autostrady-113,PASS,Strona przesłana i zindeksowana,INDEXING_ALLOWED,ALLOWED,SUCCESSFUL,https://reklamap.pl/powierzchnia-reklamowa/billboardy/targowisko/bilbord-zjazd-z-autostrady-113,https://reklamap.pl/powierzchnia-reklamowa/billboardy/targowisko/bilbord-zjazd-z-autostrady-113,2026-08-23T06:07:18Z,MOBILE,,
https://reklamap.pl/powierzchnia-reklamowa/billboardy/torun/billboard-t603-dk15-grebocinkowalewska-torun-988,PASS,Strona przesłana i zindeksowana,INDEXING_ALLOWED,ALLOWED,SUCCESSFUL,https://reklamap.pl/powierzchnia-reklamowa/billboardy/torun/billboard-t603-dk15-grebocinkowalewska-torun-988,https://reklamap.pl/powierzchnia-reklamowa/billboardy/torun/billboard-t603-dk15-grebocinkowalewska-torun-988,2026-08-03T20:52:30Z,MOBILE,,
https://reklamap.pl/powierzchnia-reklamowa/billboardy/trzebieszowice/billboard-trzebieszowice-trzebieszowice-droga-392-502,NEUTRAL,Strona wykryta – obecnie niezindeksowana,INDEXING_STATE_UNSPECIFIED,ROBOTS_TXT_STATE_UNSPECIFIED,PAGE_FETCH_STATE_UNSPECIFIED,,,,CRAWLING_USER_AGENT_UNSPECIFIED,,
https://reklamap.pl/powierzchnia-reklamowa/billboardy/trzebieszowice/billboard-trzebieszowice-trzebieszowice-droga-392-503,NEUTRAL,Strona wykryta – obecnie niezindeksowana,INDEXING_STATE_UNSPECIFIED,ROBOTS_TXT_STATE_UNSPECIFIED,PAGE_FETCH_STATE_UNSPECIFIED,,,,CRAWLING_USER_AGENT_UNSPECIFIED,,
https://reklamap.pl/powierzchnia-reklamowa/billboardy/trzebieszowice/billboard-trzebieszowice-trzebieszowice-droga-392-509,NEUTRAL,Adres URL jest Google nieznany,INDEXING_STATE_UNSPECIFIED,ROBOTS_TXT_STATE_UNSPECIFIED,PAGE_FETCH_STATE_UNSPECIFIED,,,,,,
https://reklamap.pl/powierzchnia-reklamowa/billboardy/trzebieszowice/billboard-trzebieszowice-trzebieszowice-droga-392-510,NEUTRAL,Strona wykryta – obecnie niezindeksowana,INDEXING_STATE_UNSPECIFIED,ROBOTS_TXT_STATE_UNSPECIFIED,PAGE_FETCH_STATE_UNSPECIFIED,,,,CRAWLING_USER_AGENT_UNSPECIFIED,,
https://reklamap.pl/powierzchnia-reklamowa/billboardy/trzebinia/billboard-5-04-x-2-38-m-trzebinia-248,PASS,Strona przesłana i zindeksowana,INDEXING_ALLOWED,ALLOWED,SUCCESSFUL,https://reklamap.pl/powierzchnia-reklamowa/billboardy/trzebinia/billboard-5-04-x-2-38-m-trzebinia-248,https://reklamap.pl/powierzchnia-reklamowa/billboardy/trzebinia/billboard-5-04-x-2-38-m-trzebinia-248,2026-08-23T11:54:12Z,MOBILE,,
https://reklamap.pl/powierzchnia-reklamowa/billboardy/wadowice/billboard-wadowice-marszalka-jozefa-pilsudskiego-ii-1193,PASS,Strona przesłana i zindeksowana,INDEXING_ALLOWED,ALLOWED,SUCCESSFUL,https://reklamap.pl/powierzchnia-reklamowa/billboardy/wadowice/billboard-wadowice-marszalka-jozefa-pilsudskiego-ii-1193,https://reklamap.pl/powierzchnia-reklamowa/billboardy/wadowice/billboard-wadowice-marszalka-jozefa-pilsudskiego-ii-1193,2026-08-22T12:12:13Z,MOBILE,,
https://reklamap.pl/powierzchnia-reklamowa/billboardy/wadowice/billboard-wadowice-marszalka-jozefa-pilsudskiego-ii2-1194,PASS,Strona przesłana i zindeksowana,INDEXING_ALLOWED,ALLOWED,SUCCESSFUL,https://reklamap.pl/powierzchnia-reklamowa/billboardy/wadowice/billboard-wadowice-marszalka-jozefa-pilsudskiego-ii2-1194,https://reklamap.pl/powierzchnia-reklamowa/billboardy/wadowice/billboard-wadowice-marszalka-jozefa-pilsudskiego-ii2-1194,2026-08-22T19:33:17Z,MOBILE,,
https://reklamap.pl/powierzchnia-reklamowa/billboardy/warszawa/billboard-6-x-3-m-warszawa-rondo-260,NEUTRAL,Adres URL jest Google nieznany,INDEXING_STATE_UNSPECIFIED,ROBOTS_TXT_STATE_UNSPECIFIED,PAGE_FETCH_STATE_UNSPECIFIED,,,,,,
https://reklamap.pl/powierzchnia-reklamowa/billboardy/wejherowo/billboard-g741b-wejherowo-naprzeciwko-ch-jantar-987,NEUTRAL,"Strona zeskanowana, ale jeszcze nie zindeksowana",INDEXING_STATE_UNSPECIFIED,ALLOWED,SUCCESSFUL,,,2026-09-07T13:04:02Z,MOBILE,,
https://reklamap.pl/powierzchnia-reklamowa/billboardy/wilkow-wielki/billboard-wilkow-wielki-przy-drodze-krajowej-nr-8-351,PASS,Strona przesłana i zindeksowana,INDEXING_ALLOWED,ALLOWED,SUCCESSFUL,https://reklamap.pl/powierzchnia-reklamowa/billboardy/wilkow-wielki/billboard-wilkow-wielki-przy-drodze-krajowej-nr-8-351,https://reklamap.pl/powierzchnia-reklamowa/billboardy/wilkow-wielki/billboard-wilkow-wielki-przy-drodze-krajowej-nr-8-351,2026-07-24T14:13:53Z,MOBILE,,
https://reklamap.pl/powierzchnia-reklamowa/billboardy/wilkow-wielki/billboard-wilkow-wielki-wilkow-wielki-dk-8-634,NEUTRAL,Strona wykryta – obecnie niezindeksowana,INDEXING_STATE_UNSPECIFIED,ROBOTS_TXT_STATE_UNSPECIFIED,PAGE_FETCH_STATE_UNSPECIFIED,,,,CRAWLING_USER_AGENT_UNSPECIFIED,,
https://reklamap.pl/powierzchnia-reklamowa/billboardy/wilkow-wielki/billboard-wilkow-wielki-wilkow-wielki-dk-8-635,PASS,Strona przesłana i zindeksowana,INDEXING_ALLOWED,ALLOWED,SUCCESSFUL,https://reklamap.pl/powierzchnia-reklamowa/billboardy/wilkow-wielki/billboard-wilkow-wielki-wilkow-wielki-dk-8-635,https://reklamap.pl/powierzchnia-reklamowa/billboardy/wilkow-wielki/billboard-wilkow-wielki-wilkow-wielki-dk-8-635,2026-08-04T05:04:43Z,MOBILE,,
https://reklamap.pl/powierzchnia-reklamowa/billboardy/wilkow-wielki/billboard-wilkow-wielki-wilkow-wielki-dk-8-636,PASS,Strona przesłana i zindeksowana,INDEXING_ALLOWED,ALLOWED,SUCCESSFUL,https://reklamap.pl/powierzchnia-reklamowa/billboardy/wilkow-wielki/billboard-wilkow-wielki-wilkow-wielki-dk-8-636,https://reklamap.pl/powierzchnia-reklamowa/billboardy/wilkow-wielki/billboard-wilkow-wielki-wilkow-wielki-dk-8-636,2026-08-03T20:33:16Z,MOBILE,,
https://reklamap.pl/powierzchnia-reklamowa/billboardy/wilkow-wielki/billboard-wilkow-wielki-wilkow-wielki-dk-8-637,PASS,Strona przesłana i zindeksowana,INDEXING_ALLOWED,ALLOWED,SUCCESSFUL,https://reklamap.pl/powierzchnia-reklamowa/billboardy/wilkow-wielki/billboard-wilkow-wielki-wilkow-wielki-dk-8-637,https://reklamap.pl/powierzchnia-reklamowa/billboardy/wilkow-wielki/billboard-wilkow-wielki-wilkow-wielki-dk-8-637,2026-08-03T20:39:59Z,MOBILE,,
https://reklamap.pl/powierzchnia-reklamowa/billboardy/wroclaw/billboard-wroclaw-rondo-przy-ul-walbrzyskiej-i-karmelkowej-504,NEUTRAL,Strona wykryta – obecnie niezindeksowana,INDEXING_STATE_UNSPECIFIED,ROBOTS_TXT_STATE_UNSPECIFIED,PAGE_FETCH_STATE_UNSPECIFIED,,,,CRAWLING_USER_AGENT_UNSPECIFIED,,
https://reklamap.pl/powierzchnia-reklamowa/billboardy/wroclaw/billboard-wroclaw-rondo-przy-ul-walbrzyskiej-i-karmelkowej-505,NEUTRAL,Adres URL jest Google nieznany,INDEXING_STATE_UNSPECIFIED,ROBOTS_TXT_STATE_UNSPECIFIED,PAGE_FETCH_STATE_UNSPECIFIED,,,,,,
https://reklamap.pl/powierzchnia-reklamowa/billboardy/wroclaw/billboard-wroclaw-rondo-przy-ul-walbrzyskiej-i-karmelkowej-506,NEUTRAL,Strona wykryta – obecnie niezindeksowana,INDEXING_STATE_UNSPECIFIED,ROBOTS_TXT_STATE_UNSPECIFIED,PAGE_FETCH_STATE_UNSPECIFIED,,,,CRAWLING_USER_AGENT_UNSPECIFIED,,
https://reklamap.pl/powierzchnia-reklamowa/billboardy/wyrazow/miejsce-na-twoja-reklame-50,NEUTRAL,Strona wykryta – obecnie niezindeksowana,INDEXING_STATE_UNSPECIFIED,ROBOTS_TXT_STATE_UNSPECIFIED,PAGE_FETCH_STATE_UNSPECIFIED,,,,CRAWLING_USER_AGENT_UNSPECIFIED,,
https://reklamap.pl/powierzchnia-reklamowa/billboardy/zabkowice/billboard-zabkowice-trasa-nr-8-495,NEUTRAL,Strona wykryta – obecnie niezindeksowana,INDEXING_STATE_UNSPECIFIED,ROBOTS_TXT_STATE_UNSPECIFIED,PAGE_FETCH_STATE_UNSPECIFIED,,,,CRAWLING_USER_AGENT_UNSPECIFIED,,
https://reklamap.pl/powierzchnia-reklamowa/billboardy/zabkowice/billboard-zabkowice-wjazd-do-miasta-przed-stacja-orlen-478,NEUTRAL,Strona wykryta – obecnie niezindeksowana,INDEXING_STATE_UNSPECIFIED,ROBOTS_TXT_STATE_UNSPECIFIED,PAGE_FETCH_STATE_UNSPECIFIED,,,,CRAWLING_USER_AGENT_UNSPECIFIED,,
https://reklamap.pl/powierzchnia-reklamowa/billboardy/zabkowice/billboard-zabkowice-wjazd-od-strony-wroclawia-479,NEUTRAL,Strona wykryta – obecnie niezindeksowana,INDEXING_STATE_UNSPECIFIED,ROBOTS_TXT_STATE_UNSPECIFIED,PAGE_FETCH_STATE_UNSPECIFIED,,,,CRAWLING_USER_AGENT_UNSPECIFIED,,
https://reklamap.pl/powierzchnia-reklamowa/billboardy/zabkowice/billboard-zabkowice-wjazd-od-strony-wroclawia-614,PASS,Strona przesłana i zindeksowana,INDEXING_ALLOWED,ALLOWED,SUCCESSFUL,https://reklamap.pl/powierzchnia-reklamowa/billboardy/zabkowice/billboard-zabkowice-wjazd-od-strony-wroclawia-614,https://reklamap.pl/powierzchnia-reklamowa/billboardy/zabkowice/billboard-zabkowice-wjazd-od-strony-wroclawia-614,2026-08-03T17:42:53Z,MOBILE,,
https://reklamap.pl/powierzchnia-reklamowa/billboardy/zabkowice/billboard-zabkowice-wjazd-przy-stacji-orlen-496,NEUTRAL,Strona wykryta – obecnie niezindeksowana,INDEXING_STATE_UNSPECIFIED,ROBOTS_TXT_STATE_UNSPECIFIED,PAGE_FETCH_STATE_UNSPECIFIED,,,,CRAWLING_USER_AGENT_UNSPECIFIED,,
https://reklamap.pl/powierzchnia-reklamowa/billboardy/zabkowice/billboard-zabkowice-wyjazd-od-strony-wroclawia-480,PASS,Strona przesłana i zindeksowana,INDEXING_ALLOWED,ALLOWED,SUCCESSFUL,https://reklamap.pl/powierzchnia-reklamowa/billboardy/zabkowice/billboard-zabkowice-wyjazd-od-strony-wroclawia-480,https://reklamap.pl/powierzchnia-reklamowa/billboardy/zabkowice/billboard-zabkowice-wyjazd-od-strony-wroclawia-480,2026-08-03T20:35:40Z,MOBILE,,
https://reklamap.pl/powierzchnia-reklamowa/billboardy/zabkowice/billboard-zabkowice-wyjazd-przy-stacji-orlen-497,NEUTRAL,Adres URL jest Google nieznany,INDEXING_STATE_UNSPECIFIED,ROBOTS_TXT_STATE_UNSPECIFIED,PAGE_FETCH_STATE_UNSPECIFIED,,,,,,
https://reklamap.pl/powierzchnia-reklamowa/billboardy/zabkowice-slaskie/billboard-zabkowice-slaskie-centrum-miasta-ul-legnicka-442,PASS,Strona przesłana i zindeksowana,INDEXING_ALLOWED,ALLOWED,SUCCESSFUL,https://reklamap.pl/powierzchnia-reklamowa/billboardy/zabkowice-slaskie/billboard-zabkowice-slaskie-centrum-miasta-ul-legnicka-442,https://reklamap.pl/powierzchnia-reklamowa/billboardy/zabkowice-slaskie/billboard-zabkowice-slaskie-centrum-miasta-ul-legnicka-442,2026-07-18T15:39:43Z,MOBILE,,
https://reklamap.pl/powierzchnia-reklamowa/billboardy/zabkowice-slaskie/billboard-zabkowice-slaskie-dk-8-kier-klodzko-616,NEUTRAL,Adres URL jest Google nieznany,INDEXING_STATE_UNSPECIFIED,ROBOTS_TXT_STATE_UNSPECIFIED,PAGE_FETCH_STATE_UNSPECIFIED,,,,,,
https://reklamap.pl/powierzchnia-reklamowa/billboardy/zabkowice-slaskie/billboard-zabkowice-slaskie-dk-8-kier-wroclaw-617,PASS,Strona przesłana i zindeksowana,INDEXING_ALLOWED,ALLOWED,SUCCESSFUL,https://reklamap.pl/powierzchnia-reklamowa/billboardy/zabkowice-slaskie/billboard-zabkowice-slaskie-dk-8-kier-wroclaw-617,https://reklamap.pl/powierzchnia-reklamowa/billboardy/zabkowice-slaskie/billboard-zabkowice-slaskie-dk-8-kier-wroclaw-617,2026-08-23T16:36:05Z,MOBILE,,
https://reklamap.pl/powierzchnia-reklamowa/billboardy/zabkowice-slaskie/billboard-zabkowice-slaskie-pierwsze-swiatla-od-wroclawia-350,NEUTRAL,Strona wykryta – obecnie niezindeksowana,INDEXING_STATE_UNSPECIFIED,ROBOTS_TXT_STATE_UNSPECIFIED,PAGE_FETCH_STATE_UNSPECIFIED,,,,CRAWLING_USER_AGENT_UNSPECIFIED,,
https://reklamap.pl/powierzchnia-reklamowa/billboardy/zabkowice-slaskie/billboard-zabkowice-slaskie-przy-biedronce-675,NEUTRAL,Adres URL jest Google nieznany,INDEXING_STATE_UNSPECIFIED,ROBOTS_TXT_STATE_UNSPECIFIED,PAGE_FETCH_STATE_UNSPECIFIED,,,,,,
https://reklamap.pl/powierzchnia-reklamowa/billboardy/zabkowice-slaskie/billboard-zabkowice-slaskie-przy-biedronce-676,NEUTRAL,Adres URL jest Google nieznany,INDEXING_STATE_UNSPECIFIED,ROBOTS_TXT_STATE_UNSPECIFIED,PAGE_FETCH_STATE_UNSPECIFIED,,,,,,
https://reklamap.pl/powierzchnia-reklamowa/billboardy/zabkowice-slaskie/billboard-zabkowice-slaskie-przy-stacji-orlen-419,PASS,Strona przesłana i zindeksowana,INDEXING_ALLOWED,ALLOWED,SUCCESSFUL,https://reklamap.pl/powierzchnia-reklamowa/billboardy/zabkowice-slaskie/billboard-zabkowice-slaskie-przy-stacji-orlen-419,https://reklamap.pl/powierzchnia-reklamowa/billboardy/zabkowice-slaskie/billboard-zabkowice-slaskie-przy-stacji-orlen-419,2026-09-01T03:24:16Z,MOBILE,,
https://reklamap.pl/powierzchnia-reklamowa/billboardy/zabkowice-slaskie/billboard-zabkowice-slaskie-przy-stacji-orlen-420,PASS,Strona przesłana i zindeksowana,INDEXING_ALLOWED,ALLOWED,SUCCESSFUL,https://reklamap.pl/powierzchnia-reklamowa/billboardy/zabkowice-slaskie/billboard-zabkowice-slaskie-przy-stacji-orlen-420,https://reklamap.pl/powierzchnia-reklamowa/billboardy/zabkowice-slaskie/billboard-zabkowice-slaskie-przy-stacji-orlen-420,2026-09-01T01:32:06Z,MOBILE,,
https://reklamap.pl/powierzchnia-reklamowa/billboardy/zabkowice-slaskie/billboard-zabkowice-slaskie-przy-stacji-orlen-423,PASS,Strona przesłana i zindeksowana,INDEXING_ALLOWED,ALLOWED,SUCCESSFUL,https://reklamap.pl/powierzchnia-reklamowa/billboardy/zabkowice-slaskie/billboard-zabkowice-slaskie-przy-stacji-orlen-423,https://reklamap.pl/powierzchnia-reklamowa/billboardy/zabkowice-slaskie/billboard-zabkowice-slaskie-przy-stacji-orlen-423,2026-08-04T05:02:41Z,MOBILE,,
https://reklamap.pl/powierzchnia-reklamowa/billboardy/zabkowice-slaskie/billboard-zabkowice-slaskie-przy-stacji-orlen-424,PASS,Strona przesłana i zindeksowana,INDEXING_ALLOWED,ALLOWED,SUCCESSFUL,https://reklamap.pl/powierzchnia-reklamowa/billboardy/zabkowice-slaskie/billboard-zabkowice-slaskie-przy-stacji-orlen-424,https://reklamap.pl/powierzchnia-reklamowa/billboardy/zabkowice-slaskie/billboard-zabkowice-slaskie-przy-stacji-orlen-424,2026-09-01T00:22:47Z,MOBILE,,
https://reklamap.pl/powierzchnia-reklamowa/billboardy/zabkowice-slaskie/billboard-zabkowice-slaskie-rynek-487,PASS,Strona przesłana i zindeksowana,INDEXING_ALLOWED,ALLOWED,SUCCESSFUL,https://reklamap.pl/powierzchnia-reklamowa/billboardy/zabkowice-slaskie/billboard-zabkowice-slaskie-rynek-487,https://reklamap.pl/powierzchnia-reklamowa/billboardy/zabkowice-slaskie/billboard-zabkowice-slaskie-rynek-487,2026-08-03T20:40:28Z,MOBILE,,
https://reklamap.pl/powierzchnia-reklamowa/billboardy/zabkowice-slaskie/billboard-zabkowice-slaskie-wjazd-do-centrum-od-strony-klodzka-436,NEUTRAL,Adres URL jest Google nieznany,INDEXING_STATE_UNSPECIFIED,ROBOTS_TXT_STATE_UNSPECIFIED,PAGE_FETCH_STATE_UNSPECIFIED,,,,,,
https://reklamap.pl/powierzchnia-reklamowa/billboardy/zabkowice-slaskie/billboard-zabkowice-slaskie-wjazd-do-miasta-564,PASS,Strona przesłana i zindeksowana,INDEXING_ALLOWED,ALLOWED,SUCCESSFUL,https://reklamap.pl/powierzchnia-reklamowa/billboardy/zabkowice-slaskie/billboard-zabkowice-slaskie-wjazd-do-miasta-564,https://reklamap.pl/powierzchnia-reklamowa/billboardy/zabkowice-slaskie/billboard-zabkowice-slaskie-wjazd-do-miasta-564,2026-08-03T20:42:52Z,MOBILE,,
https://reklamap.pl/powierzchnia-reklamowa/billboardy/zabkowice-slaskie/billboard-zabkowice-slaskie-wjazd-do-miasta-565,NEUTRAL,Adres URL jest Google nieznany,INDEXING_STATE_UNSPECIFIED,ROBOTS_TXT_STATE_UNSPECIFIED,PAGE_FETCH_STATE_UNSPECIFIED,,,,,,
https://reklamap.pl/powierzchnia-reklamowa/billboardy/zabkowice-slaskie/billboard-zabkowice-slaskie-wjazd-od-strony-wroclawia-355,PASS,Strona przesłana i zindeksowana,INDEXING_ALLOWED,ALLOWED,SUCCESSFUL,https://reklamap.pl/powierzchnia-reklamowa/billboardy/zabkowice-slaskie/billboard-zabkowice-slaskie-wjazd-od-strony-wroclawia-355,https://reklamap.pl/powierzchnia-reklamowa/billboardy/zabkowice-slaskie/billboard-zabkowice-slaskie-wjazd-od-strony-wroclawia-355,2026-08-03T20:32:20Z,MOBILE,,
https://reklamap.pl/powierzchnia-reklamowa/billboardy/zabkowice-slaskie/billboard-zabkowice-slaskie-wyjazd-w-kierunku-wroclawia-356,,,,,,,,,,,"500 {
  ""error"": {
    ""code"": 500,
    ""message"": ""Internal error encountered."",
    ""status"": ""INTERNAL""
  }
}
"
https://reklamap.pl/powierzchnia-reklamowa/billboardy/zabkowice-slaskie/billboard-zabkowice-slaskie-wyjazd-z-centrum-miasta-ulklodzka-437,NEUTRAL,Adres URL jest Google nieznany,INDEXING_STATE_UNSPECIFIED,ROBOTS_TXT_STATE_UNSPECIFIED,PAGE_FETCH_STATE_UNSPECIFIED,,,,,,
https://reklamap.pl/powierzchnia-reklamowa/billboardy/zabkowice-slaskie/billboard-zabkowice-slaskie-zabkowice-slaskie-332,PASS,Strona przesłana i zindeksowana,INDEXING_ALLOWED,ALLOWED,SUCCESSFUL,https://reklamap.pl/powierzchnia-reklamowa/billboardy/zabkowice-slaskie/billboard-zabkowice-slaskie-zabkowice-slaskie-332,https://reklamap.pl/powierzchnia-reklamowa/billboardy/zabkowice-slaskie/billboard-zabkowice-slaskie-zabkowice-slaskie-332,2026-08-23T17:51:37Z,MOBILE,,
https://reklamap.pl/powierzchnia-reklamowa/billboardy/zabkowice-slaskie/billboard-zabkowice-slaskie-zabkowice-slaskie-333,PASS,Strona przesłana i zindeksowana,INDEXING_ALLOWED,ALLOWED,SUCCESSFUL,https://reklamap.pl/powierzchnia-reklamowa/billboardy/zabkowice-slaskie/billboard-zabkowice-slaskie-zabkowice-slaskie-333,https://reklamap.pl/powierzchnia-reklamowa/billboardy/zabkowice-slaskie/billboard-zabkowice-slaskie-zabkowice-slaskie-333,2026-08-23T17:49:47Z,MOBILE,,
https://reklamap.pl/powierzchnia-reklamowa/billboardy/zabkowice-slaskie/billboard-zabkowice-slaskie-zabkowice-slaskie-336,PASS,Strona przesłana i zindeksowana,INDEXING_ALLOWED,ALLOWED,SUCCESSFUL,https://reklamap.pl/powierzchnia-reklamowa/billboardy/zabkowice-slaskie/billboard-zabkowice-slaskie-zabkowice-slaskie-336,https://reklamap.pl/powierzchnia-reklamowa/billboardy/zabkowice-slaskie/billboard-zabkowice-slaskie-zabkowice-slaskie-336,2026-08-23T17:50:36Z,MOBILE,,
https://reklamap.pl/powierzchnia-reklamowa/billboardy/zabkowice-slaskie/billboard-zabkowice-slaskie-zabkowice-slaskie-337,PASS,Strona przesłana i zindeksowana,INDEXING_ALLOWED,ALLOWED,SUCCESSFUL,https://reklamap.pl/powierzchnia-reklamowa/billboardy/zabkowice-slaskie/billboard-zabkowice-slaskie-zabkowice-slaskie-337,https://reklamap.pl/powierzchnia-reklamowa/billboardy/zabkowice-slaskie/billboard-zabkowice-slaskie-zabkowice-slaskie-337,2026-08-23T17:47:55Z,MOBILE,,
https://reklamap.pl/powierzchnia-reklamowa/billboardy/zabkowice-slaskie/billboard-zabkowice-slaskie-zabkowice-slaskie-349,PASS,Strona przesłana i zindeksowana,INDEXING_ALLOWED,ALLOWED,SUCCESSFUL,https://reklamap.pl/powierzchnia-reklamowa/billboardy/zabkowice-slaskie/billboard-zabkowice-slaskie-zabkowice-slaskie-349,https://reklamap.pl/powierzchnia-reklamowa/billboardy/zabkowice-slaskie/billboard-zabkowice-slaskie-zabkowice-slaskie-349,2026-08-04T04:57:13Z,MOBILE,,
https://reklamap.pl/powierzchnia-reklamowa/billboardy/zabkowice-slaskie/billboard-zabkowice-slaskie-zabkowice-slaskie-393,PASS,Strona przesłana i zindeksowana,INDEXING_ALLOWED,ALLOWED,SUCCESSFUL,https://reklamap.pl/powierzchnia-reklamowa/billboardy/zabkowice-slaskie/billboard-zabkowice-slaskie-zabkowice-slaskie-393,https://reklamap.pl/powierzchnia-reklamowa/billboardy/zabkowice-slaskie/billboard-zabkowice-slaskie-zabkowice-slaskie-393,2026-08-03T20:41:55Z,MOBILE,,
https://reklamap.pl/powierzchnia-reklamowa/billboardy/zabkowice-slaskie/billboard-zabkowice-slaskie-zabkowice-slaskie-394,PASS,Strona przesłana i zindeksowana,INDEXING_ALLOWED,ALLOWED,SUCCESSFUL,https://reklamap.pl/powierzchnia-reklamowa/billboardy/zabkowice-slaskie/billboard-zabkowice-slaskie-zabkowice-slaskie-394,https://reklamap.pl/powierzchnia-reklamowa/billboardy/zabkowice-slaskie/billboard-zabkowice-slaskie-zabkowice-slaskie-394,2026-07-24T17:44:53Z,MOBILE,,
https://reklamap.pl/powierzchnia-reklamowa/billboardy/zabkowice-slaskie/billboard-zabkowice-slaskie-zabkowice-slaskie-434,NEUTRAL,Adres URL jest Google nieznany,INDEXING_STATE_UNSPECIFIED,ROBOTS_TXT_STATE_UNSPECIFIED,PAGE_FETCH_STATE_UNSPECIFIED,,,,,,
https://reklamap.pl/powierzchnia-reklamowa/billboardy/zabkowice-slaskie/billboard-zabkowice-slaskie-zabkowice-slaskie-435,PASS,Strona przesłana i zindeksowana,INDEXING_ALLOWED,ALLOWED,SUCCESSFUL,https://reklamap.pl/powierzchnia-reklamowa/billboardy/zabkowice-slaskie/billboard-zabkowice-slaskie-zabkowice-slaskie-435,https://reklamap.pl/powierzchnia-reklamowa/billboardy/zabkowice-slaskie/billboard-zabkowice-slaskie-zabkowice-slaskie-435,2026-08-04T12:42:32Z,MOBILE,,
https://reklamap.pl/powierzchnia-reklamowa/billboardy/zabkowice-slaskie/billboard-zabkowice-slaskie-zabkowice-slaskie-nowa-obwodnica-589,PASS,Strona przesłana i zindeksowana,INDEXING_ALLOWED,ALLOWED,SUCCESSFUL,https://reklamap.pl/powierzchnia-reklamowa/billboardy/zabkowice-slaskie/billboard-zabkowice-slaskie-zabkowice-slaskie-nowa-obwodnica-589,https://reklamap.pl/powierzchnia-reklamowa/billboardy/zabkowice-slaskie/billboard-zabkowice-slaskie-zabkowice-slaskie-nowa-obwodnica-589,2026-08-04T11:56:01Z,MOBILE,,
https://reklamap.pl/powierzchnia-reklamowa/billboardy/zabkowice-slaskie/billboard-zabkowice-slaskie-zabkowice-slaskie-nowa-obwodnica-590,NEUTRAL,Strona wykryta – obecnie niezindeksowana,INDEXING_STATE_UNSPECIFIED,ROBOTS_TXT_STATE_UNSPECIFIED,PAGE_FETCH_STATE_UNSPECIFIED,,,,CRAWLING_USER_AGENT_UNSPECIFIED,,
https://reklamap.pl/powierzchnia-reklamowa/billboardy/zabkowice-slaskie/billboard-zabkowice-slaskie-zabkowice-slaskie-nowa-obwodnica-591,PASS,Strona przesłana i zindeksowana,INDEXING_ALLOWED,ALLOWED,SUCCESSFUL,https://reklamap.pl/powierzchnia-reklamowa/billboardy/zabkowice-slaskie/billboard-zabkowice-slaskie-zabkowice-slaskie-nowa-obwodnica-591,https://reklamap.pl/powierzchnia-reklamowa/billboardy/zabkowice-slaskie/billboard-zabkowice-slaskie-zabkowice-slaskie-nowa-obwodnica-591,2026-08-04T08:52:37Z,MOBILE,,
https://reklamap.pl/powierzchnia-reklamowa/billboardy/zabkowice-slaskie/billboard-zabkowice-slaskie-zabkowice-slaskie-nowa-obwodnica-592,PASS,Strona przesłana i zindeksowana,INDEXING_ALLOWED,ALLOWED,SUCCESSFUL,https://reklamap.pl/powierzchnia-reklamowa/billboardy/zabkowice-slaskie/billboard-zabkowice-slaskie-zabkowice-slaskie-nowa-obwodnica-592,https://reklamap.pl/powierzchnia-reklamowa/billboardy/zabkowice-slaskie/billboard-zabkowice-slaskie-zabkowice-slaskie-nowa-obwodnica-592,2026-09-04T14:17:45Z,MOBILE,,
https://reklamap.pl/powierzchnia-reklamowa/billboardy/zabkowice-slaskie/billboard-zabkowice-slaskie-zabkowice-slaskie-nowa-obwodnica-593,NEUTRAL,Strona wykryta – obecnie niezindeksowana,INDEXING_STATE_UNSPECIFIED,ROBOTS_TXT_STATE_UNSPECIFIED,PAGE_FETCH_STATE_UNSPECIFIED,,,,CRAWLING_USER_AGENT_UNSPECIFIED,,
https://reklamap.pl/powierzchnia-reklamowa/billboardy/zabrodzie/billboard-przy-obwodnicy-aow-s8-wroclaw-60,NEUTRAL,Adres URL jest Google nieznany,INDEXING_STATE_UNSPECIFIED,ROBOTS_TXT_STATE_UNSPECIFIED,PAGE_FETCH_STATE_UNSPECIFIED,,,,,,
https://reklamap.pl/powierzchnia-reklamowa/billboardy/zabrodzie/billboard-wroclaw-20-x-6m-obwodnica-62,PASS,Strona przesłana i zindeksowana,INDEXING_ALLOWED,ALLOWED,SUCCESSFUL,https://reklamap.pl/powierzchnia-reklamowa/billboardy/zabrodzie/billboard-wroclaw-20-x-6m-obwodnica-62,https://reklamap.pl/powierzchnia-reklamowa/billboardy/zabrodzie/billboard-wroclaw-20-x-6m-obwodnica-62,2026-08-03T21:22:02Z,MOBILE,,
https://reklamap.pl/powierzchnia-reklamowa/billboardy/zabrze/billboard-6-x-3-m-zabrze-259,PASS,Strona przesłana i zindeksowana,INDEXING_ALLOWED,ALLOWED,SUCCESSFUL,https://reklamap.pl/powierzchnia-reklamowa/billboardy/zabrze/billboard-6-x-3-m-zabrze-259,https://reklamap.pl/powierzchnia-reklamowa/billboardy/zabrze/billboard-6-x-3-m-zabrze-259,2026-08-03T15:41:30Z,MOBILE,,
https://reklamap.pl/powierzchnia-reklamowa/billboardy/zator/billboard-zator-aleja-1-maja-iii-1207,PASS,Strona przesłana i zindeksowana,INDEXING_ALLOWED,ALLOWED,SUCCESSFUL,https://reklamap.pl/powierzchnia-reklamowa/billboardy/zator/billboard-zator-aleja-1-maja-iii-1207,https://reklamap.pl/powierzchnia-reklamowa/billboardy/zator/billboard-zator-aleja-1-maja-iii-1207,2026-09-07T07:06:21Z,MOBILE,,
https://reklamap.pl/powierzchnia-reklamowa/billboardy/zator/billboard-zator-aleja-1-maja-iv-1208,PASS,Strona przesłana i zindeksowana,INDEXING_ALLOWED,ALLOWED,SUCCESSFUL,https://reklamap.pl/powierzchnia-reklamowa/billboardy/zator/billboard-zator-aleja-1-maja-iv-1208,https://reklamap.pl/powierzchnia-reklamowa/billboardy/zator/billboard-zator-aleja-1-maja-iv-1208,2026-08-22T04:34:56Z,MOBILE,,
https://reklamap.pl/powierzchnia-reklamowa/billboardy/zator/billboard-zator-aleja-1-maja-iv2-1209,PASS,Strona przesłana i zindeksowana,INDEXING_ALLOWED,ALLOWED,SUCCESSFUL,https://reklamap.pl/powierzchnia-reklamowa/billboardy/zator/billboard-zator-aleja-1-maja-iv2-1209,https://reklamap.pl/powierzchnia-reklamowa/billboardy/zator/billboard-zator-aleja-1-maja-iv2-1209,2026-08-23T12:50:37Z,MOBILE,,
https://reklamap.pl/powierzchnia-reklamowa/billboardy/zator/billboard-zator-aleja-1-maja-v-1-1210,PASS,Strona przesłana i zindeksowana,INDEXING_ALLOWED,ALLOWED,SUCCESSFUL,https://reklamap.pl/powierzchnia-reklamowa/billboardy/zator/billboard-zator-aleja-1-maja-v-1-1210,https://reklamap.pl/powierzchnia-reklamowa/billboardy/zator/billboard-zator-aleja-1-maja-v-1-1210,2026-08-22T05:22:08Z,MOBILE,,
https://reklamap.pl/powierzchnia-reklamowa/billboardy/zator/billboard-zator-aleja-1-maja-v-2-1211,PASS,Strona przesłana i zindeksowana,INDEXING_ALLOWED,ALLOWED,SUCCESSFUL,https://reklamap.pl/powierzchnia-reklamowa/billboardy/zator/billboard-zator-aleja-1-maja-v-2-1211,https://reklamap.pl/powierzchnia-reklamowa/billboardy/zator/billboard-zator-aleja-1-maja-v-2-1211,2026-08-22T04:24:58Z,MOBILE,,
https://reklamap.pl/powierzchnia-reklamowa/billboardy/zator/billboard-zator-aleja-1-maja-vi1-1212,PASS,Strona przesłana i zindeksowana,INDEXING_ALLOWED,ALLOWED,SUCCESSFUL,https://reklamap.pl/powierzchnia-reklamowa/billboardy/zator/billboard-zator-aleja-1-maja-vi1-1212,https://reklamap.pl/powierzchnia-reklamowa/billboardy/zator/billboard-zator-aleja-1-maja-vi1-1212,2026-08-22T06:25:09Z,MOBILE,,
https://reklamap.pl/powierzchnia-reklamowa/billboardy/zator/billboard-zator-aleja-1-maja-vi2-1213,PASS,Strona przesłana i zindeksowana,INDEXING_ALLOWED,ALLOWED,SUCCESSFUL,https://reklamap.pl/powierzchnia-reklamowa/billboardy/zator/billboard-zator-aleja-1-maja-vi2-1213,https://reklamap.pl/powierzchnia-reklamowa/billboardy/zator/billboard-zator-aleja-1-maja-vi2-1213,2026-08-22T06:07:51Z,MOBILE,,
https://reklamap.pl/powierzchnia-reklamowa/billboardy/zator/billboard-zator-aleja-1-maja-vii1-1214,PASS,Strona przesłana i zindeksowana,INDEXING_ALLOWED,ALLOWED,SUCCESSFUL,https://reklamap.pl/powierzchnia-reklamowa/billboardy/zator/billboard-zator-aleja-1-maja-vii1-1214,https://reklamap.pl/powierzchnia-reklamowa/billboardy/zator/billboard-zator-aleja-1-maja-vii1-1214,2026-08-24T21:08:34Z,MOBILE,,
https://reklamap.pl/powierzchnia-reklamowa/billboardy/zator/billboard-zator-aleja-1-maja-vii2-1215,PASS,Strona przesłana i zindeksowana,INDEXING_ALLOWED,ALLOWED,SUCCESSFUL,https://reklamap.pl/powierzchnia-reklamowa/billboardy/zator/billboard-zator-aleja-1-maja-vii2-1215,https://reklamap.pl/powierzchnia-reklamowa/billboardy/zator/billboard-zator-aleja-1-maja-vii2-1215,2026-08-22T04:53:53Z,MOBILE,,
https://reklamap.pl/powierzchnia-reklamowa/billboardy/zator/billboard-zator-chrzanowska-1218,PASS,Strona przesłana i zindeksowana,INDEXING_ALLOWED,ALLOWED,SUCCESSFUL,https://reklamap.pl/powierzchnia-reklamowa/billboardy/zator/billboard-zator-chrzanowska-1218,https://reklamap.pl/powierzchnia-reklamowa/billboardy/zator/billboard-zator-chrzanowska-1218,2026-08-22T21:46:44Z,MOBILE,,
https://reklamap.pl/powierzchnia-reklamowa/billboardy/zator/billboard-zator-chrzanowska-ii-1200,PASS,Strona przesłana i zindeksowana,INDEXING_ALLOWED,ALLOWED,SUCCESSFUL,https://reklamap.pl/powierzchnia-reklamowa/billboardy/zator/billboard-zator-chrzanowska-ii-1200,https://reklamap.pl/powierzchnia-reklamowa/billboardy/zator/billboard-zator-chrzanowska-ii-1200,2026-08-22T08:04:41Z,MOBILE,,
https://reklamap.pl/powierzchnia-reklamowa/billboardy/zator/billboard-zator-chrzanowska-ii2-1219,PASS,Strona przesłana i zindeksowana,INDEXING_ALLOWED,ALLOWED,SUCCESSFUL,https://reklamap.pl/powierzchnia-reklamowa/billboardy/zator/billboard-zator-chrzanowska-ii2-1219,https://reklamap.pl/powierzchnia-reklamowa/billboardy/zator/billboard-zator-chrzanowska-ii2-1219,2026-08-22T05:03:12Z,MOBILE,,
https://reklamap.pl/powierzchnia-reklamowa/billboardy/zator/billboard-zator-oswiecimska-1204,PASS,Strona przesłana i zindeksowana,INDEXING_ALLOWED,ALLOWED,SUCCESSFUL,https://reklamap.pl/powierzchnia-reklamowa/billboardy/zator/billboard-zator-oswiecimska-1204,https://reklamap.pl/powierzchnia-reklamowa/billboardy/zator/billboard-zator-oswiecimska-1204,2026-08-24T21:56:08Z,MOBILE,,
https://reklamap.pl/powierzchnia-reklamowa/billboardy/zator/billboard-zator-oswiecimska-1234,PASS,Strona przesłana i zindeksowana,INDEXING_ALLOWED,ALLOWED,SUCCESSFUL,https://reklamap.pl/powierzchnia-reklamowa/billboardy/zator/billboard-zator-oswiecimska-1234,https://reklamap.pl/powierzchnia-reklamowa/billboardy/zator/billboard-zator-oswiecimska-1234,2026-08-24T21:13:38Z,MOBILE,,
https://reklamap.pl/powierzchnia-reklamowa/billboardy/zator/billboard-zator-oswiecimska-2-1235,PASS,Strona przesłana i zindeksowana,INDEXING_ALLOWED,ALLOWED,SUCCESSFUL,https://reklamap.pl/powierzchnia-reklamowa/billboardy/zator/billboard-zator-oswiecimska-2-1235,https://reklamap.pl/powierzchnia-reklamowa/billboardy/zator/billboard-zator-oswiecimska-2-1235,2026-08-24T11:18:36Z,MOBILE,,
https://reklamap.pl/powierzchnia-reklamowa/billboardy/zator/billboard-zator-oswiecimska-3-1236,PASS,Strona przesłana i zindeksowana,INDEXING_ALLOWED,ALLOWED,SUCCESSFUL,https://reklamap.pl/powierzchnia-reklamowa/billboardy/zator/billboard-zator-oswiecimska-3-1236,https://reklamap.pl/powierzchnia-reklamowa/billboardy/zator/billboard-zator-oswiecimska-3-1236,2026-08-22T19:39:35Z,MOBILE,,
https://reklamap.pl/powierzchnia-reklamowa/billboardy/zator/billboard-zator-oswiecimska-i-1201,PASS,Strona przesłana i zindeksowana,INDEXING_ALLOWED,ALLOWED,SUCCESSFUL,https://reklamap.pl/powierzchnia-reklamowa/billboardy/zator/billboard-zator-oswiecimska-i-1201,https://reklamap.pl/powierzchnia-reklamowa/billboardy/zator/billboard-zator-oswiecimska-i-1201,2026-08-22T07:31:23Z,MOBILE,,
https://reklamap.pl/powierzchnia-reklamowa/billboardy/zator/billboard-zator-oswiecimska-ii2-1202,PASS,Strona przesłana i zindeksowana,INDEXING_ALLOWED,ALLOWED,SUCCESSFUL,https://reklamap.pl/powierzchnia-reklamowa/billboardy/zator/billboard-zator-oswiecimska-ii2-1202,https://reklamap.pl/powierzchnia-reklamowa/billboardy/zator/billboard-zator-oswiecimska-ii2-1202,2026-08-22T05:41:16Z,MOBILE,,
https://reklamap.pl/powierzchnia-reklamowa/billboardy/zator/billboard-zator-wadowicka-1-1238,PASS,Strona przesłana i zindeksowana,INDEXING_ALLOWED,ALLOWED,SUCCESSFUL,https://reklamap.pl/powierzchnia-reklamowa/billboardy/zator/billboard-zator-wadowicka-1-1238,https://reklamap.pl/powierzchnia-reklamowa/billboardy/zator/billboard-zator-wadowicka-1-1238,2026-08-22T19:29:53Z,MOBILE,,
https://reklamap.pl/powierzchnia-reklamowa/billboardy/zator/billboard-zator-wadowicka-1237,PASS,Strona przesłana i zindeksowana,INDEXING_ALLOWED,ALLOWED,SUCCESSFUL,https://reklamap.pl/powierzchnia-reklamowa/billboardy/zator/billboard-zator-wadowicka-1237,https://reklamap.pl/powierzchnia-reklamowa/billboardy/zator/billboard-zator-wadowicka-1237,2026-08-26T10:58:25Z,MOBILE,,
https://reklamap.pl/powierzchnia-reklamowa/billboardy/zator/billboard-zator-wadowicka-i-1240,PASS,Strona przesłana i zindeksowana,INDEXING_ALLOWED,ALLOWED,SUCCESSFUL,https://reklamap.pl/powierzchnia-reklamowa/billboardy/zator/billboard-zator-wadowicka-i-1240,https://reklamap.pl/powierzchnia-reklamowa/billboardy/zator/billboard-zator-wadowicka-i-1240,2026-08-22T05:12:48Z,MOBILE,,
https://reklamap.pl/powierzchnia-reklamowa/billboardy/zator/billboard-zator-wadowicka-ii-1239,PASS,Strona przesłana i zindeksowana,INDEXING_ALLOWED,ALLOWED,SUCCESSFUL,https://reklamap.pl/powierzchnia-reklamowa/billboardy/zator/billboard-zator-wadowicka-ii-1239,https://reklamap.pl/powierzchnia-reklamowa/billboardy/zator/billboard-zator-wadowicka-ii-1239,2026-08-22T06:16:27Z,MOBILE,,
https://reklamap.pl/powierzchnia-reklamowa/billboardy/zator/billboard-zator-wladyslawa-grabskiego-i1-1221,PASS,Strona przesłana i zindeksowana,INDEXING_ALLOWED,ALLOWED,SUCCESSFUL,https://reklamap.pl/powierzchnia-reklamowa/billboardy/zator/billboard-zator-wladyslawa-grabskiego-i1-1221,https://reklamap.pl/powierzchnia-reklamowa/billboardy/zator/billboard-zator-wladyslawa-grabskiego-i1-1221,2026-08-24T21:10:32Z,MOBILE,,
https://reklamap.pl/powierzchnia-reklamowa/billboardy/zator/billboard-zator-wladyslawa-grabskiego-i2-1222,PASS,Strona przesłana i zindeksowana,INDEXING_ALLOWED,ALLOWED,SUCCESSFUL,https://reklamap.pl/powierzchnia-reklamowa/billboardy/zator/billboard-zator-wladyslawa-grabskiego-i2-1222,https://reklamap.pl/powierzchnia-reklamowa/billboardy/zator/billboard-zator-wladyslawa-grabskiego-i2-1222,2026-08-22T06:56:39Z,MOBILE,,
https://reklamap.pl/powierzchnia-reklamowa/billboardy/zator/billboard-zator-wlodzimierza-puchalskiego-1203,PASS,Strona przesłana i zindeksowana,INDEXING_ALLOWED,ALLOWED,SUCCESSFUL,https://reklamap.pl/powierzchnia-reklamowa/billboardy/zator/billboard-zator-wlodzimierza-puchalskiego-1203,https://reklamap.pl/powierzchnia-reklamowa/billboardy/zator/billboard-zator-wlodzimierza-puchalskiego-1203,2026-08-22T05:31:44Z,MOBILE,,
https://reklamap.pl/powierzchnia-reklamowa/billboardy/zator/billboard-zator-wlodzimierza-puchalskiego-ii3-1233,PASS,Strona przesłana i zindeksowana,INDEXING_ALLOWED,ALLOWED,SUCCESSFUL,https://reklamap.pl/powierzchnia-reklamowa/billboardy/zator/billboard-zator-wlodzimierza-puchalskiego-ii3-1233,https://reklamap.pl/powierzchnia-reklamowa/billboardy/zator/billboard-zator-wlodzimierza-puchalskiego-ii3-1233,2026-08-24T21:43:41Z,MOBILE,,
https://reklamap.pl/powierzchnia-reklamowa/billboardy/zawiercie/billboard-6-x-3-m-zawiercie-droga-z-dg-przez-tereny-zielone-218,PASS,Strona przesłana i zindeksowana,INDEXING_ALLOWED,ALLOWED,SUCCESSFUL,https://reklamap.pl/powierzchnia-reklamowa/billboardy/zawiercie/billboard-6-x-3-m-zawiercie-droga-z-dg-przez-tereny-zielone-218,https://reklamap.pl/powierzchnia-reklamowa/billboardy/zawiercie/billboard-6-x-3-m-zawiercie-droga-z-dg-przez-tereny-zielone-218,2026-09-01T03:43:09Z,MOBILE,,
https://reklamap.pl/powierzchnia-reklamowa/billboardy/zawiercie/billboard-6-x-3-m-zawiercie-droga-z-dg-przez-tereny-zielone-219,PASS,Strona przesłana i zindeksowana,INDEXING_ALLOWED,ALLOWED,SUCCESSFUL,https://reklamap.pl/powierzchnia-reklamowa/billboardy/zawiercie/billboard-6-x-3-m-zawiercie-droga-z-dg-przez-tereny-zielone-219,https://reklamap.pl/powierzchnia-reklamowa/billboardy/zawiercie/billboard-6-x-3-m-zawiercie-droga-z-dg-przez-tereny-zielone-219,2026-08-04T11:34:43Z,MOBILE,,
https://reklamap.pl/powierzchnia-reklamowa/billboardy/zawiercie/billboard-6-x-3-m-zawiercie-droga-z-dg-przez-tereny-zielone-220,PASS,Strona przesłana i zindeksowana,INDEXING_ALLOWED,ALLOWED,SUCCESSFUL,https://reklamap.pl/powierzchnia-reklamowa/billboardy/zawiercie/billboard-6-x-3-m-zawiercie-droga-z-dg-przez-tereny-zielone-220,https://reklamap.pl/powierzchnia-reklamowa/billboardy/zawiercie/billboard-6-x-3-m-zawiercie-droga-z-dg-przez-tereny-zielone-220,2026-08-03T22:14:22Z,MOBILE,,
https://reklamap.pl/powierzchnia-reklamowa/billboardy/zawiercie/billboard-6-x-3-m-zawiercie-droga-z-dg-przez-tereny-zielone-221,NEUTRAL,Adres URL jest Google nieznany,INDEXING_STATE_UNSPECIFIED,ROBOTS_TXT_STATE_UNSPECIFIED,PAGE_FETCH_STATE_UNSPECIFIED,,,,,,
https://reklamap.pl/powierzchnia-reklamowa/billboardy/zduny/billboard-25-m2-do-wynajecia-zduny-dk15-53,PASS,Strona przesłana i zindeksowana,INDEXING_ALLOWED,ALLOWED,SUCCESSFUL,https://reklamap.pl/powierzchnia-reklamowa/billboardy/zduny/billboard-25-m-do-wynajecia-zduny-dk15-53,https://reklamap.pl/powierzchnia-reklamowa/billboardy/zduny/billboard-25-m2-do-wynajecia-zduny-dk15-53,2026-07-31T01:35:37Z,MOBILE,,
https://reklamap.pl/powierzchnia-reklamowa/billboardy/zelazno/billboard-zelazno-palac-zelazno-309,PASS,Strona przesłana i zindeksowana,INDEXING_ALLOWED,ALLOWED,SUCCESSFUL,https://reklamap.pl/powierzchnia-reklamowa/billboardy/zelazno/billboard-zelazno-palac-zelazno-309,https://reklamap.pl/powierzchnia-reklamowa/billboardy/zelazno/billboard-zelazno-palac-zelazno-309,2026-08-03T15:49:48Z,MOBILE,,
https://reklamap.pl/powierzchnia-reklamowa/billboardy/zelazno/billboard-zelazno-palac-zelazno-310,PASS,Strona przesłana i zindeksowana,INDEXING_ALLOWED,ALLOWED,SUCCESSFUL,https://reklamap.pl/powierzchnia-reklamowa/billboardy/zelazno/billboard-zelazno-palac-zelazno-310,https://reklamap.pl/powierzchnia-reklamowa/billboardy/zelazno/billboard-zelazno-palac-zelazno-310,2026-07-24T12:02:27Z,MOBILE,,
https://reklamap.pl/powierzchnia-reklamowa/billboardy/zelazno/billboard-zelazno-palac-zelazno-348,PASS,Strona przesłana i zindeksowana,INDEXING_ALLOWED,ALLOWED,SUCCESSFUL,https://reklamap.pl/powierzchnia-reklamowa/billboardy/zelazno/billboard-zelazno-palac-zelazno-348,https://reklamap.pl/powierzchnia-reklamowa/billboardy/zelazno/billboard-zelazno-palac-zelazno-348,2026-08-26T06:03:53Z,MOBILE,,
https://reklamap.pl/powierzchnia-reklamowa/billboardy/zelazno/billboard-zelazno-palac-zelazno-357,PASS,Strona przesłana i zindeksowana,INDEXING_ALLOWED,ALLOWED,SUCCESSFUL,https://reklamap.pl/powierzchnia-reklamowa/billboardy/zelazno/billboard-zelazno-palac-zelazno-357,https://reklamap.pl/powierzchnia-reklamowa/billboardy/zelazno/billboard-zelazno-palac-zelazno-357,2026-08-04T04:30:15Z,MOBILE,,
https://reklamap.pl/powierzchnia-reklamowa/billboardy/zelazno/billboard-zelazno-palac-zelazno-358,NEUTRAL,Strona wykryta – obecnie niezindeksowana,INDEXING_STATE_UNSPECIFIED,ROBOTS_TXT_STATE_UNSPECIFIED,PAGE_FETCH_STATE_UNSPECIFIED,,,,CRAWLING_USER_AGENT_UNSPECIFIED,,
https://reklamap.pl/powierzchnia-reklamowa/billboardy/zelazno/billboard-zelazno-palac-zelazno-457,NEUTRAL,Adres URL jest Google nieznany,INDEXING_STATE_UNSPECIFIED,ROBOTS_TXT_STATE_UNSPECIFIED,PAGE_FETCH_STATE_UNSPECIFIED,,,,,,
https://reklamap.pl/powierzchnia-reklamowa/billboardy/zelazno/billboard-zelazno-palac-zelazno-458,NEUTRAL,Strona wykryta – obecnie niezindeksowana,INDEXING_STATE_UNSPECIFIED,ROBOTS_TXT_STATE_UNSPECIFIED,PAGE_FETCH_STATE_UNSPECIFIED,,,,CRAWLING_USER_AGENT_UNSPECIFIED,,
https://reklamap.pl/powierzchnia-reklamowa/billboardy/zelazno/billboard-zelazno-trasa-nr33-ob-zabudowany-311,PASS,Strona przesłana i zindeksowana,INDEXING_ALLOWED,ALLOWED,SUCCESSFUL,https://reklamap.pl/powierzchnia-reklamowa/billboardy/zelazno/billboard-zelazno-trasa-nr33-ob-zabudowany-311,https://reklamap.pl/powierzchnia-reklamowa/billboardy/zelazno/billboard-zelazno-trasa-nr33-ob-zabudowany-311,2026-08-03T20:44:19Z,MOBILE,,
https://reklamap.pl/powierzchnia-reklamowa/billboardy/zelazno/billboard-zelazno-trasa-nr33-wyjazd-na-klodzko-451,PASS,Strona przesłana i zindeksowana,INDEXING_ALLOWED,ALLOWED,SUCCESSFUL,https://reklamap.pl/powierzchnia-reklamowa/billboardy/zelazno/billboard-zelazno-trasa-nr33-wyjazd-na-klodzko-451,https://reklamap.pl/powierzchnia-reklamowa/billboardy/zelazno/billboard-zelazno-trasa-nr33-wyjazd-na-klodzko-451,2026-08-31T23:00:31Z,MOBILE,,
https://reklamap.pl/powierzchnia-reklamowa/billboardy/zelazno/billboard-zelazno-trasa-nr33-wyjazd-na-klodzko-452,PASS,Strona przesłana i zindeksowana,INDEXING_ALLOWED,ALLOWED,SUCCESSFUL,https://reklamap.pl/powierzchnia-reklamowa/billboardy/zelazno/billboard-zelazno-trasa-nr33-wyjazd-na-klodzko-452,https://reklamap.pl/powierzchnia-reklamowa/billboardy/zelazno/billboard-zelazno-trasa-nr33-wyjazd-na-klodzko-452,2026-08-26T07:00:31Z,MOBILE,,
https://reklamap.pl/powierzchnia-reklamowa/billboardy/zgorzelec/billboard-zgorzelec-obwodnica-miasta-569,PASS,Strona przesłana i zindeksowana,INDEXING_ALLOWED,ALLOWED,SUCCESSFUL,https://reklamap.pl/powierzchnia-reklamowa/billboardy/zgorzelec/billboard-zgorzelec-obwodnica-miasta-569,https://reklamap.pl/powierzchnia-reklamowa/billboardy/zgorzelec/billboard-zgorzelec-obwodnica-miasta-569,2026-08-04T12:10:19Z,MOBILE,,
https://reklamap.pl/powierzchnia-reklamowa/billboardy/zgorzelec/billboard-zgorzelec-przy-obwodnicy-miasta-570,NEUTRAL,Strona wykryta – obecnie niezindeksowana,INDEXING_STATE_UNSPECIFIED,ROBOTS_TXT_STATE_UNSPECIFIED,PAGE_FETCH_STATE_UNSPECIFIED,,,,CRAWLING_USER_AGENT_UNSPECIFIED,,
https://reklamap.pl/powierzchnia-reklamowa/billboardy/ziebice/billboard-ziebice-ul-walowa-481,NEUTRAL,Adres URL jest Google nieznany,INDEXING_STATE_UNSPECIFIED,ROBOTS_TXT_STATE_UNSPECIFIED,PAGE_FETCH_STATE_UNSPECIFIED,,,,,,
https://reklamap.pl/powierzchnia-reklamowa/billboardy/ziebice/billboard-ziebice-ulwalowa-482,PASS,Strona przesłana i zindeksowana,INDEXING_ALLOWED,ALLOWED,SUCCESSFUL,https://reklamap.pl/powierzchnia-reklamowa/billboardy/ziebice/billboard-ziebice-ulwalowa-482,https://reklamap.pl/powierzchnia-reklamowa/billboardy/ziebice/billboard-ziebice-ulwalowa-482,2026-09-07T05:38:38Z,MOBILE,,
https://reklamap.pl/powierzchnia-reklamowa/billboardy/ziebice/billboard-ziebice-ul-walowa-483,NEUTRAL,Adres URL jest Google nieznany,INDEXING_STATE_UNSPECIFIED,ROBOTS_TXT_STATE_UNSPECIFIED,PAGE_FETCH_STATE_UNSPECIFIED,,,,,,
https://reklamap.pl/powierzchnia-reklamowa/billboardy/zielonki/billboard-zielonki-13-677-pojazdowdobe-glowna-droga-do-krakowa-999,PASS,Strona przesłana i zindeksowana,INDEXING_ALLOWED,ALLOWED,SUCCESSFUL,https://reklamap.pl/powierzchnia-reklamowa/billboardy/zielonki/billboard-zielonki-13-677-pojazdowdobe-glowna-droga-do-krakowa-999,https://reklamap.pl/powierzchnia-reklamowa/billboardy/zielonki/billboard-zielonki-13-677-pojazdowdobe-glowna-droga-do-krakowa-999,2026-08-26T01:20:16Z,MOBILE,,
https://reklamap.pl/powierzchnia-reklamowa/billboardy/zimin/billboard-przy-a2-12-15-x-11-5-m-zimin-kier-poznan-tyl-923,NEUTRAL,Adres URL jest Google nieznany,INDEXING_STATE_UNSPECIFIED,ROBOTS_TXT_STATE_UNSPECIFIED,PAGE_FETCH_STATE_UNSPECIFIED,,,,,,
https://reklamap.pl/powierzchnia-reklamowa/billboardy/zimin/billboard-przy-a2-12-15-x-11-5-m-zimin-kier-warszawa-front-922,NEUTRAL,Strona wykryta – obecnie niezindeksowana,INDEXING_STATE_UNSPECIFIED,ROBOTS_TXT_STATE_UNSPECIFIED,PAGE_FETCH_STATE_UNSPECIFIED,,,,CRAWLING_USER_AGENT_UNSPECIFIED,,
https://reklamap.pl/powierzchnia-reklamowa/billboardy/zimin/billboard-przy-a2-2-4-x-11-5-m-zimin-kier-poznan-i-warszawa-bok-924,NEUTRAL,"Strona zeskanowana, ale jeszcze nie zindeksowana",INDEXING_STATE_UNSPECIFIED,ALLOWED,SUCCESSFUL,,,2026-09-07T05:27:33Z,MOBILE,,
https://reklamap.pl/powierzchnia-reklamowa/billboardy/zimin/billboard-przy-a2-caly-nosnik-front-tyl-bok-zimin-925,NEUTRAL,Adres URL jest Google nieznany,INDEXING_STATE_UNSPECIFIED,ROBOTS_TXT_STATE_UNSPECIFIED,PAGE_FETCH_STATE_UNSPECIFIED,,,,,,
https://reklamap.pl/powierzchnia-reklamowa/billboardy/zloty-stok/billboard-zloty-stok-przy-stacji-benzynowej-366,PASS,Strona przesłana i zindeksowana,INDEXING_ALLOWED,ALLOWED,SUCCESSFUL,https://reklamap.pl/powierzchnia-reklamowa/billboardy/zloty-stok/billboard-zloty-stok-przy-stacji-benzynowej-366,https://reklamap.pl/powierzchnia-reklamowa/billboardy/zloty-stok/billboard-zloty-stok-przy-stacji-benzynowej-366,2026-08-28T21:19:23Z,MOBILE,,
https://reklamap.pl/powierzchnia-reklamowa/billboardy/zloty-stok/billboard-zloty-stok-ul-klodzka-obok-marketow-598,PASS,Strona przesłana i zindeksowana,INDEXING_ALLOWED,ALLOWED,SUCCESSFUL,https://reklamap.pl/powierzchnia-reklamowa/billboardy/zloty-stok/billboard-zloty-stok-ul-klodzka-obok-marketow-598,https://reklamap.pl/powierzchnia-reklamowa/billboardy/zloty-stok/billboard-zloty-stok-ul-klodzka-obok-marketow-598,2026-08-28T19:01:53Z,MOBILE,,
https://reklamap.pl/powierzchnia-reklamowa/billboardy/zloty-stok/billboard-zloty-stok-ul-klodzka-obok-marketow-620,PASS,Strona przesłana i zindeksowana,INDEXING_ALLOWED,ALLOWED,SUCCESSFUL,https://reklamap.pl/powierzchnia-reklamowa/billboardy/zloty-stok/billboard-zloty-stok-ul-klodzka-obok-marketow-620,https://reklamap.pl/powierzchnia-reklamowa/billboardy/zloty-stok/billboard-zloty-stok-ul-klodzka-obok-marketow-620,2026-08-28T21:56:53Z,MOBILE,,
https://reklamap.pl/powierzchnia-reklamowa/billboardy/zloty-stok/billboard-zloty-stok-zloty-stok-485,PASS,Strona przesłana i zindeksowana,INDEXING_ALLOWED,ALLOWED,SUCCESSFUL,https://reklamap.pl/powierzchnia-reklamowa/billboardy/zloty-stok/billboard-zloty-stok-zloty-stok-485,https://reklamap.pl/powierzchnia-reklamowa/billboardy/zloty-stok/billboard-zloty-stok-zloty-stok-485,2026-08-04T06:46:10Z,MOBILE,,
https://reklamap.pl/powierzchnia-reklamowa/billboardy/zloty-stok/billboard-zloty-stok-zloty-stok-486,PASS,Strona przesłana i zindeksowana,INDEXING_ALLOWED,ALLOWED,SUCCESSFUL,https://reklamap.pl/powierzchnia-reklamowa/billboardy/zloty-stok/billboard-zloty-stok-zloty-stok-486,https://reklamap.pl/powierzchnia-reklamowa/billboardy/zloty-stok/billboard-zloty-stok-zloty-stok-486,2026-08-28T19:51:53Z,MOBILE,,
https://reklamap.pl/powierzchnia-reklamowa/billboardy/zory/billboard-6-x-3-m-zory-243,PASS,Strona przesłana i zindeksowana,INDEXING_ALLOWED,ALLOWED,SUCCESSFUL,https://reklamap.pl/powierzchnia-reklamowa/billboardy/zory/billboard-6-x-3-m-zory-243,https://reklamap.pl/powierzchnia-reklamowa/billboardy/zory/billboard-6-x-3-m-zory-243,2026-08-04T08:55:30Z,MOBILE,,
https://reklamap.pl/powierzchnia-reklamowa/billboardy/zory/billboard-6-x-3-m-zory-244,PASS,Strona przesłana i zindeksowana,INDEXING_ALLOWED,ALLOWED,SUCCESSFUL,https://reklamap.pl/powierzchnia-reklamowa/billboardy/zory/billboard-6-x-3-m-zory-244,https://reklamap.pl/powierzchnia-reklamowa/billboardy/zory/billboard-6-x-3-m-zory-244,2026-08-04T04:28:14Z,MOBILE,,
https://reklamap.pl/powierzchnia-reklamowa/billboardy/zyrardow/billboard-do-wynajecia-w-zyrardowie-przy-ul-1-maja-68-992,PASS,Strona przesłana i zindeksowana,INDEXING_ALLOWED,ALLOWED,SUCCESSFUL,https://reklamap.pl/powierzchnia-reklamowa/billboardy/zyrardow/billboard-do-wynajecia-w-zyrardowie-przy-ul-1-maja-68-992,https://reklamap.pl/powierzchnia-reklamowa/billboardy/zyrardow/billboard-do-wynajecia-w-zyrardowie-przy-ul-1-maja-68-992,2026-08-23T06:06:38Z,MOBILE,,
https://reklamap.pl/powierzchnia-reklamowa/citylighty/kalisz/citylight-amber-kalisz-86,NEUTRAL,"Strona zeskanowana, ale jeszcze nie zindeksowana",INDEXING_STATE_UNSPECIFIED,ALLOWED,SUCCESSFUL,,,2026-09-07T13:00:45Z,MOBILE,,
https://reklamap.pl/powierzchnia-reklamowa/citylighty/kalisz/reklama-citylight-aquapark-kalisz-87,NEUTRAL,Strona wykryta – obecnie niezindeksowana,INDEXING_STATE_UNSPECIFIED,ROBOTS_TXT_STATE_UNSPECIFIED,PAGE_FETCH_STATE_UNSPECIFIED,,,,CRAWLING_USER_AGENT_UNSPECIFIED,,
https://reklamap.pl/powierzchnia-reklamowa/citylighty/kalisz/reklama-citylight-carrefour-kalisz-88,NEUTRAL,"Strona zeskanowana, ale jeszcze nie zindeksowana",INDEXING_STATE_UNSPECIFIED,ALLOWED,SUCCESSFUL,,,2026-09-07T07:10:09Z,MOBILE,,
https://reklamap.pl/powierzchnia-reklamowa/citylighty/kalisz/reklama-citylight-kalisz-centrum-handlowe-89,NEUTRAL,Adres URL jest Google nieznany,INDEXING_STATE_UNSPECIFIED,ROBOTS_TXT_STATE_UNSPECIFIED,PAGE_FETCH_STATE_UNSPECIFIED,,,,,,
https://reklamap.pl/powierzchnia-reklamowa/citylighty/poznan/powierzchnia-podswietlana-1-2-x-1-8-m-poznan-dworzec-pkp-przejscie-podziemne-969,PASS,Strona przesłana i zindeksowana,INDEXING_ALLOWED,ALLOWED,SUCCESSFUL,https://reklamap.pl/powierzchnia-reklamowa/citylighty/poznan/powierzchnia-podswietlana-1-2-x-1-8-m-poznan-dworzec-pkp-przejscie-podziemne-969,https://reklamap.pl/powierzchnia-reklamowa/citylighty/poznan/powierzchnia-podswietlana-1-2-x-1-8-m-poznan-dworzec-pkp-przejscie-podziemne-969,2026-07-20T01:38:13Z,MOBILE,,
https://reklamap.pl/powierzchnia-reklamowa/citylighty/poznan/powierzchnia-podswietlana-1-2-x-1-8-m-poznan-dworzec-pkp-przejscie-podziemne-970,PASS,Strona przesłana i zindeksowana,INDEXING_ALLOWED,ALLOWED,SUCCESSFUL,https://reklamap.pl/powierzchnia-reklamowa/citylighty/poznan/powierzchnia-podswietlana-1-2-x-1-8-m-poznan-dworzec-pkp-przejscie-podziemne-970,https://reklamap.pl/powierzchnia-reklamowa/citylighty/poznan/powierzchnia-podswietlana-1-2-x-1-8-m-poznan-dworzec-pkp-przejscie-podziemne-970,2026-07-20T01:26:52Z,MOBILE,,
https://reklamap.pl/powierzchnia-reklamowa/citylighty/poznan/powierzchnia-podswietlana-1-2-x-1-8-m-poznan-dworzec-pkp-przejscie-podziemne-971,PASS,Strona przesłana i zindeksowana,INDEXING_ALLOWED,ALLOWED,SUCCESSFUL,https://reklamap.pl/powierzchnia-reklamowa/citylighty/poznan/powierzchnia-podswietlana-1-2-x-1-8-m-poznan-dworzec-pkp-przejscie-podziemne-971,https://reklamap.pl/powierzchnia-reklamowa/citylighty/poznan/powierzchnia-podswietlana-1-2-x-1-8-m-poznan-dworzec-pkp-przejscie-podziemne-971,2026-07-20T01:15:32Z,MOBILE,,
https://reklamap.pl/powierzchnia-reklamowa/citylighty/poznan/powierzchnia-podswietlana-1-2-x-1-8-m-poznan-dworzec-pkp-przejscie-podziemne-972,PASS,Strona przesłana i zindeksowana,INDEXING_ALLOWED,ALLOWED,SUCCESSFUL,https://reklamap.pl/powierzchnia-reklamowa/citylighty/poznan/powierzchnia-podswietlana-1-2-x-1-8-m-poznan-dworzec-pkp-przejscie-podziemne-972,https://reklamap.pl/powierzchnia-reklamowa/citylighty/poznan/powierzchnia-podswietlana-1-2-x-1-8-m-poznan-dworzec-pkp-przejscie-podziemne-972,2026-08-27T02:13:53Z,MOBILE,,
https://reklamap.pl/powierzchnia-reklamowa/citylighty/poznan/powierzchnia-podswietlana-1-2-x-1-8-m-poznan-dworzec-pkp-przejscie-podziemne-973,PASS,Strona przesłana i zindeksowana,INDEXING_ALLOWED,ALLOWED,SUCCESSFUL,https://reklamap.pl/powierzchnia-reklamowa/citylighty/poznan/powierzchnia-podswietlana-1-2-x-1-8-m-poznan-dworzec-pkp-przejscie-podziemne-973,https://reklamap.pl/powierzchnia-reklamowa/citylighty/poznan/powierzchnia-podswietlana-1-2-x-1-8-m-poznan-dworzec-pkp-przejscie-podziemne-973,2026-08-26T22:47:38Z,MOBILE,,
https://reklamap.pl/powierzchnia-reklamowa/citylighty/poznan/powierzchnia-podswietlana-1-2-x-1-8-m-poznan-dworzec-pkp-przejscie-podziemne-974,PASS,Strona przesłana i zindeksowana,INDEXING_ALLOWED,ALLOWED,SUCCESSFUL,https://reklamap.pl/powierzchnia-reklamowa/citylighty/poznan/powierzchnia-podswietlana-1-2-x-1-8-m-poznan-dworzec-pkp-przejscie-podziemne-974,https://reklamap.pl/powierzchnia-reklamowa/citylighty/poznan/powierzchnia-podswietlana-1-2-x-1-8-m-poznan-dworzec-pkp-przejscie-podziemne-974,2026-07-25T13:07:49Z,MOBILE,,
https://reklamap.pl/powierzchnia-reklamowa/citylighty/poznan/powierzchnia-podswietlana-1-2-x-1-8-m-poznan-dworzec-pkp-przejscie-podziemne-975,NEUTRAL,Strona wykryta – obecnie niezindeksowana,INDEXING_STATE_UNSPECIFIED,ROBOTS_TXT_STATE_UNSPECIFIED,PAGE_FETCH_STATE_UNSPECIFIED,,,,CRAWLING_USER_AGENT_UNSPECIFIED,,
https://reklamap.pl/powierzchnia-reklamowa/citylighty/poznan/powierzchnia-podswietlana-1-2-x-1-8-m-poznan-dworzec-pkp-przejscie-podziemne-976,NEUTRAL,Strona wykryta – obecnie niezindeksowana,INDEXING_STATE_UNSPECIFIED,ROBOTS_TXT_STATE_UNSPECIFIED,PAGE_FETCH_STATE_UNSPECIFIED,,,,CRAWLING_USER_AGENT_UNSPECIFIED,,
https://reklamap.pl/powierzchnia-reklamowa/ekrany-led/budzistowo/ekrany-led-galeria-karuzela-kolobrzeg-91,PASS,Strona przesłana i zindeksowana,INDEXING_ALLOWED,ALLOWED,SUCCESSFUL,https://reklamap.pl/powierzchnia-reklamowa/ekrany-led/budzistowo/ekrany-led-galeria-karuzela-kolobrzeg-91,https://reklamap.pl/powierzchnia-reklamowa/ekrany-led/budzistowo/ekrany-led-galeria-karuzela-kolobrzeg-91,2026-08-29T05:18:18Z,MOBILE,,
https://reklamap.pl/powierzchnia-reklamowa/ekrany-led/czestochowa/telebim-czestochowa-110,PASS,Strona przesłana i zindeksowana,INDEXING_ALLOWED,ALLOWED,SUCCESSFUL,https://reklamap.pl/powierzchnia-reklamowa/ekrany-led/czestochowa/telebim-czestochowa-110,https://reklamap.pl/powierzchnia-reklamowa/ekrany-led/czestochowa/telebim-czestochowa-110,2026-08-25T08:41:43Z,MOBILE,,
https://reklamap.pl/powierzchnia-reklamowa/ekrany-led/lublin/ekran-led-galeria-olimp-lublin-92,NEUTRAL,"Strona zeskanowana, ale jeszcze nie zindeksowana",INDEXING_STATE_UNSPECIFIED,ALLOWED,SUCCESSFUL,,,2026-06-25T16:56:37Z,MOBILE,,
https://reklamap.pl/powierzchnia-reklamowa/ekrany-led/olsztyn/ekrany-led-galeria-aura-olsztyn-1022,NEUTRAL,Alternatywna strona zawierająca prawidłowy tag strony kanonicznej,INDEXING_ALLOWED,ALLOWED,SUCCESSFUL,https://reklamap.pl/,https://reklamap.pl/powierzchnia-reklamowa/ekrany-led/olsztyn/telebim-olsztyn-centrum-ratusz-1025,2026-07-30T19:25:46Z,MOBILE,,
https://reklamap.pl/powierzchnia-reklamowa/ekrany-led/olsztyn/ekrany-led-galeria-warminska-olsztyn-1021,PASS,Strona przesłana i zindeksowana,INDEXING_ALLOWED,ALLOWED,SUCCESSFUL,https://reklamap.pl/powierzchnia-reklamowa/ekrany-led/olsztyn/ekrany-led-galeria-warminska-olsztyn-1021,https://reklamap.pl/powierzchnia-reklamowa/ekrany-led/olsztyn/ekrany-led-galeria-warminska-olsztyn-1021,2026-09-06T18:00:31Z,MOBILE,,
https://reklamap.pl/powierzchnia-reklamowa/ekrany-led/olsztyn/telebim-olsztyn-centrum-ratusz-1025,PASS,Strona przesłana i zindeksowana,INDEXING_ALLOWED,ALLOWED,SUCCESSFUL,https://reklamap.pl/,https://reklamap.pl/powierzchnia-reklamowa/ekrany-led/olsztyn/telebim-olsztyn-centrum-ratusz-1025,2026-07-30T19:57:46Z,MOBILE,,
https://reklamap.pl/powierzchnia-reklamowa/ekrany-led/sieradz/ekran-led-galeria-dekada-sieradz-93,PASS,Strona przesłana i zindeksowana,INDEXING_ALLOWED,ALLOWED,SUCCESSFUL,https://reklamap.pl/powierzchnia-reklamowa/ekrany-led/sieradz/ekran-led-galeria-dekada-sieradz-93,https://reklamap.pl/powierzchnia-reklamowa/ekrany-led/sieradz/ekran-led-galeria-dekada-sieradz-93,2026-08-20T13:58:42Z,MOBILE,,
https://reklamap.pl/powierzchnia-reklamowa/ekrany-led/wrzesnia/ekran-led-galeria-karuzela-wrzesnia-90,PASS,Strona przesłana i zindeksowana,INDEXING_ALLOWED,ALLOWED,SUCCESSFUL,https://reklamap.pl/powierzchnia-reklamowa/ekrany-led/wrzesnia/ekran-led-galeria-karuzela-wrzesnia-90,https://reklamap.pl/powierzchnia-reklamowa/ekrany-led/wrzesnia/ekran-led-galeria-karuzela-wrzesnia-90,2026-08-26T05:52:27Z,MOBILE,,
https://reklamap.pl/powierzchnia-reklamowa/inne/kaszewy-dworne/raklama-przy-autostradzie-a1-54,NEUTRAL,"Strona zeskanowana, ale jeszcze nie zindeksowana",INDEXING_STATE_UNSPECIFIED,ALLOWED,SUCCESSFUL,,,2026-09-06T23:06:26Z,MOBILE,,
https://reklamap.pl/powierzchnia-reklamowa/inne/wojnowice/wynajme-powierzchnie-na-baner-tablice-reklamowa-114,NEUTRAL,"Strona zeskanowana, ale jeszcze nie zindeksowana",INDEXING_STATE_UNSPECIFIED,ALLOWED,SUCCESSFUL,,,2026-09-06T19:39:45Z,MOBILE,,
https://reklamap.pl/powierzchnia-reklamowa/reklama-mobilna/andrychow/reklama-mobilna-andrychow-krakowska-1043,PASS,Strona przesłana i zindeksowana,INDEXING_ALLOWED,ALLOWED,SUCCESSFUL,https://reklamap.pl/powierzchnia-reklamowa/reklama-mobilna/andrychow/reklama-mobilna-andrychow-krakowska-1043,https://reklamap.pl/powierzchnia-reklamowa/reklama-mobilna/andrychow/reklama-mobilna-andrychow-krakowska-1043,2026-08-24T11:16:46Z,MOBILE,,
https://reklamap.pl/powierzchnia-reklamowa/reklama-mobilna/andrychow/reklama-mobilna-andrychow-krakowska-1044,NEUTRAL,"Duplikat, wyszukiwarka Google wybrała inną stronę kanoniczną niż użytkownik",INDEXING_ALLOWED,ALLOWED,SUCCESSFUL,https://reklamap.pl/powierzchnia-reklamowa/reklama-mobilna/andrychow/reklama-mobilna-andrychow-krakowska-1044,https://reklamap.pl/powierzchnia-reklamowa/reklama-mobilna/andrychow/reklama-mobilna-andrychow-krakowska-1043,2026-08-24T21:56:16Z,MOBILE,,
https://reklamap.pl/powierzchnia-reklamowa/reklama-mobilna/andrychow/reklama-mobilna-andrychow-przemyslowa-1041,PASS,Strona przesłana i zindeksowana,INDEXING_ALLOWED,ALLOWED,SUCCESSFUL,https://reklamap.pl/powierzchnia-reklamowa/reklama-mobilna/andrychow/reklama-mobilna-andrychow-przemyslowa-1041,https://reklamap.pl/powierzchnia-reklamowa/reklama-mobilna/andrychow/reklama-mobilna-andrychow-przemyslowa-1041,2026-08-22T19:19:02Z,MOBILE,,
https://reklamap.pl/powierzchnia-reklamowa/reklama-mobilna/andrychow/reklama-mobilna-andrychow-przemyslowa-1042,NEUTRAL,"Duplikat, wyszukiwarka Google wybrała inną stronę kanoniczną niż użytkownik",INDEXING_ALLOWED,ALLOWED,SUCCESSFUL,https://reklamap.pl/powierzchnia-reklamowa/reklama-mobilna/andrychow/reklama-mobilna-andrychow-przemyslowa-1042,https://reklamap.pl/powierzchnia-reklamowa/reklama-mobilna/andrychow/reklama-mobilna-andrychow-przemyslowa-1041,2026-08-24T19:52:30Z,MOBILE,,
https://reklamap.pl/powierzchnia-reklamowa/reklama-mobilna/andrychow/reklama-mobilna-andrychow-stefana-batorego-1027,PASS,Strona przesłana i zindeksowana,INDEXING_ALLOWED,ALLOWED,SUCCESSFUL,https://reklamap.pl/powierzchnia-reklamowa/reklama-mobilna/andrychow/reklama-mobilna-andrychow-stefana-batorego-1027,https://reklamap.pl/powierzchnia-reklamowa/reklama-mobilna/andrychow/reklama-mobilna-andrychow-stefana-batorego-1027,2026-08-22T19:27:29Z,MOBILE,,
https://reklamap.pl/powierzchnia-reklamowa/reklama-mobilna/andrychow/reklama-mobilna-andrychow-stefana-batorego-i2-1028,PASS,Strona przesłana i zindeksowana,INDEXING_ALLOWED,ALLOWED,SUCCESSFUL,https://reklamap.pl/powierzchnia-reklamowa/reklama-mobilna/andrychow/reklama-mobilna-andrychow-stefana-batorego-i2-1028,https://reklamap.pl/powierzchnia-reklamowa/reklama-mobilna/andrychow/reklama-mobilna-andrychow-stefana-batorego-i2-1028,2026-08-23T00:54:29Z,MOBILE,,
https://reklamap.pl/powierzchnia-reklamowa/reklama-mobilna/babice/reklama-mobilna-babice-slaska-1051,PASS,Strona przesłana i zindeksowana,INDEXING_ALLOWED,ALLOWED,SUCCESSFUL,https://reklamap.pl/powierzchnia-reklamowa/reklama-mobilna/babice/reklama-mobilna-babice-slaska-1051,https://reklamap.pl/powierzchnia-reklamowa/reklama-mobilna/babice/reklama-mobilna-babice-slaska-1051,2026-08-22T19:40:29Z,MOBILE,,
https://reklamap.pl/powierzchnia-reklamowa/reklama-mobilna/babice/reklama-mobilna-babice-slaska-i2-1052,PASS,Strona przesłana i zindeksowana,INDEXING_ALLOWED,ALLOWED,SUCCESSFUL,https://reklamap.pl/powierzchnia-reklamowa/reklama-mobilna/babice/reklama-mobilna-babice-slaska-i2-1052,https://reklamap.pl/powierzchnia-reklamowa/reklama-mobilna/babice/reklama-mobilna-babice-slaska-i2-1052,2026-09-06T06:57:52Z,MOBILE,,
https://reklamap.pl/powierzchnia-reklamowa/reklama-mobilna/bielsko-biala/reklama-mobilna-bielsko-biala-aleja-generala-wladyslawa-andersa-i-1045,PASS,Strona przesłana i zindeksowana,INDEXING_ALLOWED,ALLOWED,SUCCESSFUL,https://reklamap.pl/powierzchnia-reklamowa/reklama-mobilna/bielsko-biala/reklama-mobilna-bielsko-biala-aleja-generala-wladyslawa-andersa-i-1045,https://reklamap.pl/powierzchnia-reklamowa/reklama-mobilna/bielsko-biala/reklama-mobilna-bielsko-biala-aleja-generala-wladyslawa-andersa-i-1045,2026-08-22T19:22:14Z,MOBILE,,
https://reklamap.pl/powierzchnia-reklamowa/reklama-mobilna/bielsko-biala/reklama-mobilna-bielsko-biala-aleja-generala-wladyslawa-andersa-i2-1046,PASS,Strona przesłana i zindeksowana,INDEXING_ALLOWED,ALLOWED,SUCCESSFUL,https://reklamap.pl/powierzchnia-reklamowa/reklama-mobilna/bielsko-biala/reklama-mobilna-bielsko-biala-aleja-generala-wladyslawa-andersa-i2-1046,https://reklamap.pl/powierzchnia-reklamowa/reklama-mobilna/bielsko-biala/reklama-mobilna-bielsko-biala-aleja-generala-wladyslawa-andersa-i2-1046,2026-08-22T19:23:40Z,MOBILE,,
https://reklamap.pl/powierzchnia-reklamowa/reklama-mobilna/bielsko-biala/reklama-mobilna-bielsko-biala-straconki-i-1047,PASS,Strona przesłana i zindeksowana,INDEXING_ALLOWED,ALLOWED,SUCCESSFUL,https://reklamap.pl/powierzchnia-reklamowa/reklama-mobilna/bielsko-biala/reklama-mobilna-bielsko-biala-straconki-i-1047,https://reklamap.pl/powierzchnia-reklamowa/reklama-mobilna/bielsko-biala/reklama-mobilna-bielsko-biala-straconki-i-1047,2026-08-22T19:28:07Z,MOBILE,,
https://reklamap.pl/powierzchnia-reklamowa/reklama-mobilna/bielsko-biala/reklama-mobilna-bielsko-biala-straconki-i2-1048,PASS,Strona przesłana i zindeksowana,INDEXING_ALLOWED,ALLOWED,SUCCESSFUL,https://reklamap.pl/powierzchnia-reklamowa/reklama-mobilna/bielsko-biala/reklama-mobilna-bielsko-biala-straconki-i2-1048,https://reklamap.pl/powierzchnia-reklamowa/reklama-mobilna/bielsko-biala/reklama-mobilna-bielsko-biala-straconki-i2-1048,2026-08-22T19:47:44Z,MOBILE,,
https://reklamap.pl/powierzchnia-reklamowa/reklama-mobilna/bielsko-biala/reklama-mobilna-bielsko-biala-straconki-ii1-1049,PASS,Strona przesłana i zindeksowana,INDEXING_ALLOWED,ALLOWED,SUCCESSFUL,https://reklamap.pl/powierzchnia-reklamowa/reklama-mobilna/bielsko-biala/reklama-mobilna-bielsko-biala-straconki-ii1-1049,https://reklamap.pl/powierzchnia-reklamowa/reklama-mobilna/bielsko-biala/reklama-mobilna-bielsko-biala-straconki-ii1-1049,2026-08-22T19:17:04Z,MOBILE,,
https://reklamap.pl/powierzchnia-reklamowa/reklama-mobilna/bielsko-biala/reklama-mobilna-bielsko-biala-straconki-ii2-1050,PASS,Strona przesłana i zindeksowana,INDEXING_ALLOWED,ALLOWED,SUCCESSFUL,https://reklamap.pl/powierzchnia-reklamowa/reklama-mobilna/bielsko-biala/reklama-mobilna-bielsko-biala-straconki-ii2-1050,https://reklamap.pl/powierzchnia-reklamowa/reklama-mobilna/bielsko-biala/reklama-mobilna-bielsko-biala-straconki-ii2-1050,2026-08-24T19:53:04Z,MOBILE,,
https://reklamap.pl/powierzchnia-reklamowa/reklama-mobilna/bobrek/reklama-mobilna-bobrek-krakowska-1058,PASS,Strona przesłana i zindeksowana,INDEXING_ALLOWED,ALLOWED,SUCCESSFUL,https://reklamap.pl/powierzchnia-reklamowa/reklama-mobilna/bobrek/reklama-mobilna-bobrek-krakowska-1058,https://reklamap.pl/powierzchnia-reklamowa/reklama-mobilna/bobrek/reklama-mobilna-bobrek-krakowska-1058,2026-08-22T19:35:48Z,MOBILE,,
https://reklamap.pl/powierzchnia-reklamowa/reklama-mobilna/bobrek/reklama-mobilna-bobrek-krakowska-3-1059,PASS,Strona przesłana i zindeksowana,INDEXING_ALLOWED,ALLOWED,SUCCESSFUL,https://reklamap.pl/powierzchnia-reklamowa/reklama-mobilna/bobrek/reklama-mobilna-bobrek-krakowska-3-1059,https://reklamap.pl/powierzchnia-reklamowa/reklama-mobilna/bobrek/reklama-mobilna-bobrek-krakowska-3-1059,2026-08-22T19:43:47Z,MOBILE,,
https://reklamap.pl/powierzchnia-reklamowa/reklama-mobilna/broszkowice/reklama-mobilna-broszkowice-krakowska-1144,PASS,Strona przesłana i zindeksowana,INDEXING_ALLOWED,ALLOWED,SUCCESSFUL,https://reklamap.pl/powierzchnia-reklamowa/reklama-mobilna/broszkowice/reklama-mobilna-broszkowice-krakowska-1144,https://reklamap.pl/powierzchnia-reklamowa/reklama-mobilna/broszkowice/reklama-mobilna-broszkowice-krakowska-1144,2026-08-22T20:06:17Z,MOBILE,,
https://reklamap.pl/powierzchnia-reklamowa/reklama-mobilna/broszkowice/reklama-mobilna-broszkowice-krakowska-4-1142,PASS,Strona przesłana i zindeksowana,INDEXING_ALLOWED,ALLOWED,SUCCESSFUL,https://reklamap.pl/powierzchnia-reklamowa/reklama-mobilna/broszkowice/reklama-mobilna-broszkowice-krakowska-4-1142,https://reklamap.pl/powierzchnia-reklamowa/reklama-mobilna/broszkowice/reklama-mobilna-broszkowice-krakowska-4-1142,2026-08-22T19:44:24Z,MOBILE,,
https://reklamap.pl/powierzchnia-reklamowa/reklama-mobilna/brzeszcze/reklama-mobilna-brzeszcze-ofiar-oswiecimia-1066,NEUTRAL,"Strona zeskanowana, ale jeszcze nie zindeksowana",INDEXING_STATE_UNSPECIFIED,ALLOWED,SUCCESSFUL,,,2026-09-06T04:30:22Z,MOBILE,,
https://reklamap.pl/powierzchnia-reklamowa/reklama-mobilna/brzeszcze/reklama-mobilna-brzeszcze-ofiar-oswiecimia-1071,PASS,Strona przesłana i zindeksowana,INDEXING_ALLOWED,ALLOWED,SUCCESSFUL,https://reklamap.pl/powierzchnia-reklamowa/reklama-mobilna/brzeszcze/reklama-mobilna-brzeszcze-ofiar-oswiecimia-1071,https://reklamap.pl/powierzchnia-reklamowa/reklama-mobilna/brzeszcze/reklama-mobilna-brzeszcze-ofiar-oswiecimia-1071,2026-08-21T20:16:45Z,MOBILE,,
https://reklamap.pl/powierzchnia-reklamowa/reklama-mobilna/brzeszcze/reklama-mobilna-brzeszcze-ofiar-oswiecimia-1072,NEUTRAL,"Duplikat, wyszukiwarka Google wybrała inną stronę kanoniczną niż użytkownik",INDEXING_ALLOWED,ALLOWED,SUCCESSFUL,https://reklamap.pl/powierzchnia-reklamowa/reklama-mobilna/brzeszcze/reklama-mobilna-brzeszcze-ofiar-oswiecimia-1072,https://reklamap.pl/powierzchnia-reklamowa/reklama-mobilna/brzeszcze/reklama-mobilna-brzeszcze-ofiar-oswiecimia-1072,2026-08-21T18:28:48Z,MOBILE,,
https://reklamap.pl/powierzchnia-reklamowa/reklama-mobilna/brzeszcze/reklama-mobilna-brzeszcze-ofiar-oswiecimia-i-1060,PASS,Strona przesłana i zindeksowana,INDEXING_ALLOWED,ALLOWED,SUCCESSFUL,https://reklamap.pl/powierzchnia-reklamowa/reklama-mobilna/brzeszcze/reklama-mobilna-brzeszcze-ofiar-oswiecimia-i-1060,https://reklamap.pl/powierzchnia-reklamowa/reklama-mobilna/brzeszcze/reklama-mobilna-brzeszcze-ofiar-oswiecimia-i-1060,2026-08-21T19:06:18Z,MOBILE,,
https://reklamap.pl/powierzchnia-reklamowa/reklama-mobilna/brzeszcze/reklama-mobilna-brzeszcze-ofiar-oswiecimia-i2-1061,NEUTRAL,"Strona zeskanowana, ale jeszcze nie zindeksowana",INDEXING_STATE_UNSPECIFIED,ALLOWED,SUCCESSFUL,,,2026-09-07T09:17:35Z,MOBILE,,
https://reklamap.pl/powierzchnia-reklamowa/reklama-mobilna/brzeszcze/reklama-mobilna-brzeszcze-ofiar-oswiecimia-vi1-1067,PASS,Strona przesłana i zindeksowana,INDEXING_ALLOWED,ALLOWED,SUCCESSFUL,https://reklamap.pl/powierzchnia-reklamowa/reklama-mobilna/brzeszcze/reklama-mobilna-brzeszcze-ofiar-oswiecimia-vi1-1067,https://reklamap.pl/powierzchnia-reklamowa/reklama-mobilna/brzeszcze/reklama-mobilna-brzeszcze-ofiar-oswiecimia-vi1-1067,2026-08-21T20:00:10Z,MOBILE,,
https://reklamap.pl/powierzchnia-reklamowa/reklama-mobilna/brzeszcze/reklama-mobilna-brzeszcze-ofiar-oswiecimia-vi2-1068,PASS,Strona przesłana i zindeksowana,INDEXING_ALLOWED,ALLOWED,SUCCESSFUL,https://reklamap.pl/powierzchnia-reklamowa/reklama-mobilna/brzeszcze/reklama-mobilna-brzeszcze-ofiar-oswiecimia-vi2-1068,https://reklamap.pl/powierzchnia-reklamowa/reklama-mobilna/brzeszcze/reklama-mobilna-brzeszcze-ofiar-oswiecimia-vi2-1068,2026-08-21T19:43:48Z,MOBILE,,
https://reklamap.pl/powierzchnia-reklamowa/reklama-mobilna/brzeszcze/reklama-mobilna-brzeszcze-turystyczna-i1-1069,PASS,Strona przesłana i zindeksowana,INDEXING_ALLOWED,ALLOWED,SUCCESSFUL,https://reklamap.pl/powierzchnia-reklamowa/reklama-mobilna/brzeszcze/reklama-mobilna-brzeszcze-turystyczna-i1-1069,https://reklamap.pl/powierzchnia-reklamowa/reklama-mobilna/brzeszcze/reklama-mobilna-brzeszcze-turystyczna-i1-1069,2026-08-22T01:15:45Z,MOBILE,,
https://reklamap.pl/powierzchnia-reklamowa/reklama-mobilna/brzeszcze/reklama-mobilna-brzeszcze-turystyczna-i2-1070,NEUTRAL,Adres URL jest Google nieznany,INDEXING_STATE_UNSPECIFIED,ROBOTS_TXT_STATE_UNSPECIFIED,PAGE_FETCH_STATE_UNSPECIFIED,,,,,,
https://reklamap.pl/powierzchnia-reklamowa/reklama-mobilna/buczkowice/reklama-mobilna-buczkowice-bielska-2-1073,PASS,Strona przesłana i zindeksowana,INDEXING_ALLOWED,ALLOWED,SUCCESSFUL,https://reklamap.pl/powierzchnia-reklamowa/reklama-mobilna/buczkowice/reklama-mobilna-buczkowice-bielska-2-1073,https://reklamap.pl/powierzchnia-reklamowa/reklama-mobilna/buczkowice/reklama-mobilna-buczkowice-bielska-2-1073,2026-08-22T19:38:01Z,MOBILE,,
https://reklamap.pl/powierzchnia-reklamowa/reklama-mobilna/buczkowice/reklama-mobilna-buczkowice-bielska-i2-1074,PASS,Strona przesłana i zindeksowana,INDEXING_ALLOWED,ALLOWED,SUCCESSFUL,https://reklamap.pl/powierzchnia-reklamowa/reklama-mobilna/buczkowice/reklama-mobilna-buczkowice-bielska-i2-1074,https://reklamap.pl/powierzchnia-reklamowa/reklama-mobilna/buczkowice/reklama-mobilna-buczkowice-bielska-i2-1074,2026-08-22T19:20:16Z,MOBILE,,
https://reklamap.pl/powierzchnia-reklamowa/reklama-mobilna/bulowice/reklama-mobilna-bulowice-bielska-1075,PASS,Strona przesłana i zindeksowana,INDEXING_ALLOWED,ALLOWED,SUCCESSFUL,https://reklamap.pl/powierzchnia-reklamowa/reklama-mobilna/bulowice/reklama-mobilna-bulowice-bielska-1075,https://reklamap.pl/powierzchnia-reklamowa/reklama-mobilna/bulowice/reklama-mobilna-bulowice-bielska-1075,2026-08-22T19:39:03Z,MOBILE,,
https://reklamap.pl/powierzchnia-reklamowa/reklama-mobilna/bulowice/reklama-mobilna-bulowice-bielska-2-1076,PASS,Strona przesłana i zindeksowana,INDEXING_ALLOWED,ALLOWED,SUCCESSFUL,https://reklamap.pl/powierzchnia-reklamowa/reklama-mobilna/bulowice/reklama-mobilna-bulowice-bielska-2-1076,https://reklamap.pl/powierzchnia-reklamowa/reklama-mobilna/bulowice/reklama-mobilna-bulowice-bielska-2-1076,2026-08-22T19:27:47Z,MOBILE,,
https://reklamap.pl/powierzchnia-reklamowa/reklama-mobilna/czerwionka-leszczyny/przyczepa-reklamowa-reklama-mobilna-74,PASS,Strona przesłana i zindeksowana,INDEXING_ALLOWED,ALLOWED,SUCCESSFUL,https://reklamap.pl/powierzchnia-reklamowa/reklama-mobilna/czerwionka-leszczyny/przyczepa-reklamowa-reklama-mobilna-74,https://reklamap.pl/powierzchnia-reklamowa/reklama-mobilna/czerwionka-leszczyny/przyczepa-reklamowa-reklama-mobilna-74,2026-07-17T06:27:39Z,MOBILE,,
https://reklamap.pl/powierzchnia-reklamowa/reklama-mobilna/dzierzoniow/reklama-mobilna-46,PASS,Strona przesłana i zindeksowana,INDEXING_ALLOWED,ALLOWED,SUCCESSFUL,https://reklamap.pl/powierzchnia-reklamowa/reklama-mobilna/dzierzoniow/reklama-mobilna-46,https://reklamap.pl/powierzchnia-reklamowa/reklama-mobilna/dzierzoniow/reklama-mobilna-46,2026-08-16T09:32:44Z,MOBILE,,
https://reklamap.pl/powierzchnia-reklamowa/reklama-mobilna/glebowice/reklama-mobilna-glebowice-oswiecimska-1078,PASS,Strona przesłana i zindeksowana,INDEXING_ALLOWED,ALLOWED,SUCCESSFUL,https://reklamap.pl/powierzchnia-reklamowa/reklama-mobilna/glebowice/reklama-mobilna-glebowice-oswiecimska-1078,https://reklamap.pl/powierzchnia-reklamowa/reklama-mobilna/glebowice/reklama-mobilna-glebowice-oswiecimska-1078,2026-08-22T19:37:13Z,MOBILE,,
https://reklamap.pl/powierzchnia-reklamowa/reklama-mobilna/glebowice/reklama-mobilna-glebowice-oswiecimska-i2-1079,PASS,Strona przesłana i zindeksowana,INDEXING_ALLOWED,ALLOWED,SUCCESSFUL,https://reklamap.pl/powierzchnia-reklamowa/reklama-mobilna/glebowice/reklama-mobilna-glebowice-oswiecimska-i2-1079,https://reklamap.pl/powierzchnia-reklamowa/reklama-mobilna/glebowice/reklama-mobilna-glebowice-oswiecimska-i2-1079,2026-08-24T19:52:39Z,MOBILE,,
https://reklamap.pl/powierzchnia-reklamowa/reklama-mobilna/gniezno/reklama-mobilna-gniezno-i-okolice-979,PASS,Strona przesłana i zindeksowana,INDEXING_ALLOWED,ALLOWED,SUCCESSFUL,https://reklamap.pl/powierzchnia-reklamowa/reklama-mobilna/gniezno/reklama-mobilna-gniezno-i-okolice-979,https://reklamap.pl/powierzchnia-reklamowa/reklama-mobilna/gniezno/reklama-mobilna-gniezno-i-okolice-979,2026-08-23T06:04:51Z,MOBILE,,
https://reklamap.pl/powierzchnia-reklamowa/reklama-mobilna/kety/reklama-mobilna-kety-adama-mickiewicza-i1-1083,PASS,Strona przesłana i zindeksowana,INDEXING_ALLOWED,ALLOWED,SUCCESSFUL,https://reklamap.pl/powierzchnia-reklamowa/reklama-mobilna/kety/reklama-mobilna-kety-adama-mickiewicza-i1-1083,https://reklamap.pl/powierzchnia-reklamowa/reklama-mobilna/kety/reklama-mobilna-kety-adama-mickiewicza-i1-1083,2026-08-24T21:57:12Z,MOBILE,,
https://reklamap.pl/powierzchnia-reklamowa/reklama-mobilna/kety/reklama-mobilna-kety-adama-mickiewicza-i2-1084,PASS,Strona przesłana i zindeksowana,INDEXING_ALLOWED,ALLOWED,SUCCESSFUL,https://reklamap.pl/powierzchnia-reklamowa/reklama-mobilna/kety/reklama-mobilna-kety-adama-mickiewicza-i2-1084,https://reklamap.pl/powierzchnia-reklamowa/reklama-mobilna/kety/reklama-mobilna-kety-adama-mickiewicza-i2-1084,2026-08-22T20:00:14Z,MOBILE,,
https://reklamap.pl/powierzchnia-reklamowa/reklama-mobilna/kety/reklama-mobilna-kety-fabryczna-3-1086,PASS,Strona przesłana i zindeksowana,INDEXING_ALLOWED,ALLOWED,SUCCESSFUL,https://reklamap.pl/powierzchnia-reklamowa/reklama-mobilna/kety/reklama-mobilna-kety-fabryczna-3-1086,https://reklamap.pl/powierzchnia-reklamowa/reklama-mobilna/kety/reklama-mobilna-kety-fabryczna-3-1086,2026-08-22T19:45:12Z,MOBILE,,
https://reklamap.pl/powierzchnia-reklamowa/reklama-mobilna/kety/reklama-mobilna-kety-fabryczna-i1-1085,PASS,Strona przesłana i zindeksowana,INDEXING_ALLOWED,ALLOWED,SUCCESSFUL,https://reklamap.pl/powierzchnia-reklamowa/reklama-mobilna/kety/reklama-mobilna-kety-fabryczna-i1-1085,https://reklamap.pl/powierzchnia-reklamowa/reklama-mobilna/kety/reklama-mobilna-kety-fabryczna-i1-1085,2026-08-22T19:31:29Z,MOBILE,,
https://reklamap.pl/powierzchnia-reklamowa/reklama-mobilna/kety/reklama-mobilna-kety-jana-pawla-ii-i1-1087,PASS,Strona przesłana i zindeksowana,INDEXING_ALLOWED,ALLOWED,SUCCESSFUL,https://reklamap.pl/powierzchnia-reklamowa/reklama-mobilna/kety/reklama-mobilna-kety-jana-pawla-ii-i1-1087,https://reklamap.pl/powierzchnia-reklamowa/reklama-mobilna/kety/reklama-mobilna-kety-jana-pawla-ii-i1-1087,2026-08-22T21:36:09Z,MOBILE,,
https://reklamap.pl/powierzchnia-reklamowa/reklama-mobilna/kety/reklama-mobilna-kety-jana-pawla-ii-i2-1088,PASS,Strona przesłana i zindeksowana,INDEXING_ALLOWED,ALLOWED,SUCCESSFUL,https://reklamap.pl/powierzchnia-reklamowa/reklama-mobilna/kety/reklama-mobilna-kety-jana-pawla-ii-i2-1088,https://reklamap.pl/powierzchnia-reklamowa/reklama-mobilna/kety/reklama-mobilna-kety-jana-pawla-ii-i2-1088,2026-08-22T19:30:09Z,MOBILE,,
https://reklamap.pl/powierzchnia-reklamowa/reklama-mobilna/kety/reklama-mobilna-kety-tadeusza-kosciuszki-i1-1089,PASS,Strona przesłana i zindeksowana,INDEXING_ALLOWED,ALLOWED,SUCCESSFUL,https://reklamap.pl/powierzchnia-reklamowa/reklama-mobilna/kety/reklama-mobilna-kety-tadeusza-kosciuszki-i1-1089,https://reklamap.pl/powierzchnia-reklamowa/reklama-mobilna/kety/reklama-mobilna-kety-tadeusza-kosciuszki-i1-1089,2026-08-23T04:32:54Z,MOBILE,,
https://reklamap.pl/powierzchnia-reklamowa/reklama-mobilna/kety/reklama-mobilna-kety-tadeusza-kosciuszki-i2-1090,PASS,Strona przesłana i zindeksowana,INDEXING_ALLOWED,ALLOWED,SUCCESSFUL,https://reklamap.pl/powierzchnia-reklamowa/reklama-mobilna/kety/reklama-mobilna-kety-tadeusza-kosciuszki-i2-1090,https://reklamap.pl/powierzchnia-reklamowa/reklama-mobilna/kety/reklama-mobilna-kety-tadeusza-kosciuszki-i2-1090,2026-08-24T11:01:23Z,MOBILE,,
https://reklamap.pl/powierzchnia-reklamowa/reklama-mobilna/klecza-dolna/reklama-mobilna-klecza-dolna-przy-mlynie-ii1-1196,PASS,Strona przesłana i zindeksowana,INDEXING_ALLOWED,ALLOWED,SUCCESSFUL,https://reklamap.pl/powierzchnia-reklamowa/reklama-mobilna/klecza-dolna/reklama-mobilna-klecza-dolna-przy-mlynie-ii1-1196,https://reklamap.pl/powierzchnia-reklamowa/reklama-mobilna/klecza-dolna/reklama-mobilna-klecza-dolna-przy-mlynie-ii1-1196,2026-08-22T19:19:46Z,MOBILE,,
https://reklamap.pl/powierzchnia-reklamowa/reklama-mobilna/klecza-dolna/reklama-mobilna-klecza-dolna-przy-mlynie-ii2-1197,PASS,Strona przesłana i zindeksowana,INDEXING_ALLOWED,ALLOWED,SUCCESSFUL,https://reklamap.pl/powierzchnia-reklamowa/reklama-mobilna/klecza-dolna/reklama-mobilna-klecza-dolna-przy-mlynie-ii2-1197,https://reklamap.pl/powierzchnia-reklamowa/reklama-mobilna/klecza-dolna/reklama-mobilna-klecza-dolna-przy-mlynie-ii2-1197,2026-08-22T19:26:12Z,MOBILE,,
https://reklamap.pl/powierzchnia-reklamowa/reklama-mobilna/klodzko/przyczepa-reklamowa-47,PASS,Strona przesłana i zindeksowana,INDEXING_ALLOWED,ALLOWED,SUCCESSFUL,https://reklamap.pl/powierzchnia-reklamowa/reklama-mobilna/klodzko/przyczepa-reklamowa-47,https://reklamap.pl/powierzchnia-reklamowa/reklama-mobilna/klodzko/przyczepa-reklamowa-47,2026-08-27T04:37:50Z,MOBILE,,
https://reklamap.pl/powierzchnia-reklamowa/reklama-mobilna/leki/reklama-mobilna-leki-949-i1-1091,PASS,Strona przesłana i zindeksowana,INDEXING_ALLOWED,ALLOWED,SUCCESSFUL,https://reklamap.pl/powierzchnia-reklamowa/reklama-mobilna/leki/reklama-mobilna-leki-949-i1-1091,https://reklamap.pl/powierzchnia-reklamowa/reklama-mobilna/leki/reklama-mobilna-leki-949-i1-1091,2026-08-24T10:56:50Z,MOBILE,,
https://reklamap.pl/powierzchnia-reklamowa/reklama-mobilna/leki/reklama-mobilna-leki-949-i2-1092,PASS,Strona przesłana i zindeksowana,INDEXING_ALLOWED,ALLOWED,SUCCESSFUL,https://reklamap.pl/powierzchnia-reklamowa/reklama-mobilna/leki/reklama-mobilna-leki-949-i2-1092,https://reklamap.pl/powierzchnia-reklamowa/reklama-mobilna/leki/reklama-mobilna-leki-949-i2-1092,2026-08-24T21:06:22Z,MOBILE,,
https://reklamap.pl/powierzchnia-reklamowa/reklama-mobilna/libiaz/reklama-mobilna-libiaz-780933-ii-1100,PASS,Strona przesłana i zindeksowana,INDEXING_ALLOWED,ALLOWED,SUCCESSFUL,https://reklamap.pl/powierzchnia-reklamowa/reklama-mobilna/libiaz/reklama-mobilna-libiaz-780933-ii-1100,https://reklamap.pl/powierzchnia-reklamowa/reklama-mobilna/libiaz/reklama-mobilna-libiaz-780933-ii-1100,2026-08-24T21:14:43Z,MOBILE,,
https://reklamap.pl/powierzchnia-reklamowa/reklama-mobilna/libiaz/reklama-mobilna-libiaz-chrzanowska-3-1104,PASS,Strona przesłana i zindeksowana,INDEXING_ALLOWED,ALLOWED,SUCCESSFUL,https://reklamap.pl/powierzchnia-reklamowa/reklama-mobilna/libiaz/reklama-mobilna-libiaz-chrzanowska-3-1104,https://reklamap.pl/powierzchnia-reklamowa/reklama-mobilna/libiaz/reklama-mobilna-libiaz-chrzanowska-3-1104,2026-08-22T02:42:23Z,MOBILE,,
https://reklamap.pl/powierzchnia-reklamowa/reklama-mobilna/libiaz/reklama-mobilna-libiaz-chrzanowska-i-1101,PASS,Strona przesłana i zindeksowana,INDEXING_ALLOWED,ALLOWED,SUCCESSFUL,https://reklamap.pl/powierzchnia-reklamowa/reklama-mobilna/libiaz/reklama-mobilna-libiaz-chrzanowska-i-1101,https://reklamap.pl/powierzchnia-reklamowa/reklama-mobilna/libiaz/reklama-mobilna-libiaz-chrzanowska-i-1101,2026-08-22T02:53:45Z,MOBILE,,
https://reklamap.pl/powierzchnia-reklamowa/reklama-mobilna/libiaz/reklama-mobilna-libiaz-chrzanowska-i2-1102,PASS,Strona przesłana i zindeksowana,INDEXING_ALLOWED,ALLOWED,SUCCESSFUL,https://reklamap.pl/powierzchnia-reklamowa/reklama-mobilna/libiaz/reklama-mobilna-libiaz-chrzanowska-i2-1102,https://reklamap.pl/powierzchnia-reklamowa/reklama-mobilna/libiaz/reklama-mobilna-libiaz-chrzanowska-i2-1102,2026-08-23T00:00:44Z,MOBILE,,
https://reklamap.pl/powierzchnia-reklamowa/reklama-mobilna/libiaz/reklama-mobilna-libiaz-chrzanowska-ii1-1103,PASS,Strona przesłana i zindeksowana,INDEXING_ALLOWED,ALLOWED,SUCCESSFUL,https://reklamap.pl/powierzchnia-reklamowa/reklama-mobilna/libiaz/reklama-mobilna-libiaz-chrzanowska-ii1-1103,https://reklamap.pl/powierzchnia-reklamowa/reklama-mobilna/libiaz/reklama-mobilna-libiaz-chrzanowska-ii1-1103,2026-08-22T03:42:13Z,MOBILE,,
https://reklamap.pl/powierzchnia-reklamowa/reklama-mobilna/libiaz/reklama-mobilna-libiaz-krakowska-i1-1098,PASS,Strona przesłana i zindeksowana,INDEXING_ALLOWED,ALLOWED,SUCCESSFUL,https://reklamap.pl/powierzchnia-reklamowa/reklama-mobilna/libiaz/reklama-mobilna-libiaz-krakowska-i1-1098,https://reklamap.pl/powierzchnia-reklamowa/reklama-mobilna/libiaz/reklama-mobilna-libiaz-krakowska-i1-1098,2026-08-24T11:21:32Z,MOBILE,,
https://reklamap.pl/powierzchnia-reklamowa/reklama-mobilna/libiaz/reklama-mobilna-libiaz-krakowska-i2-1099,PASS,Strona przesłana i zindeksowana,INDEXING_ALLOWED,ALLOWED,SUCCESSFUL,https://reklamap.pl/powierzchnia-reklamowa/reklama-mobilna/libiaz/reklama-mobilna-libiaz-krakowska-i2-1099,https://reklamap.pl/powierzchnia-reklamowa/reklama-mobilna/libiaz/reklama-mobilna-libiaz-krakowska-i2-1099,2026-08-22T03:56:36Z,MOBILE,,
https://reklamap.pl/powierzchnia-reklamowa/reklama-mobilna/libiaz/reklama-mobilna-libiaz-oswiecimska-i-1105,PASS,Strona przesłana i zindeksowana,INDEXING_ALLOWED,ALLOWED,SUCCESSFUL,https://reklamap.pl/powierzchnia-reklamowa/reklama-mobilna/libiaz/reklama-mobilna-libiaz-oswiecimska-i-1105,https://reklamap.pl/powierzchnia-reklamowa/reklama-mobilna/libiaz/reklama-mobilna-libiaz-oswiecimska-i-1105,2026-08-22T03:05:10Z,MOBILE,,
https://reklamap.pl/powierzchnia-reklamowa/reklama-mobilna/libiaz/reklama-mobilna-libiaz-oswiecimska-i2-1106,PASS,Strona przesłana i zindeksowana,INDEXING_ALLOWED,ALLOWED,SUCCESSFUL,https://reklamap.pl/powierzchnia-reklamowa/reklama-mobilna/libiaz/reklama-mobilna-libiaz-oswiecimska-i2-1106,https://reklamap.pl/powierzchnia-reklamowa/reklama-mobilna/libiaz/reklama-mobilna-libiaz-oswiecimska-i2-1106,2026-08-24T21:15:23Z,MOBILE,,
https://reklamap.pl/powierzchnia-reklamowa/reklama-mobilna/libiaz/reklama-mobilna-libiaz-oswiecimska-ii-1107,PASS,Strona przesłana i zindeksowana,INDEXING_ALLOWED,ALLOWED,SUCCESSFUL,https://reklamap.pl/powierzchnia-reklamowa/reklama-mobilna/libiaz/reklama-mobilna-libiaz-oswiecimska-ii-1107,https://reklamap.pl/powierzchnia-reklamowa/reklama-mobilna/libiaz/reklama-mobilna-libiaz-oswiecimska-ii-1107,2026-08-22T02:31:01Z,MOBILE,,
https://reklamap.pl/powierzchnia-reklamowa/reklama-mobilna/libiaz/reklama-mobilna-libiaz-oswiecimska-ii2-1108,PASS,Strona przesłana i zindeksowana,INDEXING_ALLOWED,ALLOWED,SUCCESSFUL,https://reklamap.pl/powierzchnia-reklamowa/reklama-mobilna/libiaz/reklama-mobilna-libiaz-oswiecimska-ii2-1108,https://reklamap.pl/powierzchnia-reklamowa/reklama-mobilna/libiaz/reklama-mobilna-libiaz-oswiecimska-ii2-1108,2026-08-24T11:05:27Z,MOBILE,,
https://reklamap.pl/powierzchnia-reklamowa/reklama-mobilna/libiaz/reklama-mobilna-libiaz-oswiecimska-iii1-1109,PASS,Strona przesłana i zindeksowana,INDEXING_ALLOWED,ALLOWED,SUCCESSFUL,https://reklamap.pl/powierzchnia-reklamowa/reklama-mobilna/libiaz/reklama-mobilna-libiaz-oswiecimska-iii1-1109,https://reklamap.pl/powierzchnia-reklamowa/reklama-mobilna/libiaz/reklama-mobilna-libiaz-oswiecimska-iii1-1109,2026-08-22T04:44:01Z,MOBILE,,
https://reklamap.pl/powierzchnia-reklamowa/reklama-mobilna/libiaz/reklama-mobilna-libiaz-oswiecimska-iii2-1110,PASS,Strona przesłana i zindeksowana,INDEXING_ALLOWED,ALLOWED,SUCCESSFUL,https://reklamap.pl/powierzchnia-reklamowa/reklama-mobilna/libiaz/reklama-mobilna-libiaz-oswiecimska-iii2-1110,https://reklamap.pl/powierzchnia-reklamowa/reklama-mobilna/libiaz/reklama-mobilna-libiaz-oswiecimska-iii2-1110,2026-08-24T19:51:19Z,MOBILE,,
https://reklamap.pl/powierzchnia-reklamowa/reklama-mobilna/lidzbark/przyczepy-reklamowe-66,NEUTRAL,"Strona zeskanowana, ale jeszcze nie zindeksowana",INDEXING_STATE_UNSPECIFIED,ALLOWED,SUCCESSFUL,,,2026-09-06T23:44:51Z,MOBILE,,
https://reklamap.pl/powierzchnia-reklamowa/reklama-mobilna/oswiecim/reklama-mobilna-oswiecim-44933-i-1152,PASS,Strona przesłana i zindeksowana,INDEXING_ALLOWED,ALLOWED,SUCCESSFUL,https://reklamap.pl/powierzchnia-reklamowa/reklama-mobilna/oswiecim/reklama-mobilna-oswiecim-44933-i-1152,https://reklamap.pl/powierzchnia-reklamowa/reklama-mobilna/oswiecim/reklama-mobilna-oswiecim-44933-i-1152,2026-08-22T03:27:53Z,MOBILE,,
https://reklamap.pl/powierzchnia-reklamowa/reklama-mobilna/oswiecim/reklama-mobilna-oswiecim-44933-i2-1150,PASS,Strona przesłana i zindeksowana,INDEXING_ALLOWED,ALLOWED,SUCCESSFUL,https://reklamap.pl/powierzchnia-reklamowa/reklama-mobilna/oswiecim/reklama-mobilna-oswiecim-44933-i2-1150,https://reklamap.pl/powierzchnia-reklamowa/reklama-mobilna/oswiecim/reklama-mobilna-oswiecim-44933-i2-1150,2026-08-25T04:40:20Z,MOBILE,,
https://reklamap.pl/powierzchnia-reklamowa/reklama-mobilna/oswiecim/reklama-mobilna-oswiecim-ceglana-i1-1115,PASS,Strona przesłana i zindeksowana,INDEXING_ALLOWED,ALLOWED,SUCCESSFUL,https://reklamap.pl/powierzchnia-reklamowa/reklama-mobilna/oswiecim/reklama-mobilna-oswiecim-ceglana-i1-1115,https://reklamap.pl/powierzchnia-reklamowa/reklama-mobilna/oswiecim/reklama-mobilna-oswiecim-ceglana-i1-1115,2026-08-21T17:51:41Z,MOBILE,,
https://reklamap.pl/powierzchnia-reklamowa/reklama-mobilna/oswiecim/reklama-mobilna-oswiecim-ceglana-i2-1116,PASS,Strona przesłana i zindeksowana,INDEXING_ALLOWED,ALLOWED,SUCCESSFUL,https://reklamap.pl/powierzchnia-reklamowa/reklama-mobilna/oswiecim/reklama-mobilna-oswiecim-ceglana-i2-1116,https://reklamap.pl/powierzchnia-reklamowa/reklama-mobilna/oswiecim/reklama-mobilna-oswiecim-ceglana-i2-1116,2026-08-21T17:11:53Z,MOBILE,,
https://reklamap.pl/powierzchnia-reklamowa/reklama-mobilna/oswiecim/reklama-mobilna-oswiecim-garbarska-1130,PASS,Strona przesłana i zindeksowana,INDEXING_ALLOWED,ALLOWED,SUCCESSFUL,https://reklamap.pl/powierzchnia-reklamowa/reklama-mobilna/oswiecim/reklama-mobilna-oswiecim-garbarska-1130,https://reklamap.pl/powierzchnia-reklamowa/reklama-mobilna/oswiecim/reklama-mobilna-oswiecim-garbarska-1130,2026-08-21T16:21:47Z,MOBILE,,
https://reklamap.pl/powierzchnia-reklamowa/reklama-mobilna/oswiecim/reklama-mobilna-oswiecim-garbarska-i2-1131,PASS,Strona przesłana i zindeksowana,INDEXING_ALLOWED,ALLOWED,SUCCESSFUL,https://reklamap.pl/powierzchnia-reklamowa/reklama-mobilna/oswiecim/reklama-mobilna-oswiecim-garbarska-i2-1131,https://reklamap.pl/powierzchnia-reklamowa/reklama-mobilna/oswiecim/reklama-mobilna-oswiecim-garbarska-i2-1131,2026-08-21T16:10:58Z,MOBILE,,
https://reklamap.pl/powierzchnia-reklamowa/reklama-mobilna/oswiecim/reklama-mobilna-oswiecim-jozefa-nojego-1158,PASS,Strona przesłana i zindeksowana,INDEXING_ALLOWED,ALLOWED,SUCCESSFUL,https://reklamap.pl/powierzchnia-reklamowa/reklama-mobilna/oswiecim/reklama-mobilna-oswiecim-jozefa-nojego-1158,https://reklamap.pl/powierzchnia-reklamowa/reklama-mobilna/oswiecim/reklama-mobilna-oswiecim-jozefa-nojego-1158,2026-08-22T02:11:36Z,MOBILE,,
https://reklamap.pl/powierzchnia-reklamowa/reklama-mobilna/oswiecim/reklama-mobilna-oswiecim-jozefa-nojego-i2-1159,PASS,Strona przesłana i zindeksowana,INDEXING_ALLOWED,ALLOWED,SUCCESSFUL,https://reklamap.pl/powierzchnia-reklamowa/reklama-mobilna/oswiecim/reklama-mobilna-oswiecim-jozefa-nojego-i2-1159,https://reklamap.pl/powierzchnia-reklamowa/reklama-mobilna/oswiecim/reklama-mobilna-oswiecim-jozefa-nojego-i2-1159,2026-08-22T19:44:05Z,MOBILE,,
https://reklamap.pl/powierzchnia-reklamowa/reklama-mobilna/oswiecim/reklama-mobilna-oswiecim-krolowej-jadwigi-1143,PASS,Strona przesłana i zindeksowana,INDEXING_ALLOWED,ALLOWED,SUCCESSFUL,https://reklamap.pl/powierzchnia-reklamowa/reklama-mobilna/oswiecim/reklama-mobilna-oswiecim-krolowej-jadwigi-1143,https://reklamap.pl/powierzchnia-reklamowa/reklama-mobilna/oswiecim/reklama-mobilna-oswiecim-krolowej-jadwigi-1143,2026-08-22T19:20:45Z,MOBILE,,
https://reklamap.pl/powierzchnia-reklamowa/reklama-mobilna/oswiecim/reklama-mobilna-oswiecim-krolowej-jadwigi-i2-1145,PASS,Strona przesłana i zindeksowana,INDEXING_ALLOWED,ALLOWED,SUCCESSFUL,https://reklamap.pl/powierzchnia-reklamowa/reklama-mobilna/oswiecim/reklama-mobilna-oswiecim-krolowej-jadwigi-i2-1145,https://reklamap.pl/powierzchnia-reklamowa/reklama-mobilna/oswiecim/reklama-mobilna-oswiecim-krolowej-jadwigi-i2-1145,2026-08-22T20:32:07Z,MOBILE,,
https://reklamap.pl/powierzchnia-reklamowa/reklama-mobilna/oswiecim/reklama-mobilna-oswiecim-krolowej-jadwigi-ii-1148,PASS,Strona przesłana i zindeksowana,INDEXING_ALLOWED,ALLOWED,SUCCESSFUL,https://reklamap.pl/powierzchnia-reklamowa/reklama-mobilna/oswiecim/reklama-mobilna-oswiecim-krolowej-jadwigi-ii-1148,https://reklamap.pl/powierzchnia-reklamowa/reklama-mobilna/oswiecim/reklama-mobilna-oswiecim-krolowej-jadwigi-ii-1148,2026-08-23T04:57:59Z,MOBILE,,
https://reklamap.pl/powierzchnia-reklamowa/reklama-mobilna/oswiecim/reklama-mobilna-oswiecim-krolowej-jadwigi-ii2-1146,PASS,Strona przesłana i zindeksowana,INDEXING_ALLOWED,ALLOWED,SUCCESSFUL,https://reklamap.pl/powierzchnia-reklamowa/reklama-mobilna/oswiecim/reklama-mobilna-oswiecim-krolowej-jadwigi-ii2-1146,https://reklamap.pl/powierzchnia-reklamowa/reklama-mobilna/oswiecim/reklama-mobilna-oswiecim-krolowej-jadwigi-ii2-1146,2026-08-22T19:19:58Z,MOBILE,,
https://reklamap.pl/powierzchnia-reklamowa/reklama-mobilna/oswiecim/reklama-mobilna-oswiecim-krolowej-jadwigi-iii1-1147,PASS,Strona przesłana i zindeksowana,INDEXING_ALLOWED,ALLOWED,SUCCESSFUL,https://reklamap.pl/powierzchnia-reklamowa/reklama-mobilna/oswiecim/reklama-mobilna-oswiecim-krolowej-jadwigi-iii1-1147,https://reklamap.pl/powierzchnia-reklamowa/reklama-mobilna/oswiecim/reklama-mobilna-oswiecim-krolowej-jadwigi-iii1-1147,2026-08-25T02:25:23Z,MOBILE,,
https://reklamap.pl/powierzchnia-reklamowa/reklama-mobilna/oswiecim/reklama-mobilna-oswiecim-krolowej-jadwigi-iii2-1149,PASS,Strona przesłana i zindeksowana,INDEXING_ALLOWED,ALLOWED,SUCCESSFUL,https://reklamap.pl/powierzchnia-reklamowa/reklama-mobilna/oswiecim/reklama-mobilna-oswiecim-krolowej-jadwigi-iii2-1149,https://reklamap.pl/powierzchnia-reklamowa/reklama-mobilna/oswiecim/reklama-mobilna-oswiecim-krolowej-jadwigi-iii2-1149,2026-08-22T19:14:23Z,MOBILE,,
https://reklamap.pl/powierzchnia-reklamowa/reklama-mobilna/oswiecim/reklama-mobilna-oswiecim-legionow-iii1-1153,PASS,Strona przesłana i zindeksowana,INDEXING_ALLOWED,ALLOWED,SUCCESSFUL,https://reklamap.pl/powierzchnia-reklamowa/reklama-mobilna/oswiecim/reklama-mobilna-oswiecim-legionow-iii1-1153,https://reklamap.pl/powierzchnia-reklamowa/reklama-mobilna/oswiecim/reklama-mobilna-oswiecim-legionow-iii1-1153,2026-08-21T14:09:00Z,MOBILE,,
https://reklamap.pl/powierzchnia-reklamowa/reklama-mobilna/oswiecim/reklama-mobilna-oswiecim-legionow-iii2-1154,PASS,Strona przesłana i zindeksowana,INDEXING_ALLOWED,ALLOWED,SUCCESSFUL,https://reklamap.pl/powierzchnia-reklamowa/reklama-mobilna/oswiecim/reklama-mobilna-oswiecim-legionow-iii2-1154,https://reklamap.pl/powierzchnia-reklamowa/reklama-mobilna/oswiecim/reklama-mobilna-oswiecim-legionow-iii2-1154,2026-08-23T02:02:51Z,MOBILE,,
https://reklamap.pl/powierzchnia-reklamowa/reklama-mobilna/oswiecim/reklama-mobilna-oswiecim-legionow-iv1-1155,PASS,Strona przesłana i zindeksowana,INDEXING_ALLOWED,ALLOWED,SUCCESSFUL,https://reklamap.pl/powierzchnia-reklamowa/reklama-mobilna/oswiecim/reklama-mobilna-oswiecim-legionow-iv1-1155,https://reklamap.pl/powierzchnia-reklamowa/reklama-mobilna/oswiecim/reklama-mobilna-oswiecim-legionow-iv1-1155,2026-08-22T02:01:46Z,MOBILE,,
https://reklamap.pl/powierzchnia-reklamowa/reklama-mobilna/oswiecim/reklama-mobilna-oswiecim-legionow-iv2-1160,PASS,Strona przesłana i zindeksowana,INDEXING_ALLOWED,ALLOWED,SUCCESSFUL,https://reklamap.pl/powierzchnia-reklamowa/reklama-mobilna/oswiecim/reklama-mobilna-oswiecim-legionow-iv2-1160,https://reklamap.pl/powierzchnia-reklamowa/reklama-mobilna/oswiecim/reklama-mobilna-oswiecim-legionow-iv2-1160,2026-08-24T11:20:30Z,MOBILE,,
https://reklamap.pl/powierzchnia-reklamowa/reklama-mobilna/oswiecim/reklama-mobilna-oswiecim-marii-konopnickiej-1140,PASS,Strona przesłana i zindeksowana,INDEXING_ALLOWED,ALLOWED,SUCCESSFUL,https://reklamap.pl/powierzchnia-reklamowa/reklama-mobilna/oswiecim/reklama-mobilna-oswiecim-marii-konopnickiej-1140,https://reklamap.pl/powierzchnia-reklamowa/reklama-mobilna/oswiecim/reklama-mobilna-oswiecim-marii-konopnickiej-1140,2026-08-22T19:12:21Z,MOBILE,,
https://reklamap.pl/powierzchnia-reklamowa/reklama-mobilna/oswiecim/reklama-mobilna-oswiecim-marii-konopnickiej-i2-1138,PASS,Strona przesłana i zindeksowana,INDEXING_ALLOWED,ALLOWED,SUCCESSFUL,https://reklamap.pl/powierzchnia-reklamowa/reklama-mobilna/oswiecim/reklama-mobilna-oswiecim-marii-konopnickiej-i2-1138,https://reklamap.pl/powierzchnia-reklamowa/reklama-mobilna/oswiecim/reklama-mobilna-oswiecim-marii-konopnickiej-i2-1138,2026-08-24T19:52:08Z,MOBILE,,
https://reklamap.pl/powierzchnia-reklamowa/reklama-mobilna/oswiecim/reklama-mobilna-oswiecim-powstancow-slaskich-1172,PASS,Strona przesłana i zindeksowana,INDEXING_ALLOWED,ALLOWED,SUCCESSFUL,https://reklamap.pl/powierzchnia-reklamowa/reklama-mobilna/oswiecim/reklama-mobilna-oswiecim-powstancow-slaskich-1172,https://reklamap.pl/powierzchnia-reklamowa/reklama-mobilna/oswiecim/reklama-mobilna-oswiecim-powstancow-slaskich-1172,2026-08-22T19:11:56Z,MOBILE,,
https://reklamap.pl/powierzchnia-reklamowa/reklama-mobilna/oswiecim/reklama-mobilna-oswiecim-wyzwolenia-i-1169,PASS,Strona przesłana i zindeksowana,INDEXING_ALLOWED,ALLOWED,SUCCESSFUL,https://reklamap.pl/powierzchnia-reklamowa/reklama-mobilna/oswiecim/reklama-mobilna-oswiecim-wyzwolenia-i-1169,https://reklamap.pl/powierzchnia-reklamowa/reklama-mobilna/oswiecim/reklama-mobilna-oswiecim-wyzwolenia-i-1169,2026-08-22T19:24:56Z,MOBILE,,
https://reklamap.pl/powierzchnia-reklamowa/reklama-mobilna/oswiecim/reklama-mobilna-oswiecim-wyzwolenia-i2-1170,PASS,Strona przesłana i zindeksowana,INDEXING_ALLOWED,ALLOWED,SUCCESSFUL,https://reklamap.pl/powierzchnia-reklamowa/reklama-mobilna/oswiecim/reklama-mobilna-oswiecim-wyzwolenia-i2-1170,https://reklamap.pl/powierzchnia-reklamowa/reklama-mobilna/oswiecim/reklama-mobilna-oswiecim-wyzwolenia-i2-1170,2026-08-22T19:38:43Z,MOBILE,,
https://reklamap.pl/powierzchnia-reklamowa/reklama-mobilna/trzebinia/reklama-mobilna-trzebinia-tadeusza-kosciuszki-ii1-1181,PASS,Strona przesłana i zindeksowana,INDEXING_ALLOWED,ALLOWED,SUCCESSFUL,https://reklamap.pl/powierzchnia-reklamowa/reklama-mobilna/trzebinia/reklama-mobilna-trzebinia-tadeusza-kosciuszki-ii1-1181,https://reklamap.pl/powierzchnia-reklamowa/reklama-mobilna/trzebinia/reklama-mobilna-trzebinia-tadeusza-kosciuszki-ii1-1181,2026-08-22T20:24:43Z,MOBILE,,
https://reklamap.pl/powierzchnia-reklamowa/reklama-mobilna/trzebinia/reklama-mobilna-trzebinia-tadeusza-kosciuszki-ii2-1182,PASS,Strona przesłana i zindeksowana,INDEXING_ALLOWED,ALLOWED,SUCCESSFUL,https://reklamap.pl/powierzchnia-reklamowa/reklama-mobilna/trzebinia/reklama-mobilna-trzebinia-tadeusza-kosciuszki-ii2-1182,https://reklamap.pl/powierzchnia-reklamowa/reklama-mobilna/trzebinia/reklama-mobilna-trzebinia-tadeusza-kosciuszki-ii2-1182,2026-08-22T20:13:55Z,MOBILE,,
https://reklamap.pl/powierzchnia-reklamowa/reklama-mobilna/tychy/reklama-mobilna-tychy-mikolowska-i1-1185,PASS,Strona przesłana i zindeksowana,INDEXING_ALLOWED,ALLOWED,SUCCESSFUL,https://reklamap.pl/powierzchnia-reklamowa/reklama-mobilna/tychy/reklama-mobilna-tychy-mikolowska-i1-1185,https://reklamap.pl/powierzchnia-reklamowa/reklama-mobilna/tychy/reklama-mobilna-tychy-mikolowska-i1-1185,2026-08-22T19:30:51Z,MOBILE,,
https://reklamap.pl/powierzchnia-reklamowa/reklama-mobilna/tychy/reklama-mobilna-tychy-mikolowska-i2-1186,PASS,Strona przesłana i zindeksowana,INDEXING_ALLOWED,ALLOWED,SUCCESSFUL,https://reklamap.pl/powierzchnia-reklamowa/reklama-mobilna/tychy/reklama-mobilna-tychy-mikolowska-i2-1186,https://reklamap.pl/powierzchnia-reklamowa/reklama-mobilna/tychy/reklama-mobilna-tychy-mikolowska-i2-1186,2026-08-22T19:45:35Z,MOBILE,,
https://reklamap.pl/powierzchnia-reklamowa/reklama-mobilna/tychy/reklama-mobilna-tychy-oswiecimska-i1-1187,PASS,Strona przesłana i zindeksowana,INDEXING_ALLOWED,ALLOWED,SUCCESSFUL,https://reklamap.pl/powierzchnia-reklamowa/reklama-mobilna/tychy/reklama-mobilna-tychy-oswiecimska-i1-1187,https://reklamap.pl/powierzchnia-reklamowa/reklama-mobilna/tychy/reklama-mobilna-tychy-oswiecimska-i1-1187,2026-08-22T19:34:47Z,MOBILE,,
https://reklamap.pl/powierzchnia-reklamowa/reklama-mobilna/tychy/reklama-mobilna-tychy-oswiecimska-i-2-3-1188,PASS,Strona przesłana i zindeksowana,INDEXING_ALLOWED,ALLOWED,SUCCESSFUL,https://reklamap.pl/powierzchnia-reklamowa/reklama-mobilna/tychy/reklama-mobilna-tychy-oswiecimska-i-2-3-1188,https://reklamap.pl/powierzchnia-reklamowa/reklama-mobilna/tychy/reklama-mobilna-tychy-oswiecimska-i-2-3-1188,2026-08-22T19:36:01Z,MOBILE,,
https://reklamap.pl/powierzchnia-reklamowa/reklama-mobilna/tychy/reklama-mobilna-tychy-towarowa-1189,PASS,Strona przesłana i zindeksowana,INDEXING_ALLOWED,ALLOWED,SUCCESSFUL,https://reklamap.pl/powierzchnia-reklamowa/reklama-mobilna/tychy/reklama-mobilna-tychy-towarowa-1189,https://reklamap.pl/powierzchnia-reklamowa/reklama-mobilna/tychy/reklama-mobilna-tychy-towarowa-1189,2026-08-22T19:41:35Z,MOBILE,,
https://reklamap.pl/powierzchnia-reklamowa/reklama-mobilna/tychy/reklama-mobilna-tychy-towarowa-i1-1183,PASS,Strona przesłana i zindeksowana,INDEXING_ALLOWED,ALLOWED,SUCCESSFUL,https://reklamap.pl/powierzchnia-reklamowa/reklama-mobilna/tychy/reklama-mobilna-tychy-towarowa-i1-1183,https://reklamap.pl/powierzchnia-reklamowa/reklama-mobilna/tychy/reklama-mobilna-tychy-towarowa-i1-1183,2026-08-24T21:11:55Z,MOBILE,,
https://reklamap.pl/powierzchnia-reklamowa/reklama-mobilna/tychy/reklama-mobilna-tychy-towarowa-i2-1184,NEUTRAL,"Duplikat, wyszukiwarka Google wybrała inną stronę kanoniczną niż użytkownik",INDEXING_ALLOWED,ALLOWED,SUCCESSFUL,https://reklamap.pl/powierzchnia-reklamowa/reklama-mobilna/tychy/reklama-mobilna-tychy-towarowa-i2-1184,https://reklamap.pl/powierzchnia-reklamowa/reklama-mobilna/tychy/reklama-mobilna-tychy-towarowa-i2-1190,2026-08-24T10:58:04Z,MOBILE,,
https://reklamap.pl/powierzchnia-reklamowa/reklama-mobilna/tychy/reklama-mobilna-tychy-towarowa-i2-1190,PASS,Strona przesłana i zindeksowana,INDEXING_ALLOWED,ALLOWED,SUCCESSFUL,https://reklamap.pl/powierzchnia-reklamowa/reklama-mobilna/tychy/reklama-mobilna-tychy-towarowa-i2-1190,https://reklamap.pl/powierzchnia-reklamowa/reklama-mobilna/tychy/reklama-mobilna-tychy-towarowa-i2-1190,2026-08-22T11:05:56Z,MOBILE,,
https://reklamap.pl/powierzchnia-reklamowa/reklama-mobilna/wadowice/reklama-mobilna-wadowice-marszalka-jozefa-pilsudskiego-i1-1191,PASS,Strona przesłana i zindeksowana,INDEXING_ALLOWED,ALLOWED,SUCCESSFUL,https://reklamap.pl/powierzchnia-reklamowa/reklama-mobilna/wadowice/reklama-mobilna-wadowice-marszalka-jozefa-pilsudskiego-i1-1191,https://reklamap.pl/powierzchnia-reklamowa/reklama-mobilna/wadowice/reklama-mobilna-wadowice-marszalka-jozefa-pilsudskiego-i1-1191,2026-08-22T20:03:29Z,MOBILE,,
https://reklamap.pl/powierzchnia-reklamowa/reklama-mobilna/wadowice/reklama-mobilna-wadowice-marszalka-jozefa-pilsudskiego-i2-1192,PASS,Strona przesłana i zindeksowana,INDEXING_ALLOWED,ALLOWED,SUCCESSFUL,https://reklamap.pl/powierzchnia-reklamowa/reklama-mobilna/wadowice/reklama-mobilna-wadowice-marszalka-jozefa-pilsudskiego-i2-1192,https://reklamap.pl/powierzchnia-reklamowa/reklama-mobilna/wadowice/reklama-mobilna-wadowice-marszalka-jozefa-pilsudskiego-i2-1192,2026-08-22T19:41:52Z,MOBILE,,
https://reklamap.pl/powierzchnia-reklamowa/reklama-mobilna/wieprz/reklama-mobilna-wieprz-beskidzka-2-1199,PASS,Strona przesłana i zindeksowana,INDEXING_ALLOWED,ALLOWED,SUCCESSFUL,https://reklamap.pl/powierzchnia-reklamowa/reklama-mobilna/wieprz/reklama-mobilna-wieprz-beskidzka-2-1199,https://reklamap.pl/powierzchnia-reklamowa/reklama-mobilna/wieprz/reklama-mobilna-wieprz-beskidzka-2-1199,2026-08-22T19:29:18Z,MOBILE,,
https://reklamap.pl/powierzchnia-reklamowa/reklama-mobilna/wieprz/reklama-mobilna-wieprz-beskidzka-ii2-1198,PASS,Strona przesłana i zindeksowana,INDEXING_ALLOWED,ALLOWED,SUCCESSFUL,https://reklamap.pl/powierzchnia-reklamowa/reklama-mobilna/wieprz/reklama-mobilna-wieprz-beskidzka-ii2-1198,https://reklamap.pl/powierzchnia-reklamowa/reklama-mobilna/wieprz/reklama-mobilna-wieprz-beskidzka-ii2-1198,2026-08-22T19:34:25Z,MOBILE,,
https://reklamap.pl/powierzchnia-reklamowa/reklama-mobilna/wroclaw/reklama-mobilna-przyczepa-reklamowa-112,PASS,Strona przesłana i zindeksowana,INDEXING_ALLOWED,ALLOWED,SUCCESSFUL,https://reklamap.pl/powierzchnia-reklamowa/reklama-mobilna/wroclaw/reklama-mobilna-przyczepa-reklamowa-112,https://reklamap.pl/powierzchnia-reklamowa/reklama-mobilna/wroclaw/reklama-mobilna-przyczepa-reklamowa-112,2026-08-27T06:35:19Z,MOBILE,,
https://reklamap.pl/powierzchnia-reklamowa/reklama-mobilna/zator/reklama-mobilna-zator-781-i1-1228,PASS,Strona przesłana i zindeksowana,INDEXING_ALLOWED,ALLOWED,SUCCESSFUL,https://reklamap.pl/powierzchnia-reklamowa/reklama-mobilna/zator/reklama-mobilna-zator-781-i1-1228,https://reklamap.pl/powierzchnia-reklamowa/reklama-mobilna/zator/reklama-mobilna-zator-781-i1-1228,2026-08-24T19:51:54Z,MOBILE,,
https://reklamap.pl/powierzchnia-reklamowa/reklama-mobilna/zator/reklama-mobilna-zator-781-i2-1229,PASS,Strona przesłana i zindeksowana,INDEXING_ALLOWED,ALLOWED,SUCCESSFUL,https://reklamap.pl/powierzchnia-reklamowa/reklama-mobilna/zator/reklama-mobilna-zator-781-i2-1229,https://reklamap.pl/powierzchnia-reklamowa/reklama-mobilna/zator/reklama-mobilna-zator-781-i2-1229,2026-08-22T19:30:31Z,MOBILE,,
https://reklamap.pl/powierzchnia-reklamowa/reklama-mobilna/zator/reklama-mobilna-zator-781-ii1-1231,PASS,Strona przesłana i zindeksowana,INDEXING_ALLOWED,ALLOWED,SUCCESSFUL,https://reklamap.pl/powierzchnia-reklamowa/reklama-mobilna/zator/reklama-mobilna-zator-781-ii1-1231,https://reklamap.pl/powierzchnia-reklamowa/reklama-mobilna/zator/reklama-mobilna-zator-781-ii1-1231,2026-08-22T19:46:57Z,MOBILE,,
https://reklamap.pl/powierzchnia-reklamowa/reklama-mobilna/zator/reklama-mobilna-zator-781-ii2-1230,PASS,Strona przesłana i zindeksowana,INDEXING_ALLOWED,ALLOWED,SUCCESSFUL,https://reklamap.pl/powierzchnia-reklamowa/reklama-mobilna/zator/reklama-mobilna-zator-781-ii2-1230,https://reklamap.pl/powierzchnia-reklamowa/reklama-mobilna/zator/reklama-mobilna-zator-781-ii2-1230,2026-08-22T19:42:07Z,MOBILE,,
https://reklamap.pl/powierzchnia-reklamowa/reklama-mobilna/zator/reklama-mobilna-zator-aleja-1-maja-ii-1205,PASS,Strona przesłana i zindeksowana,INDEXING_ALLOWED,ALLOWED,SUCCESSFUL,https://reklamap.pl/powierzchnia-reklamowa/reklama-mobilna/zator/reklama-mobilna-zator-aleja-1-maja-ii-1205,https://reklamap.pl/powierzchnia-reklamowa/reklama-mobilna/zator/reklama-mobilna-zator-aleja-1-maja-ii-1205,2026-08-22T19:36:47Z,MOBILE,,
https://reklamap.pl/powierzchnia-reklamowa/reklama-mobilna/zator/reklama-mobilna-zator-aleja-1-maja-ii2-1206,PASS,Strona przesłana i zindeksowana,INDEXING_ALLOWED,ALLOWED,SUCCESSFUL,https://reklamap.pl/powierzchnia-reklamowa/reklama-mobilna/zator/reklama-mobilna-zator-aleja-1-maja-ii2-1206,https://reklamap.pl/powierzchnia-reklamowa/reklama-mobilna/zator/reklama-mobilna-zator-aleja-1-maja-ii2-1206,2026-08-22T19:21:24Z,MOBILE,,
https://reklamap.pl/powierzchnia-reklamowa/reklama-mobilna/zator/reklama-mobilna-zator-aleja-1-maja-viii1-1216,PASS,Strona przesłana i zindeksowana,INDEXING_ALLOWED,ALLOWED,SUCCESSFUL,https://reklamap.pl/powierzchnia-reklamowa/reklama-mobilna/zator/reklama-mobilna-zator-aleja-1-maja-viii1-1216,https://reklamap.pl/powierzchnia-reklamowa/reklama-mobilna/zator/reklama-mobilna-zator-aleja-1-maja-viii1-1216,2026-08-22T19:21:00Z,MOBILE,,
https://reklamap.pl/powierzchnia-reklamowa/reklama-mobilna/zator/reklama-mobilna-zator-aleja-1-maja-viii2-1217,PASS,Strona przesłana i zindeksowana,INDEXING_ALLOWED,ALLOWED,SUCCESSFUL,https://reklamap.pl/powierzchnia-reklamowa/reklama-mobilna/zator/reklama-mobilna-zator-aleja-1-maja-viii2-1217,https://reklamap.pl/powierzchnia-reklamowa/reklama-mobilna/zator/reklama-mobilna-zator-aleja-1-maja-viii2-1217,2026-08-22T19:15:56Z,MOBILE,,
https://reklamap.pl/powierzchnia-reklamowa/reklama-mobilna/zator/reklama-mobilna-zator-chrzanowska-iii2-1220,PASS,Strona przesłana i zindeksowana,INDEXING_ALLOWED,ALLOWED,SUCCESSFUL,https://reklamap.pl/powierzchnia-reklamowa/reklama-mobilna/zator/reklama-mobilna-zator-chrzanowska-iii2-1220,https://reklamap.pl/powierzchnia-reklamowa/reklama-mobilna/zator/reklama-mobilna-zator-chrzanowska-iii2-1220,2026-08-22T19:55:53Z,MOBILE,,
https://reklamap.pl/powierzchnia-reklamowa/reklama-mobilna/zywiec/reklama-mobilna-zywiec-945946-1242,PASS,Strona przesłana i zindeksowana,INDEXING_ALLOWED,ALLOWED,SUCCESSFUL,https://reklamap.pl/powierzchnia-reklamowa/reklama-mobilna/zywiec/reklama-mobilna-zywiec-945946-1242,https://reklamap.pl/powierzchnia-reklamowa/reklama-mobilna/zywiec/reklama-mobilna-zywiec-945946-1242,2026-08-24T21:07:40Z,MOBILE,,
https://reklamap.pl/powierzchnia-reklamowa/reklama-mobilna/zywiec/reklama-mobilna-zywiec-945946-i2-1243,NEUTRAL,Adres URL jest Google nieznany,INDEXING_STATE_UNSPECIFIED,ROBOTS_TXT_STATE_UNSPECIFIED,PAGE_FETCH_STATE_UNSPECIFIED,,,,,,
https://reklamap.pl/powierzchnia-reklamowa/reklama-w-transporcie/zielona-gora/przestrzen-reklamowa-na-taxi-107,PASS,Strona przesłana i zindeksowana,INDEXING_ALLOWED,ALLOWED,SUCCESSFUL,https://reklamap.pl/powierzchnia-reklamowa/reklama-w-transporcie/zielona-gora/przestrzen-reklamowa-na-taxi-107,https://reklamap.pl/powierzchnia-reklamowa/reklama-w-transporcie/zielona-gora/przestrzen-reklamowa-na-taxi-107,2026-08-23T06:07:40Z,MOBILE,,
https://reklamap.pl/powierzchnia-reklamowa/sciany-reklamowe/dabrowa-gornicza/bilboard-przy-drodze-1026,PASS,Strona przesłana i zindeksowana,INDEXING_ALLOWED,ALLOWED,SUCCESSFUL,https://reklamap.pl/powierzchnia-reklamowa/sciany-reklamowe/dabrowa-gornicza/bilboard-przy-drodze-1026,https://reklamap.pl/powierzchnia-reklamowa/sciany-reklamowe/dabrowa-gornicza/bilboard-przy-drodze-1026,2026-08-24T17:49:34Z,MOBILE,,
https://reklamap.pl/powierzchnia-reklamowa/sciany-reklamowe/dabrowa-gornicza/powierzchnia-reklamowa-na-elewacji-6-x-10-m-dabrowa-gornicza-centrum-143,PASS,Strona przesłana i zindeksowana,INDEXING_ALLOWED,ALLOWED,SUCCESSFUL,https://reklamap.pl/powierzchnia-reklamowa/sciany-reklamowe/dabrowa-gornicza/powierzchnia-reklamowa-na-elewacji-6-x-10-m-dabrowa-gornicza-centrum-143,https://reklamap.pl/powierzchnia-reklamowa/sciany-reklamowe/dabrowa-gornicza/powierzchnia-reklamowa-na-elewacji-6-x-10-m-dabrowa-gornicza-centrum-143,2026-08-04T12:13:29Z,MOBILE,,
https://reklamap.pl/powierzchnia-reklamowa/sciany-reklamowe/dabrowa-gornicza/powierzchnia-reklamowa-na-elewacji-6-x-10-m-dabrowa-gornicza-huta-bankowa-192,PASS,Strona przesłana i zindeksowana,INDEXING_ALLOWED,ALLOWED,SUCCESSFUL,https://reklamap.pl/powierzchnia-reklamowa/sciany-reklamowe/dabrowa-gornicza/powierzchnia-reklamowa-na-elewacji-6-x-10-m-dabrowa-gornicza-huta-bankowa-192,https://reklamap.pl/powierzchnia-reklamowa/sciany-reklamowe/dabrowa-gornicza/powierzchnia-reklamowa-na-elewacji-6-x-10-m-dabrowa-gornicza-huta-bankowa-192,2026-08-04T08:47:35Z,MOBILE,,
https://reklamap.pl/powierzchnia-reklamowa/sciany-reklamowe/dabrowa-gornicza/powierzchnia-reklamowa-na-elewacji-7-5-x-8-2-m-dabrowa-gornicza-zst-nr-4-technikum-przy-rondzie-136,PASS,Strona przesłana i zindeksowana,INDEXING_ALLOWED,ALLOWED,SUCCESSFUL,https://reklamap.pl/powierzchnia-reklamowa/sciany-reklamowe/dabrowa-gornicza/powierzchnia-reklamowa-na-elewacji-7-5-x-8-2-m-dabrowa-gornicza-zst-nr-4-technikum-przy-rondzie-136,https://reklamap.pl/powierzchnia-reklamowa/sciany-reklamowe/dabrowa-gornicza/powierzchnia-reklamowa-na-elewacji-7-5-x-8-2-m-dabrowa-gornicza-zst-nr-4-technikum-przy-rondzie-136,2026-08-03T16:13:21Z,MOBILE,,
https://reklamap.pl/powierzchnia-reklamowa/sciany-reklamowe/gniezno/powierzchnia-wielkoformatowa-8-54-x-14-6-m-gniezno-roosevelta-957,PASS,Strona przesłana i zindeksowana,INDEXING_ALLOWED,ALLOWED,SUCCESSFUL,https://reklamap.pl/powierzchnia-reklamowa/sciany-reklamowe/gniezno/powierzchnia-wielkoformatowa-8-54-x-14-6-m-gniezno-roosevelta-957,https://reklamap.pl/powierzchnia-reklamowa/sciany-reklamowe/gniezno/powierzchnia-wielkoformatowa-8-54-x-14-6-m-gniezno-roosevelta-957,2026-09-06T10:13:02Z,MOBILE,,
https://reklamap.pl/powierzchnia-reklamowa/sciany-reklamowe/gniezno/powierzchnia-wielkoformatowa-9-3-x-6-4-m-gniezno-os-wladyslawa-lokietka-956,PASS,Strona przesłana i zindeksowana,INDEXING_ALLOWED,ALLOWED,SUCCESSFUL,https://reklamap.pl/powierzchnia-reklamowa/sciany-reklamowe/gniezno/powierzchnia-wielkoformatowa-9-3-x-6-4-m-gniezno-os-wladyslawa-lokietka-956,https://reklamap.pl/powierzchnia-reklamowa/sciany-reklamowe/gniezno/powierzchnia-wielkoformatowa-9-3-x-6-4-m-gniezno-os-wladyslawa-lokietka-956,2026-09-06T08:58:01Z,MOBILE,,
https://reklamap.pl/powierzchnia-reklamowa/sciany-reklamowe/ilza/reklama-przy-747-1245,NEUTRAL,Strona wykryta – obecnie niezindeksowana,INDEXING_STATE_UNSPECIFIED,ROBOTS_TXT_STATE_UNSPECIFIED,PAGE_FETCH_STATE_UNSPECIFIED,,,,CRAWLING_USER_AGENT_UNSPECIFIED,,
https://reklamap.pl/powierzchnia-reklamowa/sciany-reklamowe/koscian/powierzchnia-wielkoformatowa-10-6-x-4-2-m-koscian-centrum-977,PASS,Strona przesłana i zindeksowana,INDEXING_ALLOWED,ALLOWED,SUCCESSFUL,https://reklamap.pl/powierzchnia-reklamowa/sciany-reklamowe/koscian/powierzchnia-wielkoformatowa-10-6-x-4-2-m-koscian-centrum-977,https://reklamap.pl/powierzchnia-reklamowa/sciany-reklamowe/koscian/powierzchnia-wielkoformatowa-10-6-x-4-2-m-koscian-centrum-977,2026-08-21T06:26:46Z,MOBILE,,
https://reklamap.pl/powierzchnia-reklamowa/sciany-reklamowe/koszalin/sciana-reklamowa-centrum-koszalina-oswietlona-78,NEUTRAL,"Strona zeskanowana, ale jeszcze nie zindeksowana",INDEXING_STATE_UNSPECIFIED,ALLOWED,SUCCESSFUL,,,2026-09-06T14:07:18Z,MOBILE,,
https://reklamap.pl/powierzchnia-reklamowa/sciany-reklamowe/koszalin/sciana-reklamowa-oswietlona-traugutta-koszalin-glowna-alteria-81,NEUTRAL,"Strona zeskanowana, ale jeszcze nie zindeksowana",INDEXING_STATE_UNSPECIFIED,ALLOWED,SUCCESSFUL,,,2026-09-07T03:32:22Z,MOBILE,,
https://reklamap.pl/powierzchnia-reklamowa/sciany-reklamowe/koszalin/sciana-skrzyzowanie-traugutta-pilsudskiego-koszalin-oswietlona-82,NEUTRAL,Strona wykryta – obecnie niezindeksowana,INDEXING_STATE_UNSPECIFIED,ROBOTS_TXT_STATE_UNSPECIFIED,PAGE_FETCH_STATE_UNSPECIFIED,,,,CRAWLING_USER_AGENT_UNSPECIFIED,,
https://reklamap.pl/powierzchnia-reklamowa/sciany-reklamowe/koszalin/siatka-reklamowa-135mkw-koszalin-galeria-emka-76,NEUTRAL,Strona wykryta – obecnie niezindeksowana,INDEXING_STATE_UNSPECIFIED,ROBOTS_TXT_STATE_UNSPECIFIED,PAGE_FETCH_STATE_UNSPECIFIED,,,,CRAWLING_USER_AGENT_UNSPECIFIED,,
https://reklamap.pl/powierzchnia-reklamowa/sciany-reklamowe/koszalin/siatka-reklamowa-srodmiescie-koszalina-oswietlona-77,NEUTRAL,Strona wykryta – obecnie niezindeksowana,INDEXING_STATE_UNSPECIFIED,ROBOTS_TXT_STATE_UNSPECIFIED,PAGE_FETCH_STATE_UNSPECIFIED,,,,CRAWLING_USER_AGENT_UNSPECIFIED,,
https://reklamap.pl/powierzchnia-reklamowa/sciany-reklamowe/olsztyn/wynajme-miejsce-pod-reklame-olsztyn-993,PASS,Strona przesłana i zindeksowana,INDEXING_ALLOWED,ALLOWED,SUCCESSFUL,https://reklamap.pl/powierzchnia-reklamowa/sciany-reklamowe/olsztyn/wynajme-miejsce-pod-reklame-olsztyn-993,https://reklamap.pl/powierzchnia-reklamowa/sciany-reklamowe/olsztyn/wynajme-miejsce-pod-reklame-olsztyn-993,2026-08-23T06:05:23Z,MOBILE,,
https://reklamap.pl/powierzchnia-reklamowa/sciany-reklamowe/poznan/powierzchnia-wielkoformatowa-9-75-x-20-m-poznan-dolna-wilda-961,PASS,Strona przesłana i zindeksowana,INDEXING_ALLOWED,ALLOWED,SUCCESSFUL,https://reklamap.pl/powierzchnia-reklamowa/sciany-reklamowe/poznan/powierzchnia-wielkoformatowa-9-75-x-20-m-poznan-dolna-wilda-961,https://reklamap.pl/powierzchnia-reklamowa/sciany-reklamowe/poznan/powierzchnia-wielkoformatowa-9-75-x-20-m-poznan-dolna-wilda-961,2026-07-20T00:22:44Z,MOBILE,,
https://reklamap.pl/powierzchnia-reklamowa/sciany-reklamowe/poznan/powierzchnia-wielkoformatowa-9-x-4-5-m-poznan-boleslawa-krzywoustego-962,PASS,Strona przesłana i zindeksowana,INDEXING_ALLOWED,ALLOWED,SUCCESSFUL,https://reklamap.pl/powierzchnia-reklamowa/sciany-reklamowe/poznan/powierzchnia-wielkoformatowa-9-x-4-5-m-poznan-boleslawa-krzywoustego-962,https://reklamap.pl/powierzchnia-reklamowa/sciany-reklamowe/poznan/powierzchnia-wielkoformatowa-9-x-4-5-m-poznan-boleslawa-krzywoustego-962,2026-07-20T00:41:30Z,MOBILE,,
https://reklamap.pl/powierzchnia-reklamowa/sciany-reklamowe/wroclaw/powierzchnia-wielkoformatowa-10-x-15-m-wroclaw-wielka-952,NEUTRAL,Adres URL jest Google nieznany,INDEXING_STATE_UNSPECIFIED,ROBOTS_TXT_STATE_UNSPECIFIED,PAGE_FETCH_STATE_UNSPECIFIED,,,,,,
https://reklamap.pl/powierzchnia-reklamowa/sciany-reklamowe/wroclaw/powierzchnia-wielkoformatowa-10-x-8-m-wroclaw-komandorska-951,NEUTRAL,Strona wykryta – obecnie niezindeksowana,INDEXING_STATE_UNSPECIFIED,ROBOTS_TXT_STATE_UNSPECIFIED,PAGE_FETCH_STATE_UNSPECIFIED,,,,CRAWLING_USER_AGENT_UNSPECIFIED,,
https://reklamap.pl/powierzchnia-reklamowa/sciany-reklamowe/wroclaw/powierzchnia-wielkoformatowa-10-x-8-m-wroclaw-wielka-953,PASS,Strona przesłana i zindeksowana,INDEXING_ALLOWED,ALLOWED,SUCCESSFUL,https://reklamap.pl/powierzchnia-reklamowa/sciany-reklamowe/wroclaw/powierzchnia-wielkoformatowa-10-x-8-m-wroclaw-wielka-953,https://reklamap.pl/powierzchnia-reklamowa/sciany-reklamowe/wroclaw/powierzchnia-wielkoformatowa-10-x-8-m-wroclaw-wielka-953,2026-08-04T12:12:43Z,MOBILE,,
https://reklamap.pl/powierzchnia-reklamowa/sciany-reklamowe/wroclaw/powierzchnia-wielkoformatowa-4-x-25-m-wroclaw-drukarska-954,PASS,Strona przesłana i zindeksowana,INDEXING_ALLOWED,ALLOWED,SUCCESSFUL,https://reklamap.pl/powierzchnia-reklamowa/sciany-reklamowe/wroclaw/powierzchnia-wielkoformatowa-4-x-25-m-wroclaw-drukarska-954,https://reklamap.pl/powierzchnia-reklamowa/sciany-reklamowe/wroclaw/powierzchnia-wielkoformatowa-4-x-25-m-wroclaw-drukarska-954,2026-08-03T20:26:33Z,MOBILE,,
https://reklamap.pl/powierzchnia-reklamowa/sciany-reklamowe/wroclaw/powierzchnia-wielkoformatowa-4-x-25-m-wroclaw-drukarska-955,NEUTRAL,Adres URL jest Google nieznany,INDEXING_STATE_UNSPECIFIED,ROBOTS_TXT_STATE_UNSPECIFIED,PAGE_FETCH_STATE_UNSPECIFIED,,,,,,
https://reklamap.pl/powierzchnia-reklamowa/sciany-reklamowe/wroclaw/powierzchnia-wielkoformatowa-5-x-12-m-wroclaw-plac-powstancow-slaskich-949,PASS,Strona przesłana i zindeksowana,INDEXING_ALLOWED,ALLOWED,SUCCESSFUL,https://reklamap.pl/powierzchnia-reklamowa/sciany-reklamowe/wroclaw/powierzchnia-wielkoformatowa-5-x-12-m-wroclaw-plac-powstancow-slaskich-949,https://reklamap.pl/powierzchnia-reklamowa/sciany-reklamowe/wroclaw/powierzchnia-wielkoformatowa-5-x-12-m-wroclaw-plac-powstancow-slaskich-949,2026-08-03T17:39:54Z,MOBILE,,
https://reklamap.pl/powierzchnia-reklamowa/sciany-reklamowe/wroclaw/powierzchnia-wielkoformatowa-5-x-12-m-wroclaw-plac-powstancow-slaskich-950,NEUTRAL,Adres URL jest Google nieznany,INDEXING_STATE_UNSPECIFIED,ROBOTS_TXT_STATE_UNSPECIFIED,PAGE_FETCH_STATE_UNSPECIFIED,,,,,,
https://reklamap.pl/powierzchnia-reklamowa/sciany-reklamowe/wrzesnia/powierzchnia-wielkoformatowa-3-4-x-5-8-m-wrzesnia-miloslawska-6-959,PASS,Strona przesłana i zindeksowana,INDEXING_ALLOWED,ALLOWED,SUCCESSFUL,https://reklamap.pl/powierzchnia-reklamowa/sciany-reklamowe/wrzesnia/powierzchnia-wielkoformatowa-3-4-x-5-8-m-wrzesnia-miloslawska-6-959,https://reklamap.pl/powierzchnia-reklamowa/sciany-reklamowe/wrzesnia/powierzchnia-wielkoformatowa-3-4-x-5-8-m-wrzesnia-miloslawska-6-959,2026-07-25T01:54:07Z,MOBILE,,
https://reklamap.pl/powierzchnia-reklamowa/sciany-reklamowe/wrzesnia/powierzchnia-wielkoformatowa-4-65-x-9-85-m-wrzesnia-slowackiego-5-958,PASS,Strona przesłana i zindeksowana,INDEXING_ALLOWED,ALLOWED,SUCCESSFUL,https://reklamap.pl/powierzchnia-reklamowa/sciany-reklamowe/wrzesnia/powierzchnia-wielkoformatowa-4-65-x-9-85-m-wrzesnia-slowackiego-5-958,https://reklamap.pl/powierzchnia-reklamowa/sciany-reklamowe/wrzesnia/powierzchnia-wielkoformatowa-4-65-x-9-85-m-wrzesnia-slowackiego-5-958,2026-08-08T22:38:35Z,MOBILE,,
https://reklamap.pl/powierzchnia-reklamowa/sciany-reklamowe/wrzesnia/powierzchnia-wielkoformatowa-9-65-x-5-25-m-wrzesnia-slowackiego-27-960,NEUTRAL,Strona wykryta – obecnie niezindeksowana,INDEXING_STATE_UNSPECIFIED,ROBOTS_TXT_STATE_UNSPECIFIED,PAGE_FETCH_STATE_UNSPECIFIED,,,,CRAWLING_USER_AGENT_UNSPECIFIED,,
https://reklamap.pl/powierzchnie-reklamowe,PASS,Strona przesłana i zindeksowana,INDEXING_ALLOWED,ALLOWED,SUCCESSFUL,https://reklamap.pl/powierzchnie-reklamowe,https://reklamap.pl/powierzchnie-reklamowe,2026-08-21T22:42:55Z,MOBILE,,
https://reklamap.pl/powierzchnie-reklamowe/andrychow,PASS,Strona przesłana i zindeksowana,INDEXING_ALLOWED,ALLOWED,SUCCESSFUL,https://reklamap.pl/powierzchnie-reklamowe/andrychow,https://reklamap.pl/powierzchnie-reklamowe/andrychow,2026-08-22T22:32:53Z,MOBILE,,
https://reklamap.pl/powierzchnie-reklamowe/banery,PASS,Strona przesłana i zindeksowana,INDEXING_ALLOWED,ALLOWED,SUCCESSFUL,https://reklamap.pl/powierzchnie-reklamowe/banery,https://reklamap.pl/powierzchnie-reklamowe/banery,2026-08-21T22:46:41Z,MOBILE,,
https://reklamap.pl/powierzchnie-reklamowe/bardo,PASS,Strona przesłana i zindeksowana,INDEXING_ALLOWED,ALLOWED,SUCCESSFUL,https://reklamap.pl/powierzchnie-reklamowe/bardo,https://reklamap.pl/powierzchnie-reklamowe/bardo,2026-08-03T20:03:46Z,MOBILE,,
https://reklamap.pl/powierzchnie-reklamowe/bedzin,PASS,Strona przesłana i zindeksowana,INDEXING_ALLOWED,ALLOWED,SUCCESSFUL,https://reklamap.pl/powierzchnie-reklamowe/bedzin,https://reklamap.pl/powierzchnie-reklamowe/bedzin,2026-08-04T09:47:27Z,MOBILE,,
https://reklamap.pl/powierzchnie-reklamowe/biala-podlaska,PASS,Strona przesłana i zindeksowana,INDEXING_ALLOWED,ALLOWED,SUCCESSFUL,https://reklamap.pl/powierzchnie-reklamowe/biala-podlaska,https://reklamap.pl/powierzchnie-reklamowe/biala-podlaska,2026-09-03T05:32:57Z,MOBILE,,
https://reklamap.pl/powierzchnie-reklamowe/bielawa,PASS,Strona przesłana i zindeksowana,INDEXING_ALLOWED,ALLOWED,SUCCESSFUL,https://reklamap.pl/powierzchnie-reklamowe/bielawa,https://reklamap.pl/powierzchnie-reklamowe/bielawa,2026-07-18T01:18:14Z,MOBILE,,
https://reklamap.pl/powierzchnie-reklamowe/bielsko-biala,NEUTRAL,"Strona zeskanowana, ale jeszcze nie zindeksowana",INDEXING_STATE_UNSPECIFIED,ALLOWED,SUCCESSFUL,,,2026-09-05T19:28:21Z,MOBILE,,
https://reklamap.pl/powierzchnie-reklamowe/bierun,PASS,Strona przesłana i zindeksowana,INDEXING_ALLOWED,ALLOWED,SUCCESSFUL,https://reklamap.pl/powierzchnie-reklamowe/bierun,https://reklamap.pl/powierzchnie-reklamowe/bierun,2026-08-22T20:24:13Z,MOBILE,,
https://reklamap.pl/powierzchnie-reklamowe/billboardy,PASS,Strona przesłana i zindeksowana,INDEXING_ALLOWED,ALLOWED,SUCCESSFUL,https://reklamap.pl/powierzchnie-reklamowe/billboardy,https://reklamap.pl/powierzchnie-reklamowe/billboardy,2026-09-02T22:44:35Z,MOBILE,,
https://reklamap.pl/powierzchnie-reklamowe/billboardy/andrychow,NEUTRAL,Adres URL jest Google nieznany,INDEXING_STATE_UNSPECIFIED,ROBOTS_TXT_STATE_UNSPECIFIED,PAGE_FETCH_STATE_UNSPECIFIED,,,,,,
https://reklamap.pl/powierzchnie-reklamowe/billboardy/bardo,PASS,Strona przesłana i zindeksowana,INDEXING_ALLOWED,ALLOWED,SUCCESSFUL,https://reklamap.pl/powierzchnie-reklamowe/billboardy/bardo,https://reklamap.pl/powierzchnie-reklamowe/billboardy/bardo,2026-08-04T05:31:56Z,MOBILE,,
https://reklamap.pl/powierzchnie-reklamowe/billboardy/bedzin,PASS,Strona przesłana i zindeksowana,INDEXING_ALLOWED,ALLOWED,SUCCESSFUL,https://reklamap.pl/powierzchnie-reklamowe/billboardy/bedzin,https://reklamap.pl/powierzchnie-reklamowe/billboardy/bedzin,2026-08-19T23:18:45Z,MOBILE,,
https://reklamap.pl/powierzchnie-reklamowe/billboardy/biala-podlaska,NEUTRAL,Strona wykryta – obecnie niezindeksowana,INDEXING_STATE_UNSPECIFIED,ROBOTS_TXT_STATE_UNSPECIFIED,PAGE_FETCH_STATE_UNSPECIFIED,,,,CRAWLING_USER_AGENT_UNSPECIFIED,,
https://reklamap.pl/powierzchnie-reklamowe/billboardy/bielawa,PASS,Strona przesłana i zindeksowana,INDEXING_ALLOWED,ALLOWED,SUCCESSFUL,https://reklamap.pl/powierzchnie-reklamowe/billboardy/bielawa,https://reklamap.pl/powierzchnie-reklamowe/billboardy/bielawa,2026-08-23T23:01:39Z,MOBILE,,
https://reklamap.pl/powierzchnie-reklamowe/billboardy/bierun,PASS,Strona przesłana i zindeksowana,INDEXING_ALLOWED,ALLOWED,SUCCESSFUL,https://reklamap.pl/powierzchnie-reklamowe/billboardy/bierun,https://reklamap.pl/powierzchnie-reklamowe/billboardy/bierun,2026-08-22T15:25:15Z,MOBILE,,
https://reklamap.pl/powierzchnie-reklamowe/billboardy/braszowice,PASS,Strona przesłana i zindeksowana,INDEXING_ALLOWED,ALLOWED,SUCCESSFUL,https://reklamap.pl/powierzchnie-reklamowe/billboardy/braszowice,https://reklamap.pl/powierzchnie-reklamowe/billboardy/braszowice,2026-08-21T03:45:06Z,MOBILE,,
https://reklamap.pl/powierzchnie-reklamowe/billboardy/brzeszcze,NEUTRAL,Adres URL jest Google nieznany,INDEXING_STATE_UNSPECIFIED,ROBOTS_TXT_STATE_UNSPECIFIED,PAGE_FETCH_STATE_UNSPECIFIED,,,,,,
https://reklamap.pl/powierzchnie-reklamowe/billboardy/bystrzyca-klodzka,PASS,Strona przesłana i zindeksowana,INDEXING_ALLOWED,ALLOWED,SUCCESSFUL,https://reklamap.pl/powierzchnie-reklamowe/billboardy/bystrzyca-klodzka,https://reklamap.pl/powierzchnie-reklamowe/billboardy/bystrzyca-klodzka,2026-08-23T17:45:05Z,MOBILE,,
https://reklamap.pl/powierzchnie-reklamowe/billboardy/chlapowo-1,PASS,Strona przesłana i zindeksowana,INDEXING_ALLOWED,ALLOWED,SUCCESSFUL,https://reklamap.pl/powierzchnie-reklamowe/billboardy/chlapowo-1,https://reklamap.pl/powierzchnie-reklamowe/billboardy/chlapowo-1,2026-08-04T01:14:29Z,MOBILE,,
https://reklamap.pl/powierzchnie-reklamowe/billboardy/chlapowo-2,PASS,Strona przesłana i zindeksowana,INDEXING_ALLOWED,ALLOWED,SUCCESSFUL,https://reklamap.pl/powierzchnie-reklamowe/billboardy/chlapowo-2,https://reklamap.pl/powierzchnie-reklamowe/billboardy/chlapowo-2,2026-08-03T22:41:16Z,MOBILE,,
https://reklamap.pl/powierzchnie-reklamowe/billboardy/chrzanow,NEUTRAL,"Strona zeskanowana, ale jeszcze nie zindeksowana",INDEXING_STATE_UNSPECIFIED,ALLOWED,SUCCESSFUL,,,2026-06-11T22:06:56Z,MOBILE,,
https://reklamap.pl/powierzchnie-reklamowe/billboardy/chwaszczyno,NEUTRAL,Strona wykryta – obecnie niezindeksowana,INDEXING_STATE_UNSPECIFIED,ROBOTS_TXT_STATE_UNSPECIFIED,PAGE_FETCH_STATE_UNSPECIFIED,,,,CRAWLING_USER_AGENT_UNSPECIFIED,,
https://reklamap.pl/powierzchnie-reklamowe/billboardy/czeladz,PASS,Strona przesłana i zindeksowana,INDEXING_ALLOWED,ALLOWED,SUCCESSFUL,https://reklamap.pl/powierzchnie-reklamowe/billboardy/czeladz,https://reklamap.pl/powierzchnie-reklamowe/billboardy/czeladz,2026-08-24T06:59:56Z,MOBILE,,
https://reklamap.pl/powierzchnie-reklamowe/billboardy/dabrowa-gornicza,PASS,Strona przesłana i zindeksowana,INDEXING_ALLOWED,ALLOWED,SUCCESSFUL,https://reklamap.pl/powierzchnie-reklamowe/billboardy/dabrowa-gornicza,https://reklamap.pl/powierzchnie-reklamowe/billboardy/dabrowa-gornicza,2026-08-23T05:55:23Z,MOBILE,,
https://reklamap.pl/powierzchnie-reklamowe/billboardy/dzierzoniow,PASS,Strona przesłana i zindeksowana,INDEXING_ALLOWED,ALLOWED,SUCCESSFUL,https://reklamap.pl/powierzchnie-reklamowe/billboardy/dzierzoniow,https://reklamap.pl/powierzchnie-reklamowe/billboardy/dzierzoniow,2026-08-26T04:58:43Z,MOBILE,,
https://reklamap.pl/powierzchnie-reklamowe/billboardy/glebowice,PASS,Strona przesłana i zindeksowana,INDEXING_ALLOWED,ALLOWED,SUCCESSFUL,https://reklamap.pl/powierzchnie-reklamowe/billboardy/glebowice,https://reklamap.pl/powierzchnie-reklamowe/billboardy/glebowice,2026-08-24T10:52:35Z,MOBILE,,
https://reklamap.pl/powierzchnie-reklamowe/billboardy/jaworzno,PASS,Strona przesłana i zindeksowana,INDEXING_ALLOWED,ALLOWED,SUCCESSFUL,https://reklamap.pl/powierzchnie-reklamowe/billboardy/jaworzno,https://reklamap.pl/powierzchnie-reklamowe/billboardy/jaworzno,2026-08-04T14:53:25Z,MOBILE,,
https://reklamap.pl/powierzchnie-reklamowe/billboardy/jordanow-slaski,PASS,Strona przesłana i zindeksowana,INDEXING_ALLOWED,ALLOWED,SUCCESSFUL,https://reklamap.pl/powierzchnie-reklamowe/billboardy/jordanow-slaski,https://reklamap.pl/powierzchnie-reklamowe/billboardy/jordanow-slaski,2026-08-23T23:01:31Z,MOBILE,,
https://reklamap.pl/powierzchnie-reklamowe/billboardy/katowice,PASS,Strona przesłana i zindeksowana,INDEXING_ALLOWED,ALLOWED,SUCCESSFUL,https://reklamap.pl/powierzchnie-reklamowe/billboardy/katowice,https://reklamap.pl/powierzchnie-reklamowe/billboardy/katowice,2026-07-24T18:23:52Z,MOBILE,,
https://reklamap.pl/powierzchnie-reklamowe/billboardy/klodzko,PASS,Strona przesłana i zindeksowana,INDEXING_ALLOWED,ALLOWED,SUCCESSFUL,https://reklamap.pl/powierzchnie-reklamowe/billboardy/klodzko,https://reklamap.pl/powierzchnie-reklamowe/billboardy/klodzko,2026-08-25T11:37:06Z,MOBILE,,
https://reklamap.pl/powierzchnie-reklamowe/billboardy/kolobrzeg,PASS,Strona przesłana i zindeksowana,INDEXING_ALLOWED,ALLOWED,SUCCESSFUL,https://reklamap.pl/powierzchnie-reklamowe/billboardy/kolobrzeg,https://reklamap.pl/powierzchnie-reklamowe/billboardy/kolobrzeg,2026-08-23T05:50:19Z,MOBILE,,
https://reklamap.pl/powierzchnie-reklamowe/billboardy/koszalin,PASS,Strona przesłana i zindeksowana,INDEXING_ALLOWED,ALLOWED,SUCCESSFUL,https://reklamap.pl/powierzchnie-reklamowe/billboardy/koszalin,https://reklamap.pl/powierzchnie-reklamowe/billboardy/koszalin,2026-08-23T23:02:49Z,MOBILE,,
https://reklamap.pl/powierzchnie-reklamowe/billboardy/krosnowice,PASS,Strona przesłana i zindeksowana,INDEXING_ALLOWED,ALLOWED,SUCCESSFUL,https://reklamap.pl/powierzchnie-reklamowe/billboardy/krosnowice,https://reklamap.pl/powierzchnie-reklamowe/billboardy/krosnowice,2026-08-03T20:11:44Z,MOBILE,,
https://reklamap.pl/powierzchnie-reklamowe/billboardy/kudowa-zdroj,PASS,Strona przesłana i zindeksowana,INDEXING_ALLOWED,ALLOWED,SUCCESSFUL,https://reklamap.pl/powierzchnie-reklamowe/billboardy/kudowa-zdroj,https://reklamap.pl/powierzchnie-reklamowe/billboardy/kudowa-zdroj,2026-08-23T23:00:56Z,MOBILE,,
https://reklamap.pl/powierzchnie-reklamowe/billboardy/lagiewniki,PASS,Strona przesłana i zindeksowana,INDEXING_ALLOWED,ALLOWED,SUCCESSFUL,https://reklamap.pl/powierzchnie-reklamowe/billboardy/lagiewniki,https://reklamap.pl/powierzchnie-reklamowe/billboardy/lagiewniki,2026-07-17T17:38:10Z,MOBILE,,
https://reklamap.pl/powierzchnie-reklamowe/billboardy/leki,PASS,Strona przesłana i zindeksowana,INDEXING_ALLOWED,ALLOWED,SUCCESSFUL,https://reklamap.pl/powierzchnie-reklamowe/billboardy/leki,https://reklamap.pl/powierzchnie-reklamowe/billboardy/leki,2026-08-24T19:37:37Z,MOBILE,,
https://reklamap.pl/powierzchnie-reklamowe/billboardy/lubowidza,NEUTRAL,Strona wykryta – obecnie niezindeksowana,INDEXING_STATE_UNSPECIFIED,ROBOTS_TXT_STATE_UNSPECIFIED,PAGE_FETCH_STATE_UNSPECIFIED,,,,CRAWLING_USER_AGENT_UNSPECIFIED,,
https://reklamap.pl/powierzchnie-reklamowe/billboardy/magnice,PASS,Strona przesłana i zindeksowana,INDEXING_ALLOWED,ALLOWED,SUCCESSFUL,https://reklamap.pl/powierzchnie-reklamowe/billboardy/magnice,https://reklamap.pl/powierzchnie-reklamowe/billboardy/magnice,2026-08-04T06:12:31Z,MOBILE,,
https://reklamap.pl/powierzchnie-reklamowe/billboardy/makow-mazowiecki,NEUTRAL,Strona wykryta – obecnie niezindeksowana,INDEXING_STATE_UNSPECIFIED,ROBOTS_TXT_STATE_UNSPECIFIED,PAGE_FETCH_STATE_UNSPECIFIED,,,,CRAWLING_USER_AGENT_UNSPECIFIED,,
https://reklamap.pl/powierzchnie-reklamowe/billboardy/mala-gorka,PASS,Strona przesłana i zindeksowana,INDEXING_ALLOWED,ALLOWED,SUCCESSFUL,https://reklamap.pl/powierzchnie-reklamowe/billboardy/mala-gorka,https://reklamap.pl/powierzchnie-reklamowe/billboardy/mala-gorka,2026-08-04T02:19:46Z,MOBILE,,
https://reklamap.pl/powierzchnie-reklamowe/billboardy/mscice,PASS,Strona przesłana i zindeksowana,INDEXING_ALLOWED,ALLOWED,SUCCESSFUL,https://reklamap.pl/powierzchnie-reklamowe/billboardy/mscice,https://reklamap.pl/powierzchnie-reklamowe/billboardy/mscice,2026-08-03T20:23:55Z,MOBILE,,
https://reklamap.pl/powierzchnie-reklamowe/billboardy/myslowice,NEUTRAL,"Strona zeskanowana, ale jeszcze nie zindeksowana",INDEXING_STATE_UNSPECIFIED,ALLOWED,SUCCESSFUL,,,2026-09-06T22:18:02Z,MOBILE,,
https://reklamap.pl/powierzchnie-reklamowe/billboardy/nagradowice,PASS,Strona przesłana i zindeksowana,INDEXING_ALLOWED,ALLOWED,SUCCESSFUL,https://reklamap.pl/powierzchnie-reklamowe/billboardy/nagradowice,https://reklamap.pl/powierzchnie-reklamowe/billboardy/nagradowice,2026-08-04T07:51:22Z,MOBILE,,
https://reklamap.pl/powierzchnie-reklamowe/billboardy/nowa-ruda,PASS,Strona przesłana i zindeksowana,INDEXING_ALLOWED,ALLOWED,SUCCESSFUL,https://reklamap.pl/powierzchnie-reklamowe/billboardy/nowa-ruda,https://reklamap.pl/powierzchnie-reklamowe/billboardy/nowa-ruda,2026-08-21T14:58:00Z,MOBILE,,
https://reklamap.pl/powierzchnie-reklamowe/billboardy/olsztyn,NEUTRAL,Adres URL jest Google nieznany,INDEXING_STATE_UNSPECIFIED,ROBOTS_TXT_STATE_UNSPECIFIED,PAGE_FETCH_STATE_UNSPECIFIED,,,,,,
https://reklamap.pl/powierzchnie-reklamowe/billboardy/ostrowik,NEUTRAL,Adres URL jest Google nieznany,INDEXING_STATE_UNSPECIFIED,ROBOTS_TXT_STATE_UNSPECIFIED,PAGE_FETCH_STATE_UNSPECIFIED,,,,,,
https://reklamap.pl/powierzchnie-reklamowe/billboardy/oswiecim,PASS,Strona przesłana i zindeksowana,INDEXING_ALLOWED,ALLOWED,SUCCESSFUL,https://reklamap.pl/powierzchnie-reklamowe/billboardy/oswiecim,https://reklamap.pl/powierzchnie-reklamowe/billboardy/oswiecim,2026-08-21T15:28:12Z,MOBILE,,
https://reklamap.pl/powierzchnie-reklamowe/billboardy/ozarow-mazowiecki,NEUTRAL,Adres URL jest Google nieznany,INDEXING_STATE_UNSPECIFIED,ROBOTS_TXT_STATE_UNSPECIFIED,PAGE_FETCH_STATE_UNSPECIFIED,,,,,,
https://reklamap.pl/powierzchnie-reklamowe/billboardy/paczkow,PASS,Strona przesłana i zindeksowana,INDEXING_ALLOWED,ALLOWED,SUCCESSFUL,https://reklamap.pl/powierzchnie-reklamowe/billboardy/paczkow,https://reklamap.pl/powierzchnie-reklamowe/billboardy/paczkow,2026-08-03T20:11:27Z,MOBILE,,
https://reklamap.pl/powierzchnie-reklamowe/billboardy/polanica-zdroj,PASS,Strona przesłana i zindeksowana,INDEXING_ALLOWED,ALLOWED,SUCCESSFUL,https://reklamap.pl/powierzchnie-reklamowe/billboardy/polanica-zdroj,https://reklamap.pl/powierzchnie-reklamowe/billboardy/polanica-zdroj,2026-07-18T09:02:03Z,MOBILE,,
https://reklamap.pl/powierzchnie-reklamowe/billboardy/powodow-trzeci,PASS,Strona przesłana i zindeksowana,INDEXING_ALLOWED,ALLOWED,SUCCESSFUL,https://reklamap.pl/powierzchnie-reklamowe/billboardy/powodow-trzeci,https://reklamap.pl/powierzchnie-reklamowe/billboardy/powodow-trzeci,2026-08-04T09:08:01Z,MOBILE,,
https://reklamap.pl/powierzchnie-reklamowe/billboardy/poznan,NEUTRAL,Adres URL jest Google nieznany,INDEXING_STATE_UNSPECIFIED,ROBOTS_TXT_STATE_UNSPECIFIED,PAGE_FETCH_STATE_UNSPECIFIED,,,,,,
https://reklamap.pl/powierzchnie-reklamowe/billboardy/przeciszow,PASS,Strona przesłana i zindeksowana,INDEXING_ALLOWED,ALLOWED,SUCCESSFUL,https://reklamap.pl/powierzchnie-reklamowe/billboardy/przeciszow,https://reklamap.pl/powierzchnie-reklamowe/billboardy/przeciszow,2026-08-24T19:36:53Z,MOBILE,,
https://reklamap.pl/powierzchnie-reklamowe/billboardy/radom,PASS,Strona przesłana i zindeksowana,INDEXING_ALLOWED,ALLOWED,SUCCESSFUL,https://reklamap.pl/powierzchnie-reklamowe/billboardy/radom,https://reklamap.pl/powierzchnie-reklamowe/billboardy/radom,2026-08-04T11:04:43Z,MOBILE,,
https://reklamap.pl/powierzchnie-reklamowe/billboardy/sosnowiec,NEUTRAL,"Strona zeskanowana, ale jeszcze nie zindeksowana",INDEXING_STATE_UNSPECIFIED,ALLOWED,SUCCESSFUL,,,2026-09-06T10:22:05Z,MOBILE,,
https://reklamap.pl/powierzchnie-reklamowe/billboardy/szalejow-gorny,PASS,Strona przesłana i zindeksowana,INDEXING_ALLOWED,ALLOWED,SUCCESSFUL,https://reklamap.pl/powierzchnie-reklamowe/billboardy/szalejow-gorny,https://reklamap.pl/powierzchnie-reklamowe/billboardy/szalejow-gorny,2026-09-04T21:06:48Z,MOBILE,,
https://reklamap.pl/powierzchnie-reklamowe/billboardy/szczytna,PASS,Strona przesłana i zindeksowana,INDEXING_ALLOWED,ALLOWED,SUCCESSFUL,https://reklamap.pl/powierzchnie-reklamowe/billboardy/szczytna,https://reklamap.pl/powierzchnie-reklamowe/billboardy/szczytna,2026-07-27T09:01:43Z,MOBILE,,
https://reklamap.pl/powierzchnie-reklamowe/billboardy/szklary-huta,PASS,Strona przesłana i zindeksowana,INDEXING_ALLOWED,ALLOWED,SUCCESSFUL,https://reklamap.pl/powierzchnie-reklamowe/billboardy/szklary-huta,https://reklamap.pl/powierzchnie-reklamowe/billboardy/szklary-huta,2026-08-03T17:15:53Z,MOBILE,,
https://reklamap.pl/powierzchnie-reklamowe/billboardy/trzebieszowice,PASS,Strona przesłana i zindeksowana,INDEXING_ALLOWED,ALLOWED,SUCCESSFUL,https://reklamap.pl/powierzchnie-reklamowe/billboardy/trzebieszowice,https://reklamap.pl/powierzchnie-reklamowe/billboardy/trzebieszowice,2026-08-03T16:21:19Z,MOBILE,,
https://reklamap.pl/powierzchnie-reklamowe/billboardy/wilkow-wielki,PASS,Strona przesłana i zindeksowana,INDEXING_ALLOWED,ALLOWED,SUCCESSFUL,https://reklamap.pl/powierzchnie-reklamowe/billboardy/wilkow-wielki,https://reklamap.pl/powierzchnie-reklamowe/billboardy/wilkow-wielki,2026-09-03T12:09:46Z,MOBILE,,
https://reklamap.pl/powierzchnie-reklamowe/billboardy/wroclaw,NEUTRAL,Adres URL jest Google nieznany,INDEXING_STATE_UNSPECIFIED,ROBOTS_TXT_STATE_UNSPECIFIED,PAGE_FETCH_STATE_UNSPECIFIED,,,,,,
https://reklamap.pl/powierzchnie-reklamowe/billboardy/zabkowice,PASS,Strona przesłana i zindeksowana,INDEXING_ALLOWED,ALLOWED,SUCCESSFUL,https://reklamap.pl/powierzchnie-reklamowe/billboardy/zabkowice,https://reklamap.pl/powierzchnie-reklamowe/billboardy/zabkowice,2026-07-25T19:21:33Z,MOBILE,,
https://reklamap.pl/powierzchnie-reklamowe/billboardy/zabkowice-slaskie,PASS,Strona przesłana i zindeksowana,INDEXING_ALLOWED,ALLOWED,SUCCESSFUL,https://reklamap.pl/powierzchnie-reklamowe/billboardy/zabkowice-slaskie,https://reklamap.pl/powierzchnie-reklamowe/billboardy/zabkowice-slaskie,2026-08-23T23:00:40Z,MOBILE,,
https://reklamap.pl/powierzchnie-reklamowe/billboardy/zator,PASS,Strona przesłana i zindeksowana,INDEXING_ALLOWED,ALLOWED,SUCCESSFUL,https://reklamap.pl/powierzchnie-reklamowe/billboardy/zator,https://reklamap.pl/powierzchnie-reklamowe/billboardy/zator,2026-08-21T16:00:16Z,MOBILE,,
https://reklamap.pl/powierzchnie-reklamowe/billboardy/zawiercie,NEUTRAL,Adres URL jest Google nieznany,INDEXING_STATE_UNSPECIFIED,ROBOTS_TXT_STATE_UNSPECIFIED,PAGE_FETCH_STATE_UNSPECIFIED,,,,,,
https://reklamap.pl/powierzchnie-reklamowe/billboardy/zelazno,PASS,Strona przesłana i zindeksowana,INDEXING_ALLOWED,ALLOWED,SUCCESSFUL,https://reklamap.pl/powierzchnie-reklamowe/billboardy/zelazno,https://reklamap.pl/powierzchnie-reklamowe/billboardy/zelazno,2026-08-23T17:46:26Z,MOBILE,,
https://reklamap.pl/powierzchnie-reklamowe/billboardy/ziebice,PASS,Strona przesłana i zindeksowana,INDEXING_ALLOWED,ALLOWED,SUCCESSFUL,https://reklamap.pl/powierzchnie-reklamowe/billboardy/ziebice,https://reklamap.pl/powierzchnie-reklamowe/billboardy/ziebice,2026-08-03T22:47:46Z,MOBILE,,
https://reklamap.pl/powierzchnie-reklamowe/billboardy/zimin,NEUTRAL,Strona wykryta – obecnie niezindeksowana,INDEXING_STATE_UNSPECIFIED,ROBOTS_TXT_STATE_UNSPECIFIED,PAGE_FETCH_STATE_UNSPECIFIED,,,,CRAWLING_USER_AGENT_UNSPECIFIED,,
https://reklamap.pl/powierzchnie-reklamowe/billboardy/zloty-stok,PASS,Strona przesłana i zindeksowana,INDEXING_ALLOWED,ALLOWED,SUCCESSFUL,https://reklamap.pl/powierzchnie-reklamowe/billboardy/zloty-stok,https://reklamap.pl/powierzchnie-reklamowe/billboardy/zloty-stok,2026-08-04T03:05:46Z,MOBILE,,
https://reklamap.pl/powierzchnie-reklamowe/braszowice,PASS,Strona przesłana i zindeksowana,INDEXING_ALLOWED,ALLOWED,SUCCESSFUL,https://reklamap.pl/powierzchnie-reklamowe/braszowice,https://reklamap.pl/powierzchnie-reklamowe/braszowice,2026-08-03T21:44:22Z,MOBILE,,
https://reklamap.pl/powierzchnie-reklamowe/brzeszcze,PASS,Strona przesłana i zindeksowana,INDEXING_ALLOWED,ALLOWED,SUCCESSFUL,https://reklamap.pl/powierzchnie-reklamowe/brzeszcze,https://reklamap.pl/powierzchnie-reklamowe/brzeszcze,2026-08-21T16:52:08Z,MOBILE,,
https://reklamap.pl/powierzchnie-reklamowe/bystrzyca-klodzka,PASS,Strona przesłana i zindeksowana,INDEXING_ALLOWED,ALLOWED,SUCCESSFUL,https://reklamap.pl/powierzchnie-reklamowe/bystrzyca-klodzka,https://reklamap.pl/powierzchnie-reklamowe/bystrzyca-klodzka,2026-08-03T21:42:37Z,MOBILE,,
https://reklamap.pl/powierzchnie-reklamowe/chlapowo-1,PASS,Strona przesłana i zindeksowana,INDEXING_ALLOWED,ALLOWED,SUCCESSFUL,https://reklamap.pl/powierzchnie-reklamowe/chlapowo-1,https://reklamap.pl/powierzchnie-reklamowe/chlapowo-1,2026-08-03T14:20:02Z,MOBILE,,
https://reklamap.pl/powierzchnie-reklamowe/chlapowo-2,PASS,Strona przesłana i zindeksowana,INDEXING_ALLOWED,ALLOWED,SUCCESSFUL,https://reklamap.pl/powierzchnie-reklamowe/chlapowo-2,https://reklamap.pl/powierzchnie-reklamowe/chlapowo-2,2026-07-24T20:17:04Z,MOBILE,,
https://reklamap.pl/powierzchnie-reklamowe/chrzanow,PASS,Strona przesłana i zindeksowana,INDEXING_ALLOWED,ALLOWED,SUCCESSFUL,https://reklamap.pl/powierzchnie-reklamowe/chrzanow,https://reklamap.pl/powierzchnie-reklamowe/chrzanow,2026-08-04T01:09:15Z,MOBILE,,
https://reklamap.pl/powierzchnie-reklamowe/chwaszczyno,PASS,Strona przesłana i zindeksowana,INDEXING_ALLOWED,ALLOWED,SUCCESSFUL,https://reklamap.pl/powierzchnie-reklamowe/chwaszczyno,https://reklamap.pl/powierzchnie-reklamowe/chwaszczyno,2026-09-05T11:36:33Z,MOBILE,,
https://reklamap.pl/powierzchnie-reklamowe/citylighty,PASS,Strona przesłana i zindeksowana,INDEXING_ALLOWED,ALLOWED,SUCCESSFUL,https://reklamap.pl/powierzchnie-reklamowe/citylighty,https://reklamap.pl/powierzchnie-reklamowe/citylighty,2026-08-26T23:31:30Z,MOBILE,,
https://reklamap.pl/powierzchnie-reklamowe/citylighty/kalisz,NEUTRAL,Adres URL jest Google nieznany,INDEXING_STATE_UNSPECIFIED,ROBOTS_TXT_STATE_UNSPECIFIED,PAGE_FETCH_STATE_UNSPECIFIED,,,,,,
https://reklamap.pl/powierzchnie-reklamowe/citylighty/poznan,PASS,Strona przesłana i zindeksowana,INDEXING_ALLOWED,ALLOWED,SUCCESSFUL,https://reklamap.pl/powierzchnie-reklamowe/citylighty/poznan,https://reklamap.pl/powierzchnie-reklamowe/citylighty/poznan,2026-08-23T05:33:40Z,MOBILE,,
https://reklamap.pl/powierzchnie-reklamowe/czeladz,NEUTRAL,Strona wykryta – obecnie niezindeksowana,INDEXING_STATE_UNSPECIFIED,ROBOTS_TXT_STATE_UNSPECIFIED,PAGE_FETCH_STATE_UNSPECIFIED,,,,CRAWLING_USER_AGENT_UNSPECIFIED,,
https://reklamap.pl/powierzchnie-reklamowe/dabrowa-gornicza,PASS,Strona przesłana i zindeksowana,INDEXING_ALLOWED,ALLOWED,SUCCESSFUL,https://reklamap.pl/powierzchnie-reklamowe/dabrowa-gornicza,https://reklamap.pl/powierzchnie-reklamowe/dabrowa-gornicza,2026-07-25T05:05:16Z,MOBILE,,
https://reklamap.pl/powierzchnie-reklamowe/dzierzoniow,PASS,Strona przesłana i zindeksowana,INDEXING_ALLOWED,ALLOWED,SUCCESSFUL,https://reklamap.pl/powierzchnie-reklamowe/dzierzoniow,https://reklamap.pl/powierzchnie-reklamowe/dzierzoniow,2026-08-23T05:47:11Z,MOBILE,,
https://reklamap.pl/powierzchnie-reklamowe/ekrany-led,PASS,Strona przesłana i zindeksowana,INDEXING_ALLOWED,ALLOWED,SUCCESSFUL,https://reklamap.pl/powierzchnie-reklamowe/ekrany-led,https://reklamap.pl/powierzchnie-reklamowe/ekrany-led,2026-09-01T05:58:50Z,MOBILE,,
https://reklamap.pl/powierzchnie-reklamowe/ekrany-led/olsztyn,NEUTRAL,Adres URL jest Google nieznany,INDEXING_STATE_UNSPECIFIED,ROBOTS_TXT_STATE_UNSPECIFIED,PAGE_FETCH_STATE_UNSPECIFIED,,,,,,
https://reklamap.pl/powierzchnie-reklamowe/glebowice,PASS,Strona przesłana i zindeksowana,INDEXING_ALLOWED,ALLOWED,SUCCESSFUL,https://reklamap.pl/powierzchnie-reklamowe/glebowice,https://reklamap.pl/powierzchnie-reklamowe/glebowice,2026-08-24T03:02:08Z,MOBILE,,
https://reklamap.pl/powierzchnie-reklamowe/gniezno,PASS,Strona przesłana i zindeksowana,INDEXING_ALLOWED,ALLOWED,SUCCESSFUL,https://reklamap.pl/powierzchnie-reklamowe/gniezno,https://reklamap.pl/powierzchnie-reklamowe/gniezno,2026-08-03T14:40:27Z,MOBILE,,
https://reklamap.pl/powierzchnie-reklamowe/jaworzno,PASS,Strona przesłana i zindeksowana,INDEXING_ALLOWED,ALLOWED,SUCCESSFUL,https://reklamap.pl/powierzchnie-reklamowe/jaworzno,https://reklamap.pl/powierzchnie-reklamowe/jaworzno,2026-08-03T20:22:06Z,MOBILE,,
https://reklamap.pl/powierzchnie-reklamowe/jordanow-slaski,PASS,Strona przesłana i zindeksowana,INDEXING_ALLOWED,ALLOWED,SUCCESSFUL,https://reklamap.pl/powierzchnie-reklamowe/jordanow-slaski,https://reklamap.pl/powierzchnie-reklamowe/jordanow-slaski,2026-08-27T03:54:53Z,MOBILE,,
https://reklamap.pl/powierzchnie-reklamowe/kalisz,NEUTRAL,Strona wykryta – obecnie niezindeksowana,INDEXING_STATE_UNSPECIFIED,ROBOTS_TXT_STATE_UNSPECIFIED,PAGE_FETCH_STATE_UNSPECIFIED,,,,CRAWLING_USER_AGENT_UNSPECIFIED,,
https://reklamap.pl/powierzchnie-reklamowe/katowice,PASS,Strona przesłana i zindeksowana,INDEXING_ALLOWED,ALLOWED,SUCCESSFUL,https://reklamap.pl/powierzchnie-reklamowe/katowice,https://reklamap.pl/powierzchnie-reklamowe/katowice,2026-07-24T18:01:39Z,MOBILE,,
https://reklamap.pl/powierzchnie-reklamowe/kety,PASS,Strona przesłana i zindeksowana,INDEXING_ALLOWED,ALLOWED,SUCCESSFUL,https://reklamap.pl/powierzchnie-reklamowe/kety,https://reklamap.pl/powierzchnie-reklamowe/kety,2026-08-22T21:27:36Z,MOBILE,,
https://reklamap.pl/powierzchnie-reklamowe/klecza-dolna,PASS,Strona przesłana i zindeksowana,INDEXING_ALLOWED,ALLOWED,SUCCESSFUL,https://reklamap.pl/powierzchnie-reklamowe/klecza-dolna,https://reklamap.pl/powierzchnie-reklamowe/klecza-dolna,2026-08-24T02:24:41Z,MOBILE,,
https://reklamap.pl/powierzchnie-reklamowe/klodzko,PASS,Strona przesłana i zindeksowana,INDEXING_ALLOWED,ALLOWED,SUCCESSFUL,https://reklamap.pl/powierzchnie-reklamowe/klodzko,https://reklamap.pl/powierzchnie-reklamowe/klodzko,2026-08-24T18:06:47Z,MOBILE,,
https://reklamap.pl/powierzchnie-reklamowe/kolobrzeg,PASS,Strona przesłana i zindeksowana,INDEXING_ALLOWED,ALLOWED,SUCCESSFUL,https://reklamap.pl/powierzchnie-reklamowe/kolobrzeg,https://reklamap.pl/powierzchnie-reklamowe/kolobrzeg,2026-09-01T02:01:47Z,MOBILE,,
https://reklamap.pl/powierzchnie-reklamowe/koszalin,PASS,Strona przesłana i zindeksowana,INDEXING_ALLOWED,ALLOWED,SUCCESSFUL,https://reklamap.pl/powierzchnie-reklamowe/koszalin,https://reklamap.pl/powierzchnie-reklamowe/koszalin,2026-08-25T06:32:28Z,MOBILE,,
https://reklamap.pl/powierzchnie-reklamowe/krosnowice,PASS,Strona przesłana i zindeksowana,INDEXING_ALLOWED,ALLOWED,SUCCESSFUL,https://reklamap.pl/powierzchnie-reklamowe/krosnowice,https://reklamap.pl/powierzchnie-reklamowe/krosnowice,2026-08-03T22:29:35Z,MOBILE,,
https://reklamap.pl/powierzchnie-reklamowe/kudowa-zdroj,PASS,Strona przesłana i zindeksowana,INDEXING_ALLOWED,ALLOWED,SUCCESSFUL,https://reklamap.pl/powierzchnie-reklamowe/kudowa-zdroj,https://reklamap.pl/powierzchnie-reklamowe/kudowa-zdroj,2026-08-23T05:56:14Z,MOBILE,,
https://reklamap.pl/powierzchnie-reklamowe/lagiewniki,PASS,Strona przesłana i zindeksowana,INDEXING_ALLOWED,ALLOWED,SUCCESSFUL,https://reklamap.pl/powierzchnie-reklamowe/lagiewniki,https://reklamap.pl/powierzchnie-reklamowe/lagiewniki,2026-08-03T23:34:02Z,MOBILE,,
https://reklamap.pl/powierzchnie-reklamowe/leki,PASS,Strona przesłana i zindeksowana,INDEXING_ALLOWED,ALLOWED,SUCCESSFUL,https://reklamap.pl/powierzchnie-reklamowe/leki,https://reklamap.pl/powierzchnie-reklamowe/leki,2026-08-24T03:03:26Z,MOBILE,,
https://reklamap.pl/powierzchnie-reklamowe/libiaz,PASS,Strona przesłana i zindeksowana,INDEXING_ALLOWED,ALLOWED,SUCCESSFUL,https://reklamap.pl/powierzchnie-reklamowe/libiaz,https://reklamap.pl/powierzchnie-reklamowe/libiaz,2026-08-24T03:01:24Z,MOBILE,,
https://reklamap.pl/powierzchnie-reklamowe/lubowidza,PASS,Strona przesłana i zindeksowana,INDEXING_ALLOWED,ALLOWED,SUCCESSFUL,https://reklamap.pl/powierzchnie-reklamowe/lubowidza,https://reklamap.pl/powierzchnie-reklamowe/lubowidza,2026-08-03T17:12:31Z,MOBILE,,
https://reklamap.pl/powierzchnie-reklamowe/magnice,PASS,Strona przesłana i zindeksowana,INDEXING_ALLOWED,ALLOWED,SUCCESSFUL,https://reklamap.pl/powierzchnie-reklamowe/magnice,https://reklamap.pl/powierzchnie-reklamowe/magnice,2026-08-03T17:12:53Z,MOBILE,,
https://reklamap.pl/powierzchnie-reklamowe/makow-mazowiecki,NEUTRAL,Strona wykryta – obecnie niezindeksowana,INDEXING_STATE_UNSPECIFIED,ROBOTS_TXT_STATE_UNSPECIFIED,PAGE_FETCH_STATE_UNSPECIFIED,,,,CRAWLING_USER_AGENT_UNSPECIFIED,,
https://reklamap.pl/powierzchnie-reklamowe/mala-gorka,PASS,Strona przesłana i zindeksowana,INDEXING_ALLOWED,ALLOWED,SUCCESSFUL,https://reklamap.pl/powierzchnie-reklamowe/mala-gorka,https://reklamap.pl/powierzchnie-reklamowe/mala-gorka,2026-08-03T21:42:20Z,MOBILE,,
https://reklamap.pl/powierzchnie-reklamowe/mscice,PASS,Strona przesłana i zindeksowana,INDEXING_ALLOWED,ALLOWED,SUCCESSFUL,https://reklamap.pl/powierzchnie-reklamowe/mscice,https://reklamap.pl/powierzchnie-reklamowe/mscice,2026-08-03T13:43:00Z,MOBILE,,
https://reklamap.pl/powierzchnie-reklamowe/myslowice,PASS,Strona przesłana i zindeksowana,INDEXING_ALLOWED,ALLOWED,SUCCESSFUL,https://reklamap.pl/powierzchnie-reklamowe/myslowice,https://reklamap.pl/powierzchnie-reklamowe/myslowice,2026-07-25T17:58:14Z,MOBILE,,
https://reklamap.pl/powierzchnie-reklamowe/nagradowice,PASS,Strona przesłana i zindeksowana,INDEXING_ALLOWED,ALLOWED,SUCCESSFUL,https://reklamap.pl/powierzchnie-reklamowe/nagradowice,https://reklamap.pl/powierzchnie-reklamowe/nagradowice,2026-07-25T02:01:49Z,MOBILE,,
https://reklamap.pl/powierzchnie-reklamowe/nowa-ruda,PASS,Strona przesłana i zindeksowana,INDEXING_ALLOWED,ALLOWED,SUCCESSFUL,https://reklamap.pl/powierzchnie-reklamowe/nowa-ruda,https://reklamap.pl/powierzchnie-reklamowe/nowa-ruda,2026-08-04T06:39:51Z,MOBILE,,
https://reklamap.pl/powierzchnie-reklamowe/olsztyn,PASS,Strona przesłana i zindeksowana,INDEXING_ALLOWED,ALLOWED,SUCCESSFUL,https://reklamap.pl/powierzchnie-reklamowe/olsztyn,https://reklamap.pl/powierzchnie-reklamowe/olsztyn,2026-08-21T15:49:32Z,MOBILE,,
https://reklamap.pl/powierzchnie-reklamowe/ostrowik,PASS,Strona przesłana i zindeksowana,INDEXING_ALLOWED,ALLOWED,SUCCESSFUL,https://reklamap.pl/powierzchnie-reklamowe/ostrowik,https://reklamap.pl/powierzchnie-reklamowe/ostrowik,2026-08-04T01:05:38Z,MOBILE,,
https://reklamap.pl/powierzchnie-reklamowe/oswiecim,PASS,Strona przesłana i zindeksowana,INDEXING_ALLOWED,ALLOWED,SUCCESSFUL,https://reklamap.pl/powierzchnie-reklamowe/oswiecim,https://reklamap.pl/powierzchnie-reklamowe/oswiecim,2026-08-21T15:19:14Z,MOBILE,,
https://reklamap.pl/powierzchnie-reklamowe/ozarow-mazowiecki,NEUTRAL,"Strona zeskanowana, ale jeszcze nie zindeksowana",INDEXING_STATE_UNSPECIFIED,ALLOWED,SUCCESSFUL,,,2026-06-11T23:48:32Z,MOBILE,,
https://reklamap.pl/powierzchnie-reklamowe/paczkow,PASS,Strona przesłana i zindeksowana,INDEXING_ALLOWED,ALLOWED,SUCCESSFUL,https://reklamap.pl/powierzchnie-reklamowe/paczkow,https://reklamap.pl/powierzchnie-reklamowe/paczkow,2026-08-03T20:19:05Z,MOBILE,,
https://reklamap.pl/powierzchnie-reklamowe/polanica-zdroj,PASS,Strona przesłana i zindeksowana,INDEXING_ALLOWED,ALLOWED,SUCCESSFUL,https://reklamap.pl/powierzchnie-reklamowe/polanica-zdroj,https://reklamap.pl/powierzchnie-reklamowe/polanica-zdroj,2026-08-14T14:47:50Z,MOBILE,,
https://reklamap.pl/powierzchnie-reklamowe/powodow-trzeci,PASS,Strona przesłana i zindeksowana,INDEXING_ALLOWED,ALLOWED,SUCCESSFUL,https://reklamap.pl/powierzchnie-reklamowe/powodow-trzeci,https://reklamap.pl/powierzchnie-reklamowe/powodow-trzeci,2026-08-03T20:20:51Z,MOBILE,,
https://reklamap.pl/powierzchnie-reklamowe/poznan,PASS,Strona przesłana i zindeksowana,INDEXING_ALLOWED,ALLOWED,SUCCESSFUL,https://reklamap.pl/powierzchnie-reklamowe/poznan,https://reklamap.pl/powierzchnie-reklamowe/poznan,2026-08-21T02:59:22Z,MOBILE,,
https://reklamap.pl/powierzchnie-reklamowe/przeciszow,PASS,Strona przesłana i zindeksowana,INDEXING_ALLOWED,ALLOWED,SUCCESSFUL,https://reklamap.pl/powierzchnie-reklamowe/przeciszow,https://reklamap.pl/powierzchnie-reklamowe/przeciszow,2026-08-24T03:01:45Z,MOBILE,,
https://reklamap.pl/powierzchnie-reklamowe/radom,PASS,Strona przesłana i zindeksowana,INDEXING_ALLOWED,ALLOWED,SUCCESSFUL,https://reklamap.pl/powierzchnie-reklamowe/radom,https://reklamap.pl/powierzchnie-reklamowe/radom,2026-08-04T02:59:41Z,MOBILE,,
https://reklamap.pl/powierzchnie-reklamowe/reklama-mobilna,PASS,Strona przesłana i zindeksowana,INDEXING_ALLOWED,ALLOWED,SUCCESSFUL,https://reklamap.pl/powierzchnie-reklamowe/reklama-mobilna,https://reklamap.pl/powierzchnie-reklamowe/reklama-mobilna,2026-08-27T03:31:42Z,MOBILE,,
https://reklamap.pl/powierzchnie-reklamowe/reklama-mobilna/andrychow,PASS,Strona przesłana i zindeksowana,INDEXING_ALLOWED,ALLOWED,SUCCESSFUL,https://reklamap.pl/powierzchnie-reklamowe/reklama-mobilna/andrychow,https://reklamap.pl/powierzchnie-reklamowe/reklama-mobilna/andrychow,2026-09-06T18:04:41Z,MOBILE,,
https://reklamap.pl/powierzchnie-reklamowe/reklama-mobilna/bielsko-biala,PASS,Strona przesłana i zindeksowana,INDEXING_ALLOWED,ALLOWED,SUCCESSFUL,https://reklamap.pl/powierzchnie-reklamowe/reklama-mobilna/bielsko-biala,https://reklamap.pl/powierzchnie-reklamowe/reklama-mobilna/bielsko-biala,2026-08-22T21:20:51Z,MOBILE,,
https://reklamap.pl/powierzchnie-reklamowe/reklama-mobilna/brzeszcze,PASS,Strona przesłana i zindeksowana,INDEXING_ALLOWED,ALLOWED,SUCCESSFUL,https://reklamap.pl/powierzchnie-reklamowe/reklama-mobilna/brzeszcze,https://reklamap.pl/powierzchnie-reklamowe/reklama-mobilna/brzeszcze,2026-08-23T11:40:30Z,MOBILE,,
https://reklamap.pl/powierzchnie-reklamowe/reklama-mobilna/kety,PASS,Strona przesłana i zindeksowana,INDEXING_ALLOWED,ALLOWED,SUCCESSFUL,https://reklamap.pl/powierzchnie-reklamowe/reklama-mobilna/kety,https://reklamap.pl/powierzchnie-reklamowe/reklama-mobilna/kety,2026-08-22T21:28:32Z,MOBILE,,
https://reklamap.pl/powierzchnie-reklamowe/reklama-mobilna/libiaz,PASS,Strona przesłana i zindeksowana,INDEXING_ALLOWED,ALLOWED,SUCCESSFUL,https://reklamap.pl/powierzchnie-reklamowe/reklama-mobilna/libiaz,https://reklamap.pl/powierzchnie-reklamowe/reklama-mobilna/libiaz,2026-08-21T15:05:08Z,MOBILE,,
https://reklamap.pl/powierzchnie-reklamowe/reklama-mobilna/oswiecim,PASS,Strona przesłana i zindeksowana,INDEXING_ALLOWED,ALLOWED,SUCCESSFUL,https://reklamap.pl/powierzchnie-reklamowe/reklama-mobilna/oswiecim,https://reklamap.pl/powierzchnie-reklamowe/reklama-mobilna/oswiecim,2026-08-21T13:36:16Z,MOBILE,,
https://reklamap.pl/powierzchnie-reklamowe/reklama-mobilna/tychy,PASS,Strona przesłana i zindeksowana,INDEXING_ALLOWED,ALLOWED,SUCCESSFUL,https://reklamap.pl/powierzchnie-reklamowe/reklama-mobilna/tychy,https://reklamap.pl/powierzchnie-reklamowe/reklama-mobilna/tychy,2026-08-22T21:32:38Z,MOBILE,,
https://reklamap.pl/powierzchnie-reklamowe/reklama-mobilna/zator,PASS,Strona przesłana i zindeksowana,INDEXING_ALLOWED,ALLOWED,SUCCESSFUL,https://reklamap.pl/powierzchnie-reklamowe/reklama-mobilna/zator,https://reklamap.pl/powierzchnie-reklamowe/reklama-mobilna/zator,2026-08-22T19:47:20Z,MOBILE,,
https://reklamap.pl/powierzchnie-reklamowe/sciany-reklamowe,PASS,Strona przesłana i zindeksowana,INDEXING_ALLOWED,ALLOWED,SUCCESSFUL,https://reklamap.pl/powierzchnie-reklamowe/sciany-reklamowe,https://reklamap.pl/powierzchnie-reklamowe/sciany-reklamowe,2026-09-06T07:17:05Z,MOBILE,,
https://reklamap.pl/powierzchnie-reklamowe/sciany-reklamowe/dabrowa-gornicza,PASS,Strona przesłana i zindeksowana,INDEXING_ALLOWED,ALLOWED,SUCCESSFUL,https://reklamap.pl/powierzchnie-reklamowe/sciany-reklamowe/dabrowa-gornicza,https://reklamap.pl/powierzchnie-reklamowe/sciany-reklamowe/dabrowa-gornicza,2026-08-12T08:13:44Z,MOBILE,,
https://reklamap.pl/powierzchnie-reklamowe/sciany-reklamowe/koszalin,NEUTRAL,Strona wykryta – obecnie niezindeksowana,INDEXING_STATE_UNSPECIFIED,ROBOTS_TXT_STATE_UNSPECIFIED,PAGE_FETCH_STATE_UNSPECIFIED,,,,CRAWLING_USER_AGENT_UNSPECIFIED,,
https://reklamap.pl/powierzchnie-reklamowe/sciany-reklamowe/wroclaw,PASS,Strona przesłana i zindeksowana,INDEXING_ALLOWED,ALLOWED,SUCCESSFUL,https://reklamap.pl/powierzchnie-reklamowe/sciany-reklamowe/wroclaw,https://reklamap.pl/powierzchnie-reklamowe/sciany-reklamowe/wroclaw,2026-07-24T19:04:29Z,MOBILE,,
https://reklamap.pl/powierzchnie-reklamowe/sciany-reklamowe/wrzesnia,PASS,Strona przesłana i zindeksowana,INDEXING_ALLOWED,ALLOWED,SUCCESSFUL,https://reklamap.pl/powierzchnie-reklamowe/sciany-reklamowe/wrzesnia,https://reklamap.pl/powierzchnie-reklamowe/sciany-reklamowe/wrzesnia,2026-08-04T05:29:28Z,MOBILE,,
https://reklamap.pl/powierzchnie-reklamowe/sosnowiec,PASS,Strona przesłana i zindeksowana,INDEXING_ALLOWED,ALLOWED,SUCCESSFUL,https://reklamap.pl/powierzchnie-reklamowe/sosnowiec,https://reklamap.pl/powierzchnie-reklamowe/sosnowiec,2026-08-27T03:47:27Z,MOBILE,,
https://reklamap.pl/powierzchnie-reklamowe/szalejow-gorny,PASS,Strona przesłana i zindeksowana,INDEXING_ALLOWED,ALLOWED,SUCCESSFUL,https://reklamap.pl/powierzchnie-reklamowe/szalejow-gorny,https://reklamap.pl/powierzchnie-reklamowe/szalejow-gorny,2026-08-23T14:00:40Z,MOBILE,,
https://reklamap.pl/powierzchnie-reklamowe/szczytna,PASS,Strona przesłana i zindeksowana,INDEXING_ALLOWED,ALLOWED,SUCCESSFUL,https://reklamap.pl/powierzchnie-reklamowe/szczytna,https://reklamap.pl/powierzchnie-reklamowe/szczytna,2026-08-03T20:40:06Z,MOBILE,,
https://reklamap.pl/powierzchnie-reklamowe/szklary-huta,PASS,Strona przesłana i zindeksowana,INDEXING_ALLOWED,ALLOWED,SUCCESSFUL,https://reklamap.pl/powierzchnie-reklamowe/szklary-huta,https://reklamap.pl/powierzchnie-reklamowe/szklary-huta,2026-08-21T12:45:28Z,MOBILE,,
https://reklamap.pl/powierzchnie-reklamowe/trzebieszowice,PASS,Strona przesłana i zindeksowana,INDEXING_ALLOWED,ALLOWED,SUCCESSFUL,https://reklamap.pl/powierzchnie-reklamowe/trzebieszowice,https://reklamap.pl/powierzchnie-reklamowe/trzebieszowice,2026-08-03T12:15:10Z,MOBILE,,
https://reklamap.pl/powierzchnie-reklamowe/trzebinia,PASS,Strona przesłana i zindeksowana,INDEXING_ALLOWED,ALLOWED,SUCCESSFUL,https://reklamap.pl/powierzchnie-reklamowe/trzebinia,https://reklamap.pl/powierzchnie-reklamowe/trzebinia,2026-08-23T04:20:58Z,MOBILE,,
https://reklamap.pl/powierzchnie-reklamowe/tychy,PASS,Strona przesłana i zindeksowana,INDEXING_ALLOWED,ALLOWED,SUCCESSFUL,https://reklamap.pl/powierzchnie-reklamowe/tychy,https://reklamap.pl/powierzchnie-reklamowe/tychy,2026-08-24T02:56:46Z,MOBILE,,
https://reklamap.pl/powierzchnie-reklamowe/wadowice,PASS,Strona przesłana i zindeksowana,INDEXING_ALLOWED,ALLOWED,SUCCESSFUL,https://reklamap.pl/powierzchnie-reklamowe/wadowice,https://reklamap.pl/powierzchnie-reklamowe/wadowice,2026-08-24T03:02:39Z,MOBILE,,
https://reklamap.pl/powierzchnie-reklamowe/wilkow-wielki,PASS,Strona przesłana i zindeksowana,INDEXING_ALLOWED,ALLOWED,SUCCESSFUL,https://reklamap.pl/powierzchnie-reklamowe/wilkow-wielki,https://reklamap.pl/powierzchnie-reklamowe/wilkow-wielki,2026-08-03T12:47:07Z,MOBILE,,
https://reklamap.pl/powierzchnie-reklamowe/wroclaw,PASS,Strona przesłana i zindeksowana,INDEXING_ALLOWED,ALLOWED,SUCCESSFUL,https://reklamap.pl/powierzchnie-reklamowe/wroclaw,https://reklamap.pl/powierzchnie-reklamowe/wroclaw,2026-09-04T21:48:20Z,MOBILE,,
https://reklamap.pl/powierzchnie-reklamowe/wrzesnia,NEUTRAL,Adres URL jest Google nieznany,INDEXING_STATE_UNSPECIFIED,ROBOTS_TXT_STATE_UNSPECIFIED,PAGE_FETCH_STATE_UNSPECIFIED,,,,,,
https://reklamap.pl/powierzchnie-reklamowe/zabkowice,PASS,Strona przesłana i zindeksowana,INDEXING_ALLOWED,ALLOWED,SUCCESSFUL,https://reklamap.pl/powierzchnie-reklamowe/zabkowice,https://reklamap.pl/powierzchnie-reklamowe/zabkowice,2026-08-03T13:19:33Z,MOBILE,,
https://reklamap.pl/powierzchnie-reklamowe/zabkowice-slaskie,PASS,Strona przesłana i zindeksowana,INDEXING_ALLOWED,ALLOWED,SUCCESSFUL,https://reklamap.pl/powierzchnie-reklamowe/zabkowice-slaskie,https://reklamap.pl/powierzchnie-reklamowe/zabkowice-slaskie,2026-08-23T17:45:55Z,MOBILE,,
https://reklamap.pl/powierzchnie-reklamowe/zator,NEUTRAL,Adres URL jest Google nieznany,INDEXING_STATE_UNSPECIFIED,ROBOTS_TXT_STATE_UNSPECIFIED,PAGE_FETCH_STATE_UNSPECIFIED,,,,,,
https://reklamap.pl/powierzchnie-reklamowe/zawiercie,PASS,Strona przesłana i zindeksowana,INDEXING_ALLOWED,ALLOWED,SUCCESSFUL,https://reklamap.pl/powierzchnie-reklamowe/zawiercie,https://reklamap.pl/powierzchnie-reklamowe/zawiercie,2026-08-04T08:42:37Z,MOBILE,,
https://reklamap.pl/powierzchnie-reklamowe/zelazno,PASS,Strona przesłana i zindeksowana,INDEXING_ALLOWED,ALLOWED,SUCCESSFUL,https://reklamap.pl/powierzchnie-reklamowe/zelazno,https://reklamap.pl/powierzchnie-reklamowe/zelazno,2026-08-03T20:18:10Z,MOBILE,,
https://reklamap.pl/powierzchnie-reklamowe/ziebice,PASS,Strona przesłana i zindeksowana,INDEXING_ALLOWED,ALLOWED,SUCCESSFUL,https://reklamap.pl/powierzchnie-reklamowe/ziebice,https://reklamap.pl/powierzchnie-reklamowe/ziebice,2026-08-03T17:14:02Z,MOBILE,,
https://reklamap.pl/powierzchnie-reklamowe/zimin,PASS,Strona przesłana i zindeksowana,INDEXING_ALLOWED,ALLOWED,SUCCESSFUL,https://reklamap.pl/powierzchnie-reklamowe/zimin,https://reklamap.pl/powierzchnie-reklamowe/zimin,2026-08-03T15:19:18Z,MOBILE,,
https://reklamap.pl/powierzchnie-reklamowe/zloty-stok,PASS,Strona przesłana i zindeksowana,INDEXING_ALLOWED,ALLOWED,SUCCESSFUL,https://reklamap.pl/powierzchnie-reklamowe/zloty-stok,https://reklamap.pl/powierzchnie-reklamowe/zloty-stok,2026-09-07T05:42:01Z,MOBILE,,
https://reklamap.pl/regulamin,PASS,Strona przesłana i zindeksowana,INDEXING_ALLOWED,ALLOWED,SUCCESSFUL,https://reklamap.pl/regulamin,https://reklamap.pl/regulamin,2026-08-23T05:56:07Z,MOBILE,,
