nr,typ_nosnika,miasto,adres,szerokosc_m,wysokosc_m,powierzchnia_m2,podswietlany,cena,jednostka_ceny,cena_netto,price_negotiable,email_kontaktowy,telefon,status,link_zdjecia,ma_zdjecie,url_zrodlo
001,billboard,Żelazno,Pałac Żelazno,6.0,2.88,18,,810,month,tak,tak,Ewelina@reklama.ai,602534843,zarezerwowany,https://www.reklama.ai/assets/images/billboardy/001_01.jpg,tak,https://www.reklama.ai/wynajem_billboardow/tablica/001/zelazno---palac-zelazno
001_02,billboard,Żelazno,Pałac Żelazno,6.0,2.88,18,,810,month,tak,tak,Ewelina@reklama.ai,602534843,zarezerwowany,https://www.reklama.ai/assets/images/billboardy/001_02_01.jpg,tak,https://www.reklama.ai/wynajem_billboardow/tablica/001_02/zelazno---palac-zelazno
003,billboard,Żelazno,Trasa nr33 (ob. zabudowany),6.0,2.88,18,,810,month,tak,tak,Ewelina@reklama.ai,602534843,zarezerwowany,https://www.reklama.ai/assets/images/billboardy/003_01.jpg,tak,https://www.reklama.ai/wynajem_billboardow/tablica/003/zelazno---trasa-nr33-ob-zabudowany
005,billboard,Szalejów Górny,TRASA NR 8,12.17,2.86,36,,1620,month,tak,tak,Ewelina@reklama.ai,602534843,zarezerwowany,https://www.reklama.ai/assets/images/billboardy/005_01.jpg,tak,https://www.reklama.ai/wynajem_billboardow/tablica/005/szalejow-gorny---trasa-nr-8
005_02,billboard,Szalejów Górny,TRASA NR 8,12.17,2.86,36,,1620,month,tak,tak,Ewelina@reklama.ai,602534843,zarezerwowany,https://www.reklama.ai/assets/images/billboardy/005_02_01.jpg,tak,https://www.reklama.ai/wynajem_billboardow/tablica/005_02/szalejow-gorny---trasa-nr-8
007,billboard,Gołogłowy,3km od Kłodzka,5.05,2.38,12,,540,month,tak,tak,Ewelina@reklama.ai,602534843,zarezerwowany,https://www.reklama.ai/assets/images/billboardy/007_01.jpg,tak,https://www.reklama.ai/wynajem_billboardow/tablica/007/gologlowy---3km-od-klodzka
009,billboard,Kudowa Zdrój,,5.05,2.35,12,,540,month,tak,tak,Ewelina@reklama.ai,602534843,zarezerwowany,https://www.reklama.ai/assets/images/billboardy/009_01.jpg,tak,https://www.reklama.ai/wynajem_billboardow/tablica/009/kudowa-zdroj
012,billboard,Kłodzko,Boguszyn,10.24,2.35,24,,1080,month,tak,tak,Ewelina@reklama.ai,602534843,zarezerwowany,https://www.reklama.ai/assets/images/billboardy/012_01.jpg,tak,https://www.reklama.ai/wynajem_billboardow/tablica/012/klodzko---boguszyn
014,billboard,Szalejów Górny,Zjazd na Polanicę Zdrój,4.86,2.35,12,,540,month,tak,tak,Ewelina@reklama.ai,602534843,zarezerwowany,https://www.reklama.ai/assets/images/billboardy/014_01.jpg,tak,https://www.reklama.ai/wynajem_billboardow/tablica/014/szalejow-gorny---zjazd-na-polanice-zdroj
016_01,billboard,Polanica Zdrój,Wjazd od strony Kłodzka,5.97,2.86,18,,810,month,tak,tak,Ewelina@reklama.ai,602534843,zarezerwowany,https://www.reklama.ai/assets/images/billboardy/016_01_01.jpg,tak,https://www.reklama.ai/wynajem_billboardow/tablica/016_01/polanica-zdroj---wjazd-od-strony-klodzka
016_02,billboard,Polanica Zdrój,,5.97,2.86,18,,810,month,tak,tak,Ewelina@reklama.ai,602534843,zarezerwowany,https://www.reklama.ai/assets/images/billboardy/016_02_01.jpg,tak,https://www.reklama.ai/wynajem_billboardow/tablica/016_02/polanica-zdroj
019,billboard,Szalejów Górny,TRASA NR 8,10.24,2.35,24,,1080,month,tak,tak,Ewelina@reklama.ai,602534843,zarezerwowany,https://www.reklama.ai/assets/images/billboardy/019_01.jpg,tak,https://www.reklama.ai/wynajem_billboardow/tablica/019/szalejow-gorny---trasa-nr-8
021_01,billboard,Kłodzko,"Orlen, ul.Dusznicka",12.2,2.88,36,,1620,month,tak,tak,Ewelina@reklama.ai,602534843,wolny,https://www.reklama.ai/assets/images/billboardy/021_01_01.jpg,tak,https://www.reklama.ai/wynajem_billboardow/tablica/021_01/klodzko---orlen-uldusznicka
021_02,billboard,Kłodzko,"Orlen, ul.Dusznicka",12.2,2.88,36,,1620,month,tak,tak,Ewelina@reklama.ai,602534843,zarezerwowany,https://www.reklama.ai/assets/images/billboardy/021_02_01.jpg,tak,https://www.reklama.ai/wynajem_billboardow/tablica/021_02/klodzko---orlen-uldusznicka
023,billboard,Szalejów Górny,Tablica podświetlana,5.05,2.38,12,tak,540,month,tak,tak,Ewelina@reklama.ai,602534843,zarezerwowany,https://www.reklama.ai/assets/images/billboardy/023_01.jpg,tak,https://www.reklama.ai/wynajem_billboardow/tablica/023/szalejow-gorny---tablica-podswietlana
023_02,billboard,Szalejów Górny,Tablica podświetlana,5.05,2.38,12,tak,540,month,tak,tak,Ewelina@reklama.ai,602534843,zarezerwowany,https://www.reklama.ai/assets/images/billboardy/023_02_01.jpg,tak,https://www.reklama.ai/wynajem_billboardow/tablica/023_02/szalejow-gorny---tablica-podswietlana
027,billboard,Kłodzko,"Boguszyn, wjazd do Kłodzka",5.97,2.86,18,,810,month,tak,tak,Ewelina@reklama.ai,602534843,zarezerwowany,https://www.reklama.ai/assets/images/billboardy/027_01.jpg,tak,https://www.reklama.ai/wynajem_billboardow/tablica/027/klodzko---boguszyn-wjazd-do-klodzka
030_01,billboard,Kłodzko,Obwodnica Kłodzka,12.2,2.88,36,,1620,month,tak,tak,Ewelina@reklama.ai,602534843,zarezerwowany,https://www.reklama.ai/assets/images/billboardy/030_01_01.jpg,tak,https://www.reklama.ai/wynajem_billboardow/tablica/030_01/klodzko---obwodnica-klodzka
030_02,billboard,Kłodzko,Obwodnica Kłodzka,12.2,2.88,36,,1620,month,tak,tak,Ewelina@reklama.ai,602534843,wolny,https://www.reklama.ai/assets/images/billboardy/030_02_01.jpg,tak,https://www.reklama.ai/wynajem_billboardow/tablica/030_02/klodzko---obwodnica-klodzka
038,billboard,Kłodzko,"Centrum, przy markecie E.Leclerc",5.04,2.35,12,,540,month,tak,tak,Ewelina@reklama.ai,602534843,zarezerwowany,https://www.reklama.ai/assets/images/billboardy/038_01.jpg,tak,https://www.reklama.ai/wynajem_billboardow/tablica/038/klodzko---centrum-przy-markecie-eleclerc
040,billboard,Kłodzko,"Boguszyn, wjazd do Kłodzka",5.05,2.38,12,,540,month,tak,tak,Ewelina@reklama.ai,602534843,zarezerwowany,https://www.reklama.ai/assets/images/billboardy/040_01.jpg,tak,https://www.reklama.ai/wynajem_billboardow/tablica/040/klodzko---boguszyn-wjazd-do-klodzka
042_01,billboard,Kłodzko,ul. Noworudzka,5.05,2.38,12,,540,month,tak,tak,Ewelina@reklama.ai,602534843,zarezerwowany,https://www.reklama.ai/assets/images/billboardy/042_01_01.jpg,tak,https://www.reklama.ai/wynajem_billboardow/tablica/042_01/klodzko---ul-noworudzka
042_02,billboard,Kłodzko,ul. Noworudzka,5.05,2.38,12,,540,month,tak,tak,Ewelina@reklama.ai,602534843,wolny,https://www.reklama.ai/assets/images/billboardy/042_02_01.jpg,tak,https://www.reklama.ai/wynajem_billboardow/tablica/042_02/klodzko---ul-noworudzka
046_01,billboard,Ząbkowice Śląskie,,5.04,2.35,12,,540,month,tak,tak,Ewelina@reklama.ai,602534843,zarezerwowany,https://www.reklama.ai/assets/images/billboardy/046_01_01.jpg,tak,https://www.reklama.ai/wynajem_billboardow/tablica/046_01/zabkowice-slaskie
046_02,billboard,Ząbkowice Śląskie,,5.04,2.35,12,,540,month,tak,tak,Ewelina@reklama.ai,602534843,zarezerwowany,https://www.reklama.ai/assets/images/billboardy/046_02_01.jpg,tak,https://www.reklama.ai/wynajem_billboardow/tablica/046_02/zabkowice-slaskie
047,billboard,Kłodzko,"Boguszyn, wjazd do Kłodzka",5.97,2.86,18,,810,month,tak,tak,Ewelina@reklama.ai,602534843,zarezerwowany,https://www.reklama.ai/assets/images/billboardy/047_01.jpg,tak,https://www.reklama.ai/wynajem_billboardow/tablica/047/klodzko---boguszyn-wjazd-do-klodzka
047_02,billboard,Kłodzko,"Boguszyn, wyjazd z Kłodzka",5.97,2.86,18,,810,month,tak,tak,Ewelina@reklama.ai,602534843,zarezerwowany,https://www.reklama.ai/assets/images/billboardy/047_02_01.jpg,tak,https://www.reklama.ai/wynajem_billboardow/tablica/047_02/klodzko---boguszyn-wyjazd-z-klodzka
050_01,billboard,Ząbkowice Śląskie,,5.05,2.38,12,,540,month,tak,tak,Ewelina@reklama.ai,602534843,zarezerwowany,https://www.reklama.ai/assets/images/billboardy/050_01_01.jpg,tak,https://www.reklama.ai/wynajem_billboardow/tablica/050_01/zabkowice-slaskie
050_02,billboard,Ząbkowice Śląskie,,5.05,2.38,12,,540,month,tak,tak,Ewelina@reklama.ai,602534843,zarezerwowany,https://www.reklama.ai/assets/images/billboardy/050_02_01.jpg,tak,https://www.reklama.ai/wynajem_billboardow/tablica/050_02/zabkowice-slaskie
054,billboard,Kłodzko,Wjazd od Bystrzycy Kłodzkiej,6.0,2.88,18,,810,month,tak,tak,Ewelina@reklama.ai,602534843,zarezerwowany,https://www.reklama.ai/assets/images/billboardy/054_01.jpg,tak,https://www.reklama.ai/wynajem_billboardow/tablica/054/klodzko---wjazd-od-bystrzycy-klodzkiej
058,billboard,Kłodzko,ul. Noworudzka,5.05,2.38,12,,540,month,tak,tak,Ewelina@reklama.ai,602534843,zarezerwowany,https://www.reklama.ai/assets/images/billboardy/058_01.jpg,tak,https://www.reklama.ai/wynajem_billboardow/tablica/058/klodzko---ul-noworudzka
058_02,billboard,Kłodzko,ul. Noworudzka,5.05,2.38,12,,540,month,tak,tak,Ewelina@reklama.ai,602534843,zarezerwowany,https://www.reklama.ai/assets/images/billboardy/058_02_01.jpg,tak,https://www.reklama.ai/wynajem_billboardow/tablica/058_02/klodzko---ul-noworudzka
059_01,billboard,Kłodzko,Ul.Noworudzka,5.05,2.38,12,,540,month,tak,tak,Ewelina@reklama.ai,602534843,zarezerwowany,https://www.reklama.ai/assets/images/billboardy/059_01_01.jpg,tak,https://www.reklama.ai/wynajem_billboardow/tablica/059_01/klodzko---ulnoworudzka
059_02,billboard,Kłodzko,Ul.Noworudzka,5.05,2.38,12,,540,month,tak,tak,Ewelina@reklama.ai,602534843,zarezerwowany,https://www.reklama.ai/assets/images/billboardy/059_02_01.jpg,tak,https://www.reklama.ai/wynajem_billboardow/tablica/059_02/klodzko---ulnoworudzka
060,billboard,Kłodzko,Ul.Noworudzka,5.03,2.4,12,,540,month,tak,tak,Ewelina@reklama.ai,602534843,zarezerwowany,https://www.reklama.ai/assets/images/billboardy/060_01.jpg,tak,https://www.reklama.ai/wynajem_billboardow/tablica/060/klodzko---ulnoworudzka
068_01,billboard,Polanica Zdrój,Biedronka,5.04,2.35,12,,540,month,tak,tak,Ewelina@reklama.ai,602534843,zarezerwowany,https://www.reklama.ai/assets/images/billboardy/068_01_01.jpg,tak,https://www.reklama.ai/wynajem_billboardow/tablica/068_01/polanica-zdroj---biedronka
068_02,billboard,Polanica Zdrój,Biedronka,5.04,2.35,12,,540,month,tak,tak,Ewelina@reklama.ai,602534843,zarezerwowany,https://www.reklama.ai/assets/images/billboardy/068_02_01.jpg,tak,https://www.reklama.ai/wynajem_billboardow/tablica/068_02/polanica-zdroj---biedronka
069,billboard,Kłodzko,"Centrum, przy markecie E.Leclerc",5.05,2.38,12,,540,month,tak,tak,Ewelina@reklama.ai,602534843,zarezerwowany,https://www.reklama.ai/assets/images/billboardy/069_01.jpg,tak,https://www.reklama.ai/wynajem_billboardow/tablica/069/klodzko---centrum-przy-markecie-eleclerc
072,billboard,Braszowice,Wyjazd z terenu zabudowanego,10.24,2.35,24,,1080,month,tak,tak,Ewelina@reklama.ai,602534843,zarezerwowany,https://www.reklama.ai/assets/images/billboardy/072_01.jpg,tak,https://www.reklama.ai/wynajem_billboardow/tablica/072/braszowice---wyjazd-z-terenu-zabudowanego
073,billboard,Żelazno,Pałac Żelazno,12.2,2.88,36,,1620,month,tak,tak,Ewelina@reklama.ai,602534843,zarezerwowany,https://www.reklama.ai/assets/images/billboardy/073_01.jpg,tak,https://www.reklama.ai/wynajem_billboardow/tablica/073/zelazno---palac-zelazno
075_01,billboard,Ząbkowice Śląskie,,12.2,2.86,36,,1620,month,tak,tak,Ewelina@reklama.ai,602534843,zarezerwowany,https://www.reklama.ai/assets/images/billboardy/075_01_01.jpg,tak,https://www.reklama.ai/wynajem_billboardow/tablica/075_01/zabkowice-slaskie
075_02,billboard,Ząbkowice Śląskie,Pierwsze światła od Wrocławia,12.2,2.86,36,,1620,month,tak,tak,Ewelina@reklama.ai,602534843,zarezerwowany,https://www.reklama.ai/assets/images/billboardy/075_02_01.jpg,tak,https://www.reklama.ai/wynajem_billboardow/tablica/075_02/zabkowice-slaskie---pierwsze-swiatla-od-wroclawia
076,billboard,Wilków wielki,Przy drodze krajowej nr 8,6.0,2.88,18,,810,month,tak,tak,Ewelina@reklama.ai,602534843,zarezerwowany,https://www.reklama.ai/assets/images/billboardy/076_01.jpg,tak,https://www.reklama.ai/wynajem_billboardow/tablica/076/wilkow-wielki---przy-drodze-krajowej-nr-8
078,billboard,Nowa Ruda,"Słupiec, przy CH Intermarche",5.04,2.35,12,,540,month,tak,tak,Ewelina@reklama.ai,602534843,zarezerwowany,https://www.reklama.ai/assets/images/billboardy/078_01.jpg,tak,https://www.reklama.ai/wynajem_billboardow/tablica/078/nowa-ruda---slupiec-przy-ch-intermarche
079,billboard,Szalejów Górny,Wyjazd na drogę krajową nr8,5.05,2.38,12,,540,month,tak,tak,Ewelina@reklama.ai,602534843,wolny,https://www.reklama.ai/assets/images/billboardy/079_01.jpg,tak,https://www.reklama.ai/wynajem_billboardow/tablica/079/szalejow-gorny---wyjazd-na-droge-krajowa-nr8
082_01,billboard,Kłodzko,"Rondo przy Galerii Twierdza, ul.Objazdowa",10.24,2.35,24,,1080,month,tak,tak,Ewelina@reklama.ai,602534843,zarezerwowany,https://www.reklama.ai/assets/images/billboardy/082_01_01.jpg,tak,https://www.reklama.ai/wynajem_billboardow/tablica/082_01/klodzko---rondo-przy-galerii-twierdza-ulobjazdowa
084_01,billboard,Ząbkowice Śląskie,Wjazd od strony Wrocławia,5.05,2.38,12,,540,month,tak,tak,Ewelina@reklama.ai,602534843,zarezerwowany,https://www.reklama.ai/assets/images/billboardy/084_01_01.jpg,tak,https://www.reklama.ai/wynajem_billboardow/tablica/084_01/zabkowice-slaskie---wjazd-od-strony-wroclawia
084_02,billboard,Ząbkowice Śląskie,Wyjazd w kierunku Wrocławia,5.05,2.38,12,,540,month,tak,tak,Ewelina@reklama.ai,602534843,zarezerwowany,https://www.reklama.ai/assets/images/billboardy/084_02_01.jpg,tak,https://www.reklama.ai/wynajem_billboardow/tablica/084_02/zabkowice-slaskie---wyjazd-w-kierunku-wroclawia
088_01,billboard,Żelazno,Pałac Żelazno,6.0,2.88,18,,810,month,tak,tak,Ewelina@reklama.ai,602534843,wolny,https://www.reklama.ai/assets/images/billboardy/088_01_01.jpg,tak,https://www.reklama.ai/wynajem_billboardow/tablica/088_01/zelazno---palac-zelazno
088_02,billboard,Żelazno,Pałac Żelazno,6.0,2.88,18,,810,month,tak,tak,Ewelina@reklama.ai,602534843,zarezerwowany,https://www.reklama.ai/assets/images/billboardy/088_02_01.jpg,tak,https://www.reklama.ai/wynajem_billboardow/tablica/088_02/zelazno---palac-zelazno
090,billboard,Kłodzko,"Wjazd od Bystrzycy, ul.Wyspiańskiego",5.05,2.38,12,,540,month,tak,tak,Ewelina@reklama.ai,602534843,zarezerwowany,https://www.reklama.ai/assets/images/billboardy/090_01.jpg,tak,https://www.reklama.ai/wynajem_billboardow/tablica/090/klodzko---wjazd-od-bystrzycy-ulwyspianskiego
092,billboard,Kłodzko,"Rondo przy Galerii Twierdza, ul.Noworudzka",10.14,2.35,24,,1080,month,tak,tak,Ewelina@reklama.ai,602534843,zarezerwowany,https://www.reklama.ai/assets/images/billboardy/092_01.jpg,tak,https://www.reklama.ai/wynajem_billboardow/tablica/092/klodzko---rondo-przy-galerii-twierdza-ulnoworudzka
095,billboard,Kłodzko,"Boguszyn, wjazd do Kłodzko",6.0,2.88,18,,810,month,tak,tak,Ewelina@reklama.ai,602534843,zarezerwowany,https://www.reklama.ai/assets/images/billboardy/095_01.jpg,tak,https://www.reklama.ai/wynajem_billboardow/tablica/095/klodzko---boguszyn-wjazd-do-klodzko
097_01,billboard,Kłodzko,Obwodnica Kłodzka,9.07,2.88,26,,1170,month,tak,tak,Ewelina@reklama.ai,602534843,zarezerwowany,https://www.reklama.ai/assets/images/billboardy/097_01_01.jpg,tak,https://www.reklama.ai/wynajem_billboardow/tablica/097_01/klodzko---obwodnica-klodzka
097_02,billboard,Kłodzko,Obwodnica Kłodzka,9.07,2.88,26,,1170,month,tak,tak,Ewelina@reklama.ai,602534843,zarezerwowany,https://www.reklama.ai/assets/images/billboardy/097_02_01.jpg,tak,https://www.reklama.ai/wynajem_billboardow/tablica/097_02/klodzko---obwodnica-klodzka
098_01,billboard,Kłodzko,Obwodnica Kłodzka,9.07,2.88,26,,1170,month,tak,tak,Ewelina@reklama.ai,602534843,zarezerwowany,https://www.reklama.ai/assets/images/billboardy/098_01_01.jpg,tak,https://www.reklama.ai/wynajem_billboardow/tablica/098_01/klodzko---obwodnica-klodzka
098_02,billboard,Kłodzko,Obwodnica Kłodzka,9.07,2.88,26,,1170,month,tak,tak,Ewelina@reklama.ai,602534843,wolny,https://www.reklama.ai/assets/images/billboardy/098_02_01.jpg,tak,https://www.reklama.ai/wynajem_billboardow/tablica/098_02/klodzko---obwodnica-klodzka
101,billboard,Złoty Stok,Przy stacji benzynowej.,5.97,2.86,18,,810,month,tak,tak,Ewelina@reklama.ai,602534843,zarezerwowany,https://www.reklama.ai/assets/images/billboardy/101_01.jpg,tak,https://www.reklama.ai/wynajem_billboardow/tablica/101/zloty-stok---przy-stacji-benzynowej
104,billboard,Kłodzko,"Rondo przy Galerii Twierdza, ul.Noworudzka",10.24,2.35,24,,1080,month,tak,tak,Ewelina@reklama.ai,602534843,zarezerwowany,https://www.reklama.ai/assets/images/billboardy/104_01.jpg,tak,https://www.reklama.ai/wynajem_billboardow/tablica/104/klodzko---rondo-przy-galerii-twierdza-ulnoworudzka
112,billboard,Kłodzko,"Jaszkówka, wjazd od Nysy",6.0,2.88,18,,810,month,tak,tak,Ewelina@reklama.ai,602534843,zarezerwowany,https://www.reklama.ai/assets/images/billboardy/112_01.jpg,tak,https://www.reklama.ai/wynajem_billboardow/tablica/112/klodzko---jaszkowka-wjazd-od-nysy
113_01,billboard,Kłodzko,ul. Noworudzka,5.04,2.35,12,,540,month,tak,tak,Ewelina@reklama.ai,602534843,zarezerwowany,https://www.reklama.ai/assets/images/billboardy/113_01_01.jpg,tak,https://www.reklama.ai/wynajem_billboardow/tablica/113_01/klodzko---ul-noworudzka
113_02,billboard,Kłodzko,ul. Noworudzka,5.04,2.35,12,,540,month,tak,tak,Ewelina@reklama.ai,602534843,zarezerwowany,https://www.reklama.ai/assets/images/billboardy/113_02_01.jpg,tak,https://www.reklama.ai/wynajem_billboardow/tablica/113_02/klodzko---ul-noworudzka
115_01,billboard,Kłodzko,"Orlen, ul.Dusznicka",12.2,2.88,36,,1620,month,tak,tak,Ewelina@reklama.ai,602534843,wolny,https://www.reklama.ai/assets/images/billboardy/115_01_01.jpg,tak,https://www.reklama.ai/wynajem_billboardow/tablica/115_01/klodzko---orlen-uldusznicka
115_02,billboard,Kłodzko,"Orlen, ul.Dusznicka",12.2,2.88,36,,1620,month,tak,tak,Ewelina@reklama.ai,602534843,zarezerwowany,https://www.reklama.ai/assets/images/billboardy/115_02_01.jpg,tak,https://www.reklama.ai/wynajem_billboardow/tablica/115_02/klodzko---orlen-uldusznicka
117,billboard,Kłodzko,Rondo obok Castoramy,5.04,2.35,12,,540,month,tak,tak,Ewelina@reklama.ai,602534843,zarezerwowany,https://www.reklama.ai/assets/images/billboardy/117_01.jpg,tak,https://www.reklama.ai/wynajem_billboardow/tablica/117/klodzko---rondo-obok-castoramy
125_01,billboard,Kłodzko,Rondo obok Castoramy,5.04,2.35,12,,540,month,tak,tak,Ewelina@reklama.ai,602534843,zarezerwowany,https://www.reklama.ai/assets/images/billboardy/125_01_01.jpg,tak,https://www.reklama.ai/wynajem_billboardow/tablica/125_01/klodzko---rondo-obok-castoramy
127,billboard,Kudowa Zdrój,Jeleniów,5.05,2.38,12,,540,month,tak,tak,Ewelina@reklama.ai,602534843,zarezerwowany,https://www.reklama.ai/assets/images/billboardy/127_01.jpg,tak,https://www.reklama.ai/wynajem_billboardow/tablica/127/kudowa-zdroj---jeleniow
129,billboard,Kudowa Zdrój,Jeleniów,5.05,2.38,12,,540,month,tak,tak,Ewelina@reklama.ai,602534843,zarezerwowany,https://www.reklama.ai/assets/images/billboardy/129_01.jpg,tak,https://www.reklama.ai/wynajem_billboardow/tablica/129/kudowa-zdroj---jeleniow
130,billboard,Bystrzyca Kłodzka,ul. Sienkiewicza (kier. centrum),5.0,2.38,12,,540,month,tak,tak,Ewelina@reklama.ai,602534843,zarezerwowany,https://www.reklama.ai/assets/images/billboardy/130_01.jpg,tak,https://www.reklama.ai/wynajem_billboardow/tablica/130/bystrzyca-klodzka---ul-sienkiewicza-kier-centrum
131,billboard,Kudowa Zdrój,Jeleniów,6.0,2.88,18,,810,month,tak,tak,Ewelina@reklama.ai,602534843,zarezerwowany,https://www.reklama.ai/assets/images/billboardy/131_01.jpg,tak,https://www.reklama.ai/wynajem_billboardow/tablica/131/kudowa-zdroj---jeleniow
133,billboard,Nowa Ruda,"Słupiec, naprzeciw marketu Intermarche",5.97,2.86,18,,810,month,tak,tak,Ewelina@reklama.ai,602534843,zarezerwowany,https://www.reklama.ai/assets/images/billboardy/133_01.jpg,tak,https://www.reklama.ai/wynajem_billboardow/tablica/133/nowa-ruda---slupiec-naprzeciw-marketu-intermarche
134_01,billboard,Bystrzyca Kłodzka,obwodnica miasta,6.0,2.88,18,,810,month,tak,tak,Ewelina@reklama.ai,602534843,zarezerwowany,https://www.reklama.ai/assets/images/billboardy/134_01_01.jpg,tak,https://www.reklama.ai/wynajem_billboardow/tablica/134_01/bystrzyca-klodzka---obwodnica-miasta
134_02,billboard,Bystrzyca Kłodzka,obwodnica miasta,6.0,2.88,18,,810,month,tak,tak,Ewelina@reklama.ai,602534843,zarezerwowany,https://www.reklama.ai/assets/images/billboardy/134_02_01.jpg,tak,https://www.reklama.ai/wynajem_billboardow/tablica/134_02/bystrzyca-klodzka---obwodnica-miasta
135_01,billboard,Bystrzyca Kłodzka,obwodnica miasta,9.07,2.88,26,,1170,month,tak,tak,Ewelina@reklama.ai,602534843,zarezerwowany,https://www.reklama.ai/assets/images/billboardy/135_01_01.jpg,tak,https://www.reklama.ai/wynajem_billboardow/tablica/135_01/bystrzyca-klodzka---obwodnica-miasta
135_02,billboard,Bystrzyca Kłodzka,wyjazd na obwodnicę,9.07,2.88,26,,1170,month,tak,tak,Ewelina@reklama.ai,602534843,wolny,https://www.reklama.ai/assets/images/billboardy/135_02_01.jpg,tak,https://www.reklama.ai/wynajem_billboardow/tablica/135_02/bystrzyca-klodzka---wyjazd-na-obwodnice
137_01,billboard,Bystrzyca Kłodzka,wyjazd na obwodnicę miasta,5.05,2.38,12,,540,month,tak,tak,Ewelina@reklama.ai,602534843,zarezerwowany,https://www.reklama.ai/assets/images/billboardy/137_01_01.jpg,tak,https://www.reklama.ai/wynajem_billboardow/tablica/137_01/bystrzyca-klodzka---wyjazd-na-obwodnice-miasta
137_02,billboard,Bystrzyca Kłodzka,wjazd do miasta,5.05,2.38,12,,540,month,tak,tak,Ewelina@reklama.ai,602534843,zarezerwowany,https://www.reklama.ai/assets/images/billboardy/137_02_01.jpg,tak,https://www.reklama.ai/wynajem_billboardow/tablica/137_02/bystrzyca-klodzka---wjazd-do-miasta
138_01,billboard,Bystrzyca Kłodzka,"ul. Sienkiewicza, obok Netto",5.05,2.38,12,,540,month,tak,tak,Ewelina@reklama.ai,602534843,zarezerwowany,https://www.reklama.ai/assets/images/billboardy/138_01_01.jpg,tak,https://www.reklama.ai/wynajem_billboardow/tablica/138_01/bystrzyca-klodzka---ul-sienkiewicza-obok-netto
141,billboard,Łagiewniki,Przy stacji Orlen,6.0,2.88,18,,810,month,tak,tak,Ewelina@reklama.ai,602534843,zarezerwowany,https://www.reklama.ai/assets/images/billboardy/141_01.jpg,tak,https://www.reklama.ai/wynajem_billboardow/tablica/141/lagiewniki---przy-stacji-orlen
143,billboard,Łagiewniki,Przy stacji Orlen,6.0,2.88,18,,810,month,tak,tak,Ewelina@reklama.ai,602534843,zarezerwowany,https://www.reklama.ai/assets/images/billboardy/143_01.jpg,tak,https://www.reklama.ai/wynajem_billboardow/tablica/143/lagiewniki---przy-stacji-orlen
145_01,billboard,Nowa Ruda,"Słupiec, przy przejeździe kolejowym",5.97,2.86,18,,810,month,tak,tak,Ewelina@reklama.ai,602534843,zarezerwowany,https://www.reklama.ai/assets/images/billboardy/145_01_01.jpg,tak,https://www.reklama.ai/wynajem_billboardow/tablica/145_01/nowa-ruda---slupiec-przy-przejezdzie-kolejowym
145_02,billboard,Nowa Ruda,"Słupiec, przy przejeździe kolejowym.",5.97,2.86,18,,810,month,tak,tak,Ewelina@reklama.ai,602534843,zarezerwowany,https://www.reklama.ai/assets/images/billboardy/145_02_01.jpg,tak,https://www.reklama.ai/wynajem_billboardow/tablica/145_02/nowa-ruda---slupiec-przy-przejezdzie-kolejowym
147,billboard,Kudowa Zdrój,Jeleniów,5.05,2.38,12,,540,month,tak,tak,Ewelina@reklama.ai,602534843,zarezerwowany,https://www.reklama.ai/assets/images/billboardy/147_01.jpg,tak,https://www.reklama.ai/wynajem_billboardow/tablica/147/kudowa-zdroj---jeleniow
148_01,billboard,"Jordanów Śląski, skrzyżowanie",Przy drodze krajowej nr 8,12.2,2.88,36,,1620,month,tak,tak,Ewelina@reklama.ai,602534843,zarezerwowany,https://www.reklama.ai/assets/images/billboardy/148_01_01.jpg,tak,https://www.reklama.ai/wynajem_billboardow/tablica/148_01/jordanow-slaski-skrzyzowanie---przy-drodze-krajowej-nr-8
149_01,billboard,Ząbkowice Śląskie,,6.0,2.88,18,,810,month,tak,tak,Ewelina@reklama.ai,602534843,zarezerwowany,https://www.reklama.ai/assets/images/billboardy/149_01_01.jpg,tak,https://www.reklama.ai/wynajem_billboardow/tablica/149_01/zabkowice-slaskie
149_02,billboard,Ząbkowice Śląskie,,6.0,2.88,18,,810,month,tak,tak,Ewelina@reklama.ai,602534843,zarezerwowany,https://www.reklama.ai/assets/images/billboardy/149_02_01.jpg,tak,https://www.reklama.ai/wynajem_billboardow/tablica/149_02/zabkowice-slaskie
151_01,billboard,"Jordanów Śląski, skrzyżowanie",Przy drodze krajowej nr 8,12.2,2.88,36,,1620,month,tak,tak,Ewelina@reklama.ai,602534843,zarezerwowany,https://www.reklama.ai/assets/images/billboardy/151_01_01.jpg,tak,https://www.reklama.ai/wynajem_billboardow/tablica/151_01/jordanow-slaski-skrzyzowanie---przy-drodze-krajowej-nr-8
158,billboard,Kłodzko,"Ul.Objazdowa, obok Agrolu",6.0,2.88,18,,810,month,tak,tak,Ewelina@reklama.ai,602534843,zarezerwowany,https://www.reklama.ai/assets/images/billboardy/158_01.jpg,tak,https://www.reklama.ai/wynajem_billboardow/tablica/158/klodzko---ulobjazdowa-obok-agrolu
159,billboard,Kłodzko,"Ul.Objazdowa, obok Agrolu",5.97,2.86,18,,810,month,tak,tak,Ewelina@reklama.ai,602534843,zarezerwowany,https://www.reklama.ai/assets/images/billboardy/159_01.jpg,tak,https://www.reklama.ai/wynajem_billboardow/tablica/159/klodzko---ulobjazdowa-obok-agrolu
161,billboard,Paczków,Skrzyżowanie z drogą na Czechy,5.05,2.38,12,,540,month,tak,tak,Ewelina@reklama.ai,602534843,zarezerwowany,https://www.reklama.ai/assets/images/billboardy/161_01.jpg,tak,https://www.reklama.ai/wynajem_billboardow/tablica/161/paczkow---skrzyzowanie-z-droga-na-czechy
162,billboard,Paczków,Skrzyżowanie z drogą na Czechy,5.05,2.38,12,,540,month,tak,tak,Ewelina@reklama.ai,602534843,zarezerwowany,https://www.reklama.ai/assets/images/billboardy/162_01.jpg,tak,https://www.reklama.ai/wynajem_billboardow/tablica/162/paczkow---skrzyzowanie-z-droga-na-czechy
164_01,billboard,Kłodzko,Ul.Noworudzka,5.97,2.86,18,,810,month,tak,tak,Ewelina@reklama.ai,602534843,zarezerwowany,https://www.reklama.ai/assets/images/billboardy/164_01_01.jpg,tak,https://www.reklama.ai/wynajem_billboardow/tablica/164_01/klodzko---ulnoworudzka
164_02,billboard,Kłodzko,Ul.Noworudzka,5.97,2.86,18,,810,month,tak,tak,Ewelina@reklama.ai,602534843,wolny,https://www.reklama.ai/assets/images/billboardy/164_02_01.jpg,tak,https://www.reklama.ai/wynajem_billboardow/tablica/164_02/klodzko---ulnoworudzka
165,billboard,Kłodzko,Ul.Noworudzka,6.0,2.88,18,,810,month,tak,tak,Ewelina@reklama.ai,602534843,zarezerwowany,https://www.reklama.ai/assets/images/billboardy/165_01.jpg,tak,https://www.reklama.ai/wynajem_billboardow/tablica/165/klodzko---ulnoworudzka
170,billboard,Kłodzko,Ul.Noworudzka,6.0,2.88,18,,810,month,tak,tak,Ewelina@reklama.ai,602534843,zarezerwowany,https://www.reklama.ai/assets/images/billboardy/170_01.jpg,tak,https://www.reklama.ai/wynajem_billboardow/tablica/170/klodzko---ulnoworudzka
171,billboard,Kłodzko,"Boguszyn, wjazd do Kłodzka",12.2,2.86,36,,1620,month,tak,tak,Ewelina@reklama.ai,602534843,zarezerwowany,https://www.reklama.ai/assets/images/billboardy/171_01.jpg,tak,https://www.reklama.ai/wynajem_billboardow/tablica/171/klodzko---boguszyn-wjazd-do-klodzka
173,billboard,Kłodzko,"Rondo przy Galerii Twierdza, ul.Objazdowa",10.24,2.38,24,,1080,month,tak,tak,Ewelina@reklama.ai,602534843,zarezerwowany,https://www.reklama.ai/assets/images/billboardy/173_01.jpg,tak,https://www.reklama.ai/wynajem_billboardow/tablica/173/klodzko---rondo-przy-galerii-twierdza-ulobjazdowa
174_01,billboard,Międzylesie,"Międzylesie, Wyjazd na Kłodzko, ul.Warszawska",5.05,2.38,12,,540,month,tak,tak,Ewelina@reklama.ai,602534843,zarezerwowany,https://www.reklama.ai/assets/images/billboardy/174_01_01.jpg,tak,https://www.reklama.ai/wynajem_billboardow/tablica/174_01/miedzylesie---miedzylesie-wyjazd-na-klodzko-ulwarszawska
175,billboard,Kłodzko,Ul.Noworudzka,6.17,2.88,18,,810,month,tak,tak,Ewelina@reklama.ai,602534843,zarezerwowany,https://www.reklama.ai/assets/images/billboardy/175_01.jpg,tak,https://www.reklama.ai/wynajem_billboardow/tablica/175/klodzko---ulnoworudzka
176_01,billboard,Kłodzko,CH E.Leclerc,6.0,2.88,18,,810,month,tak,tak,Ewelina@reklama.ai,602534843,zarezerwowany,https://www.reklama.ai/assets/images/billboardy/176_01_01.jpg,tak,https://www.reklama.ai/wynajem_billboardow/tablica/176_01/klodzko---ch-eleclerc
176_02,billboard,Kłodzko,CH E.Leclerc,6.0,2.88,18,,810,month,tak,tak,Ewelina@reklama.ai,602534843,zarezerwowany,https://www.reklama.ai/assets/images/billboardy/176_02_01.jpg,tak,https://www.reklama.ai/wynajem_billboardow/tablica/176_02/klodzko---ch-eleclerc
181_01,billboard,Braszowice,poza terenem zabudowlanym,12.2,2.86,36,,1620,month,tak,tak,Ewelina@reklama.ai,602534843,zarezerwowany,https://www.reklama.ai/assets/images/billboardy/181_01_01.jpg,tak,https://www.reklama.ai/wynajem_billboardow/tablica/181_01/braszowice---poza-terenem-zabudowlanym
181_02,billboard,Braszowice,poza terenem zabudowlanym,12.2,2.86,36,,1620,month,tak,tak,Ewelina@reklama.ai,602534843,zarezerwowany,https://www.reklama.ai/assets/images/billboardy/181_02_01.jpg,tak,https://www.reklama.ai/wynajem_billboardow/tablica/181_02/braszowice---poza-terenem-zabudowlanym
190,billboard,Kłodzko,ul. Kościuszki,5.05,2.38,12,,540,month,tak,tak,Ewelina@reklama.ai,602534843,zarezerwowany,https://www.reklama.ai/assets/images/billboardy/190_01.jpg,tak,https://www.reklama.ai/wynajem_billboardow/tablica/190/klodzko---ul-kosciuszki
191,billboard,Kłodzko,ul. Kościuszki,5.05,2.38,12,,540,month,tak,tak,Ewelina@reklama.ai,602534843,zarezerwowany,https://www.reklama.ai/assets/images/billboardy/191_01.jpg,tak,https://www.reklama.ai/wynajem_billboardow/tablica/191/klodzko---ul-kosciuszki
192,billboard,Kłodzko,ul. Kościuszki,5.05,2.38,12,,540,month,tak,tak,Ewelina@reklama.ai,602534843,zarezerwowany,https://www.reklama.ai/assets/images/billboardy/192_01.jpg,tak,https://www.reklama.ai/wynajem_billboardow/tablica/192/klodzko---ul-kosciuszki
193,billboard,Kłodzko,ul. Kościuszki,5.05,2.38,12,,540,month,tak,tak,Ewelina@reklama.ai,602534843,zarezerwowany,https://www.reklama.ai/assets/images/billboardy/193_01.jpg,tak,https://www.reklama.ai/wynajem_billboardow/tablica/193/klodzko---ul-kosciuszki
194,billboard,Kłodzko,"Bierkowice, obok sklepu",6.0,2.88,18,,810,month,tak,tak,Ewelina@reklama.ai,602534843,zarezerwowany,https://www.reklama.ai/assets/images/billboardy/194_01.jpg,tak,https://www.reklama.ai/wynajem_billboardow/tablica/194/klodzko---bierkowice-obok-sklepu
196_01,billboard,Kłodzko,Bierkowice,6.0,2.88,18,,810,month,tak,tak,Ewelina@reklama.ai,602534843,zarezerwowany,https://www.reklama.ai/assets/images/billboardy/196_01_01.jpg,tak,https://www.reklama.ai/wynajem_billboardow/tablica/196_01/klodzko---bierkowice
198_01,billboard,Kłodzko,"Osiedle, ul.Wyszyńskiego",5.04,2.36,12,,540,month,tak,tak,Ewelina@reklama.ai,602534843,zarezerwowany,https://www.reklama.ai/assets/images/billboardy/198_01_01.jpg,tak,https://www.reklama.ai/wynajem_billboardow/tablica/198_01/klodzko---osiedle-ulwyszynskiego
201_01,billboard,Ząbkowice Śląskie,Przy stacji Orlen,5.05,2.38,12,,540,month,tak,tak,Ewelina@reklama.ai,602534843,zarezerwowany,https://www.reklama.ai/assets/images/billboardy/201_01_01.jpg,tak,https://www.reklama.ai/wynajem_billboardow/tablica/201_01/zabkowice-slaskie---przy-stacji-orlen
202_01,billboard,Ząbkowice Śląskie,Przy stacji Orlen,5.05,2.38,12,,540,month,tak,tak,Ewelina@reklama.ai,602534843,zarezerwowany,https://www.reklama.ai/assets/images/billboardy/202_01_01.jpg,tak,https://www.reklama.ai/wynajem_billboardow/tablica/202_01/zabkowice-slaskie---przy-stacji-orlen
204_01,billboard,Szalejów Górny,Wyjazd w stronę Kłodzka,6.0,2.88,18,,810,month,tak,tak,Ewelina@reklama.ai,602534843,zarezerwowany,https://www.reklama.ai/assets/images/billboardy/204_01_01.jpg,tak,https://www.reklama.ai/wynajem_billboardow/tablica/204_01/szalejow-gorny---wyjazd-w-strone-klodzka
204_02,billboard,Szalejów Górny,Wjazd od strony Kłodzka,6.0,2.88,18,,810,month,tak,tak,Ewelina@reklama.ai,602534843,zarezerwowany,https://www.reklama.ai/assets/images/billboardy/204_02_01.jpg,tak,https://www.reklama.ai/wynajem_billboardow/tablica/204_02/szalejow-gorny---wjazd-od-strony-klodzka
205,billboard,Ząbkowice Śląskie,Przy stacji Orlen,6.0,2.88,18,,810,month,tak,tak,Ewelina@reklama.ai,602534843,zarezerwowany,https://www.reklama.ai/assets/images/billboardy/205_01.jpg,tak,https://www.reklama.ai/wynajem_billboardow/tablica/205/zabkowice-slaskie---przy-stacji-orlen
206_01,billboard,Ząbkowice Śląskie,Przy stacji Orlen,6.0,2.88,18,,810,month,tak,tak,Ewelina@reklama.ai,602534843,zarezerwowany,https://www.reklama.ai/assets/images/billboardy/206_01_01.jpg,tak,https://www.reklama.ai/wynajem_billboardow/tablica/206_01/zabkowice-slaskie---przy-stacji-orlen
207_01,billboard,Łagiewniki,,5.05,2.38,12,,540,month,tak,tak,Ewelina@reklama.ai,602534843,zarezerwowany,https://www.reklama.ai/assets/images/billboardy/207_01_01.jpg,tak,https://www.reklama.ai/wynajem_billboardow/tablica/207_01/lagiewniki
208_01,billboard,Łagiewniki,,5.05,2.38,12,,540,month,tak,tak,Ewelina@reklama.ai,602534843,zarezerwowany,https://www.reklama.ai/assets/images/billboardy/208_01_01.jpg,tak,https://www.reklama.ai/wynajem_billboardow/tablica/208_01/lagiewniki
209_01,billboard,Kłodzko,"Obwodnica Kłodzka, ul.Piłsudskiego",6.07,2.88,18,,810,month,tak,tak,Ewelina@reklama.ai,602534843,zarezerwowany,https://www.reklama.ai/assets/images/billboardy/209_01_01.jpg,tak,https://www.reklama.ai/wynajem_billboardow/tablica/209_01/klodzko---obwodnica-klodzka-ulpilsudskiego
210_01,billboard,Kłodzko,"Obwodnica Kłodzka, ul.Piłsudskiego",6.05,2.86,18,,810,month,tak,tak,Ewelina@reklama.ai,602534843,zarezerwowany,https://www.reklama.ai/assets/images/billboardy/210_01_01.jpg,tak,https://www.reklama.ai/wynajem_billboardow/tablica/210_01/klodzko---obwodnica-klodzka-ulpilsudskiego
211_01,billboard,Kłodzko,"Obwodnica Kłodzka, ul.Piłsudskiego",6.05,2.86,18,,810,month,tak,tak,Ewelina@reklama.ai,602534843,wolny,https://www.reklama.ai/assets/images/billboardy/211_01_01.jpg,tak,https://www.reklama.ai/wynajem_billboardow/tablica/211_01/klodzko---obwodnica-klodzka-ulpilsudskiego
212_01,billboard,Kłodzko,"Obwodnica Kłodzka, ul.Piłsudskiego",6.07,2.88,18,,810,month,tak,tak,Ewelina@reklama.ai,602534843,zarezerwowany,https://www.reklama.ai/assets/images/billboardy/212_01_01.jpg,tak,https://www.reklama.ai/wynajem_billboardow/tablica/212_01/klodzko---obwodnica-klodzka-ulpilsudskiego
213_01,billboard,Bardo,"Wyjazd na Kłodzko, ul.Kolejowa",6.0,2.88,18,,810,month,tak,tak,Ewelina@reklama.ai,602534843,zarezerwowany,https://www.reklama.ai/assets/images/billboardy/213_01_01.jpg,tak,https://www.reklama.ai/wynajem_billboardow/tablica/213_01/bardo---wyjazd-na-klodzko-ulkolejowa
213_02,billboard,Bardo,"Wjazd od Kłodzka, ul.Kolejowa",6.0,2.88,18,,810,month,tak,tak,Ewelina@reklama.ai,602534843,zarezerwowany,https://www.reklama.ai/assets/images/billboardy/213_02_01.jpg,tak,https://www.reklama.ai/wynajem_billboardow/tablica/213_02/bardo---wjazd-od-klodzka-ulkolejowa
214_01,billboard,Szalejów Górny,,6.0,2.88,18,,810,month,tak,tak,Ewelina@reklama.ai,602534843,zarezerwowany,https://www.reklama.ai/assets/images/billboardy/214_01_01.jpg,tak,https://www.reklama.ai/wynajem_billboardow/tablica/214_01/szalejow-gorny
215_01,billboard,Ząbkowice Śląskie,,6.0,2.88,18,,810,month,tak,tak,Ewelina@reklama.ai,602534843,zarezerwowany,https://www.reklama.ai/assets/images/billboardy/215_01_01.jpg,tak,https://www.reklama.ai/wynajem_billboardow/tablica/215_01/zabkowice-slaskie
215_02,billboard,Ząbkowice Śląskie,,6.0,2.88,18,,810,month,tak,tak,Ewelina@reklama.ai,602534843,zarezerwowany,https://www.reklama.ai/assets/images/billboardy/215_02_01.jpg,tak,https://www.reklama.ai/wynajem_billboardow/tablica/215_02/zabkowice-slaskie
216_01,billboard,Ząbkowice Śląskie,Wjazd do centrum od strony Kłodzka,5.05,2.38,12,,540,month,tak,tak,Ewelina@reklama.ai,602534843,zarezerwowany,https://www.reklama.ai/assets/images/billboardy/216_01_01.jpg,tak,https://www.reklama.ai/wynajem_billboardow/tablica/216_01/zabkowice-slaskie---wjazd-do-centrum-od-strony-klodzka
217_01,billboard,Ząbkowice Śląskie,"Wyjazd z centrum miasta, ul.Kłodzka",5.05,2.38,12,,540,month,tak,tak,Ewelina@reklama.ai,602534843,zarezerwowany,https://www.reklama.ai/assets/images/billboardy/217_01_01.jpg,tak,https://www.reklama.ai/wynajem_billboardow/tablica/217_01/zabkowice-slaskie---wyjazd-z-centrum-miasta-ulklodzka
218_01,billboard,Szalejów Górny,Zjazd na Polanicę Zdrój,5.05,2.38,12,,540,month,tak,tak,Ewelina@reklama.ai,602534843,zarezerwowany,https://www.reklama.ai/assets/images/billboardy/218_01_01.jpg,tak,https://www.reklama.ai/wynajem_billboardow/tablica/218_01/szalejow-gorny---zjazd-na-polanice-zdroj
219_01,billboard,Szalejów Górny,Zjazd na Polanicę Zdrój,10.16,2.35,24,,1080,month,tak,tak,Ewelina@reklama.ai,602534843,zarezerwowany,https://www.reklama.ai/assets/images/billboardy/219_01_01.jpg,tak,https://www.reklama.ai/wynajem_billboardow/tablica/219_01/szalejow-gorny---zjazd-na-polanice-zdroj
220,billboard,Paczków,Droga krajowa nr 46,5.04,2.35,12,,540,month,tak,tak,Ewelina@reklama.ai,602534843,zarezerwowany,https://www.reklama.ai/assets/images/billboardy/220_01.jpg,tak,https://www.reklama.ai/wynajem_billboardow/tablica/220/paczkow---droga-krajowa-nr-46
221_01,billboard,Szalejów Górny,Wjazd do miasta od strony Kłodzka,6.0,2.88,18,,810,month,tak,tak,Ewelina@reklama.ai,602534843,zarezerwowany,https://www.reklama.ai/assets/images/billboardy/221_01_01.jpg,tak,https://www.reklama.ai/wynajem_billboardow/tablica/221_01/szalejow-gorny---wjazd-do-miasta-od-strony-klodzka
222,billboard,Ząbkowice Śląskie,"Centrum miasta, ul. Legnicka",5.05,2.38,12,,540,month,tak,tak,Ewelina@reklama.ai,602534843,zarezerwowany,https://www.reklama.ai/assets/images/billboardy/222_01.jpg,tak,https://www.reklama.ai/wynajem_billboardow/tablica/222/zabkowice-slaskie---centrum-miasta-ul-legnicka
223_01,billboard,Szczytna,Przy stacji paliw MOYA,6.0,2.88,18,,810,month,tak,tak,Ewelina@reklama.ai,602534843,zarezerwowany,https://www.reklama.ai/assets/images/billboardy/223_01_01.jpg,tak,https://www.reklama.ai/wynajem_billboardow/tablica/223_01/szczytna---przy-stacji-paliw-moya
223_02,billboard,Szczytna,Przy stacji paliw MOYA,6.0,2.88,18,,810,month,tak,tak,Ewelina@reklama.ai,602534843,zarezerwowany,https://www.reklama.ai/assets/images/billboardy/223_02_01.jpg,tak,https://www.reklama.ai/wynajem_billboardow/tablica/223_02/szczytna---przy-stacji-paliw-moya
224_01,billboard,Kudowa Zdrój,,6.0,2.88,18,,810,month,tak,tak,Ewelina@reklama.ai,602534843,zarezerwowany,https://www.reklama.ai/assets/images/billboardy/224_01_01.jpg,tak,https://www.reklama.ai/wynajem_billboardow/tablica/224_01/kudowa-zdroj
225,billboard,Kłodzko,Przy Urzędzie Pocztowym,2.57,2.01,6,,270,month,tak,tak,Ewelina@reklama.ai,602534843,zarezerwowany,https://www.reklama.ai/assets/images/billboardy/225_01.jpg,tak,https://www.reklama.ai/wynajem_billboardow/tablica/225/klodzko---przy-urzedzie-pocztowym
226_01,billboard,Kłodzko,"Ul.Objazdowa, za Agrolem",6.0,2.88,18,,810,month,tak,tak,Ewelina@reklama.ai,602534843,zarezerwowany,https://www.reklama.ai/assets/images/billboardy/226_01_01.jpg,tak,https://www.reklama.ai/wynajem_billboardow/tablica/226_01/klodzko---ulobjazdowa-za-agrolem
226_02,billboard,Kłodzko,"Ul.Objazdowa, przed Agrolem",6.02,2.86,18,,810,month,tak,tak,Ewelina@reklama.ai,602534843,zarezerwowany,https://www.reklama.ai/assets/images/billboardy/226_02_01.jpg,tak,https://www.reklama.ai/wynajem_billboardow/tablica/226_02/klodzko---ulobjazdowa-przed-agrolem
228_01,billboard,Kłodzko,ul. Kościuszki,5.05,2.38,12,,540,month,tak,tak,Ewelina@reklama.ai,602534843,zarezerwowany,https://www.reklama.ai/assets/images/billboardy/228_01_01.jpg,tak,https://www.reklama.ai/wynajem_billboardow/tablica/228_01/klodzko---ul-kosciuszki
229_01,billboard,Kłodzko,ul. Kościuszki,5.05,2.38,12,,540,month,tak,tak,Ewelina@reklama.ai,602534843,zarezerwowany,https://www.reklama.ai/assets/images/billboardy/229_01_01.jpg,tak,https://www.reklama.ai/wynajem_billboardow/tablica/229_01/klodzko---ul-kosciuszki
232_01,billboard,Żelazno,"Trasa nr33, wyjazd na Kłodzko",6.0,2.88,18,,810,month,tak,tak,Ewelina@reklama.ai,602534843,zarezerwowany,https://www.reklama.ai/assets/images/billboardy/232_01_01.jpg,tak,https://www.reklama.ai/wynajem_billboardow/tablica/232_01/zelazno---trasa-nr33-wyjazd-na-klodzko
233_01,billboard,Żelazno,"Trasa nr33, wyjazd na Kłodzko",6.0,2.88,18,,810,month,tak,tak,Ewelina@reklama.ai,602534843,zarezerwowany,https://www.reklama.ai/assets/images/billboardy/233_01_01.jpg,tak,https://www.reklama.ai/wynajem_billboardow/tablica/233_01/zelazno---trasa-nr33-wyjazd-na-klodzko
236_01,billboard,Kłodzko,"Boguszyn, wjazd do Kłodzka",5.05,2.38,12,,540,month,tak,tak,Ewelina@reklama.ai,602534843,zarezerwowany,https://www.reklama.ai/assets/images/billboardy/236_01_01.jpg,tak,https://www.reklama.ai/wynajem_billboardow/tablica/236_01/klodzko---boguszyn-wjazd-do-klodzka
237_01,billboard,Kłodzko,"Boguszyn, wjazd do Kłodzka",5.04,2.35,12,,540,month,tak,tak,Ewelina@reklama.ai,602534843,zarezerwowany,https://www.reklama.ai/assets/images/billboardy/237_01_01.jpg,tak,https://www.reklama.ai/wynajem_billboardow/tablica/237_01/klodzko---boguszyn-wjazd-do-klodzka
239_01,billboard,Kłodzko,Boguszyn,6.0,2.88,18,,810,month,tak,tak,Ewelina@reklama.ai,602534843,zarezerwowany,https://www.reklama.ai/assets/images/billboardy/239_01_01.jpg,tak,https://www.reklama.ai/wynajem_billboardow/tablica/239_01/klodzko---boguszyn
239_02,billboard,Kłodzko,"Boguszyn, za stacją ORLEN",5.97,2.86,18,,810,month,tak,tak,Ewelina@reklama.ai,602534843,zarezerwowany,https://www.reklama.ai/assets/images/billboardy/239_02_01.jpg,tak,https://www.reklama.ai/wynajem_billboardow/tablica/239_02/klodzko---boguszyn-za-stacja-orlen
240_01,billboard,Żelazno,Pałac Żelazno,6.0,2.88,18,,810,month,tak,tak,Ewelina@reklama.ai,602534843,wolny,https://www.reklama.ai/assets/images/billboardy/240_01_01.jpg,tak,https://www.reklama.ai/wynajem_billboardow/tablica/240_01/zelazno---palac-zelazno
240_02,billboard,Żelazno,Pałac Żelazno,6.0,2.88,18,,810,month,tak,tak,Ewelina@reklama.ai,602534843,zarezerwowany,https://www.reklama.ai/assets/images/billboardy/240_02_01.jpg,tak,https://www.reklama.ai/wynajem_billboardow/tablica/240_02/zelazno---palac-zelazno
242_01,billboard,Szalejów Górny,TRASA NR 8,5.05,2.4,12,,540,month,tak,tak,Ewelina@reklama.ai,602534843,zarezerwowany,https://www.reklama.ai/assets/images/billboardy/242_01_01.jpg,tak,https://www.reklama.ai/wynajem_billboardow/tablica/242_01/szalejow-gorny---trasa-nr-8
242_02,billboard,Szalejów Górny,TRASA NR 8,5.05,2.4,12,,540,month,tak,tak,Ewelina@reklama.ai,602534843,zarezerwowany,https://www.reklama.ai/assets/images/billboardy/242_02_01.jpg,tak,https://www.reklama.ai/wynajem_billboardow/tablica/242_02/szalejow-gorny---trasa-nr-8
243_01,billboard,Kłodzko,"Boguszyn, wyjazd z Kłodzka",6.0,2.88,18,,810,month,tak,tak,Ewelina@reklama.ai,602534843,zarezerwowany,https://www.reklama.ai/assets/images/billboardy/243_01_01.jpg,tak,https://www.reklama.ai/wynajem_billboardow/tablica/243_01/klodzko---boguszyn-wyjazd-z-klodzka
244_01,billboard,Kłodzko,Bierkowice,6.0,2.88,18,,810,month,tak,tak,Ewelina@reklama.ai,602534843,zarezerwowany,https://www.reklama.ai/assets/images/billboardy/244_01_01.jpg,tak,https://www.reklama.ai/wynajem_billboardow/tablica/244_01/klodzko---bierkowice
245_01,billboard,Duszniki,TRASA NR 8,6.0,2.88,18,,810,month,tak,tak,Ewelina@reklama.ai,602534843,zarezerwowany,https://www.reklama.ai/assets/images/billboardy/245_01_01.jpg,tak,https://www.reklama.ai/wynajem_billboardow/tablica/245_01/duszniki---trasa-nr-8
250_01,billboard,Kudowa Zdrój,TRASA NR 8,6.0,2.88,18,,810,month,tak,tak,Ewelina@reklama.ai,602534843,zarezerwowany,https://www.reklama.ai/assets/images/billboardy/250_01_01.jpg,tak,https://www.reklama.ai/wynajem_billboardow/tablica/250_01/kudowa-zdroj---trasa-nr-8
251_01,billboard,Kudowa Zdrój,TRASA NR 8,6.0,2.88,18,,810,month,tak,tak,Ewelina@reklama.ai,602534843,zarezerwowany,https://www.reklama.ai/assets/images/billboardy/251_01_01.jpg,tak,https://www.reklama.ai/wynajem_billboardow/tablica/251_01/kudowa-zdroj---trasa-nr-8
252,billboard,Kudowa Zdrój,Droga Krajowa nr 8,10.24,2.35,24,,1080,month,tak,tak,Ewelina@reklama.ai,602534843,zarezerwowany,https://www.reklama.ai/assets/images/billboardy/252_01.jpg,tak,https://www.reklama.ai/wynajem_billboardow/tablica/252/kudowa-zdroj---droga-krajowa-nr-8
254_01,billboard,Kudowa Zdrój,TRASA NR 8,10.24,2.35,24,,1080,month,tak,tak,Ewelina@reklama.ai,602534843,zarezerwowany,https://www.reklama.ai/assets/images/billboardy/254_01_01.jpg,tak,https://www.reklama.ai/wynajem_billboardow/tablica/254_01/kudowa-zdroj---trasa-nr-8
261_01,billboard,Szczytna,Przy wjeździe na Chopin Golf,6.0,2.88,18,,810,month,tak,tak,Ewelina@reklama.ai,602534843,zarezerwowany,https://www.reklama.ai/assets/images/billboardy/261_01_01.jpg,tak,https://www.reklama.ai/wynajem_billboardow/tablica/261_01/szczytna---przy-wjezdzie-na-chopin-golf
262_01,billboard,Szczytna,Przy wjeździe na Chopin Golf,6.0,2.88,18,,810,month,tak,tak,Ewelina@reklama.ai,602534843,zarezerwowany,https://www.reklama.ai/assets/images/billboardy/262_01_01.jpg,tak,https://www.reklama.ai/wynajem_billboardow/tablica/262_01/szczytna---przy-wjezdzie-na-chopin-golf
263_01,billboard,Szalejów Górny,Wyjazd w kierunku Kłodzka,5.97,2.86,18,,810,month,tak,tak,Ewelina@reklama.ai,602534843,zarezerwowany,https://www.reklama.ai/assets/images/billboardy/263_01_01.jpg,tak,https://www.reklama.ai/wynajem_billboardow/tablica/263_01/szalejow-gorny---wyjazd-w-kierunku-klodzka
264_01,billboard,Kłodzko,"Obwodnica Kłodzka, przy Galerii Twierdza",6.0,2.88,18,,810,month,tak,tak,Ewelina@reklama.ai,602534843,zarezerwowany,https://www.reklama.ai/assets/images/billboardy/264_01_01.jpg,tak,https://www.reklama.ai/wynajem_billboardow/tablica/264_01/klodzko---obwodnica-klodzka-przy-galerii-twierdza
265_01,billboard,Kłodzko,"Obwodnica Kłodzka, przy Galerii Twierdza",5.97,2.86,18,,810,month,tak,tak,Ewelina@reklama.ai,602534843,zarezerwowany,https://www.reklama.ai/assets/images/billboardy/265_01_01.jpg,tak,https://www.reklama.ai/wynajem_billboardow/tablica/265_01/klodzko---obwodnica-klodzka-przy-galerii-twierdza
266_01,billboard,Szalejów Górny,Wjazd od strony Kłodzka,6.0,2.88,18,,810,month,tak,tak,Ewelina@reklama.ai,602534843,zarezerwowany,https://www.reklama.ai/assets/images/billboardy/266_01_01.jpg,tak,https://www.reklama.ai/wynajem_billboardow/tablica/266_01/szalejow-gorny---wjazd-od-strony-klodzka
269_01,billboard,Łagiewniki,Centrum miasta,6.0,2.88,18,,810,month,tak,tak,Ewelina@reklama.ai,602534843,zarezerwowany,https://www.reklama.ai/assets/images/billboardy/269_01_01.jpg,tak,https://www.reklama.ai/wynajem_billboardow/tablica/269_01/lagiewniki---centrum-miasta
269_02,billboard,Łagiewniki,Przy skrzyżowaniu z Biedronką,6.0,2.88,18,,810,month,tak,tak,Ewelina@reklama.ai,602534843,zarezerwowany,https://www.reklama.ai/assets/images/billboardy/269_02_01.jpg,tak,https://www.reklama.ai/wynajem_billboardow/tablica/269_02/lagiewniki---przy-skrzyzowaniu-z-biedronka
271_01,billboard,Kłodzko,"Obwodnica Kłodzka, przy Galerii Twierdza",6.0,2.88,18,,810,month,tak,tak,Ewelina@reklama.ai,602534843,zarezerwowany,https://www.reklama.ai/assets/images/billboardy/271_01_01.jpg,tak,https://www.reklama.ai/wynajem_billboardow/tablica/271_01/klodzko---obwodnica-klodzka-przy-galerii-twierdza
271_02,billboard,Kłodzko,"Obwodnica Kłodzka, przy Galerii Twierdza",6.0,2.88,18,,810,month,tak,tak,Ewelina@reklama.ai,602534843,zarezerwowany,https://www.reklama.ai/assets/images/billboardy/271_02_01.jpg,tak,https://www.reklama.ai/wynajem_billboardow/tablica/271_02/klodzko---obwodnica-klodzka-przy-galerii-twierdza
272_01,billboard,Ząbkowice,Wjazd do miasta przed stacją Orlen,6.0,2.88,18,,810,month,tak,tak,Ewelina@reklama.ai,602534843,zarezerwowany,https://www.reklama.ai/assets/images/billboardy/272_01_01.jpg,tak,https://www.reklama.ai/wynajem_billboardow/tablica/272_01/zabkowice---wjazd-do-miasta-przed-stacja-orlen
273_01,billboard,Ząbkowice,Wjazd od strony Wrocławia,5.97,2.86,18,,810,month,tak,tak,Ewelina@reklama.ai,602534843,zarezerwowany,https://www.reklama.ai/assets/images/billboardy/273_01_01.jpg,tak,https://www.reklama.ai/wynajem_billboardow/tablica/273_01/zabkowice---wjazd-od-strony-wroclawia
273_02,billboard,Ząbkowice,Wyjazd od strony Wrocławia,6.0,2.88,18,,810,month,tak,tak,Ewelina@reklama.ai,602534843,zarezerwowany,https://www.reklama.ai/assets/images/billboardy/273_02_01.jpg,tak,https://www.reklama.ai/wynajem_billboardow/tablica/273_02/zabkowice---wyjazd-od-strony-wroclawia
276_01,billboard,Ziębice,ul. Wałowa,5.05,2.38,12,,540,month,tak,tak,Ewelina@reklama.ai,602534843,zarezerwowany,https://www.reklama.ai/assets/images/billboardy/276_01_01.jpg,tak,https://www.reklama.ai/wynajem_billboardow/tablica/276_01/ziebice---ul-walowa
276_02,billboard,Ziębice,ul.Wałowa,5.0,2.38,12,,540,month,tak,tak,Ewelina@reklama.ai,602534843,zarezerwowany,https://www.reklama.ai/assets/images/billboardy/276_02_01.jpg,tak,https://www.reklama.ai/wynajem_billboardow/tablica/276_02/ziebice---ulwalowa
277_01,billboard,Ziębice,ul. Wałowa,5.05,2.38,12,,540,month,tak,tak,Ewelina@reklama.ai,602534843,zarezerwowany,https://www.reklama.ai/assets/images/billboardy/277_01_01.jpg,tak,https://www.reklama.ai/wynajem_billboardow/tablica/277_01/ziebice---ul-walowa
279_01,billboard,Łagiewniki - vena,Przy zajeździe VENA,6.0,2.88,18,,810,month,tak,tak,Ewelina@reklama.ai,602534843,zarezerwowany,https://www.reklama.ai/assets/images/billboardy/279_01_01.jpg,tak,https://www.reklama.ai/wynajem_billboardow/tablica/279_01/lagiewniki-vena---przy-zajezdzie-vena
281_01,billboard,Złoty Stok,,6.0,2.88,18,,810,month,tak,tak,Ewelina@reklama.ai,602534843,zarezerwowany,https://www.reklama.ai/assets/images/billboardy/281_01_01.jpg,tak,https://www.reklama.ai/wynajem_billboardow/tablica/281_01/zloty-stok
281_02,billboard,Złoty Stok,,6.0,2.88,18,,810,month,tak,tak,Ewelina@reklama.ai,602534843,zarezerwowany,https://www.reklama.ai/assets/images/billboardy/281_02_01.jpg,tak,https://www.reklama.ai/wynajem_billboardow/tablica/281_02/zloty-stok
282,billboard,Ząbkowice Śląskie,Rynek,5.5,3.5,19,,855,month,tak,tak,Ewelina@reklama.ai,602534843,zarezerwowany,https://www.reklama.ai/assets/images/billboardy/282_01.jpg,tak,https://www.reklama.ai/wynajem_billboardow/tablica/282/zabkowice-slaskie---rynek
283_01,billboard,Szalejów Górny,Wjazd do Szalejowa w kierunku Kłodzka,6.0,2.88,18,,810,month,tak,tak,Ewelina@reklama.ai,602534843,zarezerwowany,https://www.reklama.ai/assets/images/billboardy/283_01_01.jpg,tak,https://www.reklama.ai/wynajem_billboardow/tablica/283_01/szalejow-gorny---wjazd-do-szalejowa-w-kierunku-klodzka
283_02,billboard,Szalejów Górny,Wyjazd z Szalejowa w kierunku Kudowy,6.09,2.91,18,,810,month,tak,tak,Ewelina@reklama.ai,602534843,zarezerwowany,https://www.reklama.ai/assets/images/billboardy/283_02_01.jpg,tak,https://www.reklama.ai/wynajem_billboardow/tablica/283_02/szalejow-gorny---wyjazd-z-szalejowa-w-kierunku-kudowy
285_01,billboard,Łagiewniki,Przy Banku Spółdzielczym,4.5,2.36,11,,495,month,tak,tak,Ewelina@reklama.ai,602534843,zarezerwowany,https://www.reklama.ai/assets/images/billboardy/285_01_01.jpg,tak,https://www.reklama.ai/wynajem_billboardow/tablica/285_01/lagiewniki---przy-banku-spoldzielczym
285_02,billboard,Łagiewniki,Przy Banku Spółdzielczym,4.5,2.36,11,,495,month,tak,tak,Ewelina@reklama.ai,602534843,zarezerwowany,https://www.reklama.ai/assets/images/billboardy/285_02_01.jpg,tak,https://www.reklama.ai/wynajem_billboardow/tablica/285_02/lagiewniki---przy-banku-spoldzielczym
287_01,billboard,Kłodzko,"Boguszyn, wjazd do Kłodzko",6.0,2.88,18,,810,month,tak,tak,Ewelina@reklama.ai,602534843,zarezerwowany,https://www.reklama.ai/assets/images/billboardy/287_01_01.jpg,tak,https://www.reklama.ai/wynajem_billboardow/tablica/287_01/klodzko---boguszyn-wjazd-do-klodzko
288_01,billboard,Kłodzko,"Droga tranzytowa, ul.Warty",5.04,2.35,12,,540,month,tak,tak,Ewelina@reklama.ai,602534843,zarezerwowany,https://www.reklama.ai/assets/images/billboardy/288_01_01.jpg,tak,https://www.reklama.ai/wynajem_billboardow/tablica/288_01/klodzko---droga-tranzytowa-ulwarty
288_02,billboard,Kłodzko,"Droga tranzytowa, ul.Warty",5.04,2.35,12,,540,month,tak,tak,Ewelina@reklama.ai,602534843,zarezerwowany,https://www.reklama.ai/assets/images/billboardy/288_02_01.jpg,tak,https://www.reklama.ai/wynajem_billboardow/tablica/288_02/klodzko---droga-tranzytowa-ulwarty
289_01,billboard,Ząbkowice,TRASA NR 8,6.0,2.88,18,,810,month,tak,tak,Ewelina@reklama.ai,602534843,zarezerwowany,https://www.reklama.ai/assets/images/billboardy/289_01_01.jpg,tak,https://www.reklama.ai/wynajem_billboardow/tablica/289_01/zabkowice---trasa-nr-8
290_01,billboard,Ząbkowice,Wjazd przy stacji Orlen,6.0,2.88,18,,810,month,tak,tak,Ewelina@reklama.ai,602534843,wolny,https://www.reklama.ai/assets/images/billboardy/290_01_01.jpg,tak,https://www.reklama.ai/wynajem_billboardow/tablica/290_01/zabkowice---wjazd-przy-stacji-orlen
290_02,billboard,Ząbkowice,Wyjazd przy stacji Orlen,6.0,2.88,18,,810,month,tak,tak,Ewelina@reklama.ai,602534843,zarezerwowany,https://www.reklama.ai/assets/images/billboardy/290_02_01.jpg,tak,https://www.reklama.ai/wynajem_billboardow/tablica/290_02/zabkowice---wyjazd-przy-stacji-orlen
293_01,billboard,Kłodzko,Obwodnica Kłodzka,12.2,2.86,36,,1620,month,tak,tak,Ewelina@reklama.ai,602534843,zarezerwowany,https://www.reklama.ai/assets/images/billboardy/293_01_01.jpg,tak,https://www.reklama.ai/wynajem_billboardow/tablica/293_01/klodzko---obwodnica-klodzka
293_02,billboard,Kłodzko,Obwodnica Kłodzka,12.2,2.86,36,,1620,month,tak,tak,Ewelina@reklama.ai,602534843,zarezerwowany,https://www.reklama.ai/assets/images/billboardy/293_02_01.jpg,tak,https://www.reklama.ai/wynajem_billboardow/tablica/293_02/klodzko---obwodnica-klodzka
297,billboard,Szalejów Górny,Wyjazd w kierunku Kłodzka,12.0,3.0,36,,1620,month,tak,tak,Ewelina@reklama.ai,602534843,zarezerwowany,https://www.reklama.ai/assets/images/billboardy/297_01.jpg,tak,https://www.reklama.ai/wynajem_billboardow/tablica/297/szalejow-gorny---wyjazd-w-kierunku-klodzka
298,billboard,Kłodzko,Obwodnica Kłodzka,12.2,2.88,36,,1620,month,tak,tak,Ewelina@reklama.ai,602534843,zarezerwowany,https://www.reklama.ai/assets/images/billboardy/298_01.jpg,tak,https://www.reklama.ai/wynajem_billboardow/tablica/298/klodzko---obwodnica-klodzka
300_01,billboard,Trzebieszowice,"Trzebieszowice, Droga: 392",6.0,2.88,18,,810,month,tak,tak,Ewelina@reklama.ai,602534843,zarezerwowany,https://www.reklama.ai/assets/images/billboardy/300_01_01.jpg,tak,https://www.reklama.ai/wynajem_billboardow/tablica/300_01/trzebieszowice---trzebieszowice-droga-392
300_02,billboard,Trzebieszowice,"Trzebieszowice, Droga: 392",6.0,2.88,18,,810,month,tak,tak,Ewelina@reklama.ai,602534843,zarezerwowany,https://www.reklama.ai/assets/images/billboardy/300_02_01.jpg,tak,https://www.reklama.ai/wynajem_billboardow/tablica/300_02/trzebieszowice---trzebieszowice-droga-392
301,billboard,Wrocław,rondo przy ul. Wałbrzyskiej i Karmelkowej,6.0,2.88,18,,810,month,tak,tak,Ewelina@reklama.ai,602534843,zarezerwowany,https://www.reklama.ai/assets/images/billboardy/301_01.jpg,tak,https://www.reklama.ai/wynajem_billboardow/tablica/301/wroclaw---rondo-przy-ul-walbrzyskiej-i-karmelkowej
302,billboard,Wrocław,rondo przy ul. Wałbrzyskiej i Karmelkowej,6.0,2.88,18,,810,month,tak,tak,Ewelina@reklama.ai,602534843,zarezerwowany,https://www.reklama.ai/assets/images/billboardy/302_01.jpg,tak,https://www.reklama.ai/wynajem_billboardow/tablica/302/wroclaw---rondo-przy-ul-walbrzyskiej-i-karmelkowej
303,billboard,Wrocław,rondo przy ul. Wałbrzyskiej i Karmelkowej,6.07,2.88,18,,810,month,tak,tak,Ewelina@reklama.ai,602534843,zarezerwowany,https://www.reklama.ai/assets/images/billboardy/303_01.jpg,tak,https://www.reklama.ai/wynajem_billboardow/tablica/303/wroclaw---rondo-przy-ul-walbrzyskiej-i-karmelkowej
305,billboard,Polanica Zdrój,Deptak,4.0,2.0,8,,360,month,tak,tak,Ewelina@reklama.ai,602534843,zarezerwowany,https://www.reklama.ai/assets/images/billboardy/305_01.jpg,tak,https://www.reklama.ai/wynajem_billboardow/tablica/305/polanica-zdroj---deptak
306_01,billboard,Kłodzko,"Jaszkówka, wjazd od Nysy",5.05,2.38,12,,540,month,tak,tak,Ewelina@reklama.ai,602534843,zarezerwowany,https://www.reklama.ai/assets/images/billboardy/306_01_01.jpg,tak,https://www.reklama.ai/wynajem_billboardow/tablica/306_01/klodzko---jaszkowka-wjazd-od-nysy
309_01,billboard,Trzebieszowice,"Trzebieszowice, Droga: 392",5.05,2.35,12,,540,month,tak,tak,Ewelina@reklama.ai,602534843,zarezerwowany,https://www.reklama.ai/assets/images/billboardy/309_01_01.jpg,tak,https://www.reklama.ai/wynajem_billboardow/tablica/309_01/trzebieszowice---trzebieszowice-droga-392
309_02,billboard,Trzebieszowice,"Trzebieszowice, Droga: 392",5.05,2.35,12,,540,month,tak,tak,Ewelina@reklama.ai,602534843,zarezerwowany,https://www.reklama.ai/assets/images/billboardy/309_02_01.jpg,tak,https://www.reklama.ai/wynajem_billboardow/tablica/309_02/trzebieszowice---trzebieszowice-droga-392
310_01,billboard,Kłodzko,ul.Objazdowa - KPM Meble,6.0,2.88,18,,810,month,tak,tak,Ewelina@reklama.ai,602534843,zarezerwowany,https://www.reklama.ai/assets/images/billboardy/310_01_01.jpg,tak,https://www.reklama.ai/wynajem_billboardow/tablica/310_01/klodzko---ulobjazdowa-kpm-meble
310_02,billboard,Kłodzko,ul.Objazdowa - KPM Meble,6.0,2.88,18,,810,month,tak,tak,Ewelina@reklama.ai,602534843,zarezerwowany,https://www.reklama.ai/assets/images/billboardy/310_02_01.jpg,tak,https://www.reklama.ai/wynajem_billboardow/tablica/310_02/klodzko---ulobjazdowa-kpm-meble
311_01,billboard,Kłodzko,ul.Objazdowa,6.0,2.88,18,,810,month,tak,tak,Ewelina@reklama.ai,602534843,zarezerwowany,https://www.reklama.ai/assets/images/billboardy/311_01_01.jpg,tak,https://www.reklama.ai/wynajem_billboardow/tablica/311_01/klodzko---ulobjazdowa
311_02,billboard,Kłodzko,ul.Objazdowa,6.0,2.88,18,,810,month,tak,tak,Ewelina@reklama.ai,602534843,zarezerwowany,https://www.reklama.ai/assets/images/billboardy/311_02_01.jpg,tak,https://www.reklama.ai/wynajem_billboardow/tablica/311_02/klodzko---ulobjazdowa
312_01,billboard,Kłodzko,ul.Objazdowa - Mała Twierdza,6.0,2.88,18,,810,month,tak,tak,Ewelina@reklama.ai,602534843,zarezerwowany,https://www.reklama.ai/assets/images/billboardy/312_01_01.jpg,tak,https://www.reklama.ai/wynajem_billboardow/tablica/312_01/klodzko---ulobjazdowa-mala-twierdza
313_01,billboard,Kłodzko,ul.Wyspiańskiego - Mikron,5.05,2.38,12,,540,month,tak,tak,Ewelina@reklama.ai,602534843,zarezerwowany,https://www.reklama.ai/assets/images/billboardy/313_01_01.jpg,tak,https://www.reklama.ai/wynajem_billboardow/tablica/313_01/klodzko---ulwyspianskiego-mikron
314_01,billboard,Kłodzko,ul.Wyspiańskiego - Leviatan,5.05,2.38,12,,540,month,tak,tak,Ewelina@reklama.ai,602534843,zarezerwowany,https://www.reklama.ai/assets/images/billboardy/314_01_01.jpg,tak,https://www.reklama.ai/wynajem_billboardow/tablica/314_01/klodzko---ulwyspianskiego-leviatan
314_02,billboard,Kłodzko,ul.Wyspiańskiego - Myśliwska,5.05,2.38,12,,540,month,tak,tak,Ewelina@reklama.ai,602534843,zarezerwowany,https://www.reklama.ai/assets/images/billboardy/314_02_01.jpg,tak,https://www.reklama.ai/wynajem_billboardow/tablica/314_02/klodzko---ulwyspianskiego-mysliwska
317_01,billboard,Kłodzko,ul. Noworudzka (Stacja LPG),6.0,2.88,18,,810,month,tak,tak,Ewelina@reklama.ai,602534843,zarezerwowany,https://www.reklama.ai/assets/images/billboardy/317_01_01.jpg,tak,https://www.reklama.ai/wynajem_billboardow/tablica/317_01/klodzko---ul-noworudzka-stacja-lpg
317_02,billboard,Kłodzko,ul. Noworudzka (Stacja LPG),6.0,2.88,18,,810,month,tak,tak,Ewelina@reklama.ai,602534843,zarezerwowany,https://www.reklama.ai/assets/images/billboardy/317_02_01.jpg,tak,https://www.reklama.ai/wynajem_billboardow/tablica/317_02/klodzko---ul-noworudzka-stacja-lpg
318_01,billboard,Kłodzko,Stacja LPG,5.97,2.86,18,,810,month,tak,tak,Ewelina@reklama.ai,602534843,zarezerwowany,https://www.reklama.ai/assets/images/billboardy/318_01_01.jpg,tak,https://www.reklama.ai/wynajem_billboardow/tablica/318_01/klodzko---stacja-lpg
318_02,billboard,Kłodzko,przy stacji LPG,5.97,2.86,18,,810,month,tak,tak,Ewelina@reklama.ai,602534843,zarezerwowany,https://www.reklama.ai/assets/images/billboardy/318_02_01.jpg,tak,https://www.reklama.ai/wynajem_billboardow/tablica/318_02/klodzko---przy-stacji-lpg
320_05,billboard,Kłodzko,ul.Kościuszki,6.0,3.0,18,,810,month,tak,tak,Ewelina@reklama.ai,602534843,zarezerwowany,https://www.reklama.ai/assets/images/billboardy/320_05_01.jpg,tak,https://www.reklama.ai/wynajem_billboardow/tablica/320_05/klodzko---ulkosciuszki
320_06,billboard,Kłodzko,ul.Kościuszki,6.0,3.0,18,,810,month,tak,tak,Ewelina@reklama.ai,602534843,zarezerwowany,https://www.reklama.ai/assets/images/billboardy/320_06_01.jpg,tak,https://www.reklama.ai/wynajem_billboardow/tablica/320_06/klodzko---ulkosciuszki
320_12,billboard,Kłodzko,ul.Kościuszki,12.2,3.0,36,,1620,month,tak,tak,Ewelina@reklama.ai,602534843,zarezerwowany,https://www.reklama.ai/assets/images/billboardy/320_12_01.jpg,tak,https://www.reklama.ai/wynajem_billboardow/tablica/320_12/klodzko---ulkosciuszki
320_34,billboard,Kłodzko,ul.Kościuszki,12.2,3.0,36,,1620,month,tak,tak,Ewelina@reklama.ai,602534843,wolny,https://www.reklama.ai/assets/images/billboardy/320_34_01.jpg,tak,https://www.reklama.ai/wynajem_billboardow/tablica/320_34/klodzko---ulkosciuszki
321,billboard,Kłodzko,Kusocińskiego (Salus),5.05,2.35,12,,540,month,tak,tak,Ewelina@reklama.ai,602534843,zarezerwowany,https://www.reklama.ai/assets/images/billboardy/321_01.jpg,tak,https://www.reklama.ai/wynajem_billboardow/tablica/321/klodzko---kusocinskiego-salus
322,billboard,Kłodzko,Kusocińskiego (Salus),5.05,2.35,12,,540,month,tak,tak,Ewelina@reklama.ai,602534843,zarezerwowany,https://www.reklama.ai/assets/images/billboardy/322_01.jpg,tak,https://www.reklama.ai/wynajem_billboardow/tablica/322/klodzko---kusocinskiego-salus
323,billboard,Kudowa Zdrój,przy myjni samochodowej,5.05,2.35,12,,540,month,tak,tak,Ewelina@reklama.ai,602534843,zarezerwowany,https://www.reklama.ai/assets/images/billboardy/323_01.jpg,tak,https://www.reklama.ai/wynajem_billboardow/tablica/323/kudowa-zdroj---przy-myjni-samochodowej
324_01,billboard,Kudowa Zdrój,TRASA NR 8,6.0,2.88,18,,810,month,tak,tak,Ewelina@reklama.ai,602534843,zarezerwowany,https://www.reklama.ai/assets/images/billboardy/324_01_01.jpg,tak,https://www.reklama.ai/wynajem_billboardow/tablica/324_01/kudowa-zdroj---trasa-nr-8
324_02,billboard,Kudowa Zdrój,TRASA NR 8,6.0,2.88,18,,810,month,tak,tak,Ewelina@reklama.ai,602534843,wolny,https://www.reklama.ai/assets/images/billboardy/324_02_01.jpg,tak,https://www.reklama.ai/wynajem_billboardow/tablica/324_02/kudowa-zdroj---trasa-nr-8
325_01,billboard,Szczytna,Pole golfowe. Długi najazd,12.2,2.88,36,,1620,month,tak,tak,Ewelina@reklama.ai,602534843,zarezerwowany,https://www.reklama.ai/assets/images/billboardy/325_01_01.jpg,tak,https://www.reklama.ai/wynajem_billboardow/tablica/325_01/szczytna---pole-golfowe-dlugi-najazd
325_02,billboard,Szczytna,Pole golfowe. Długi najazd,12.2,2.88,36,,1620,month,tak,tak,Ewelina@reklama.ai,602534843,zarezerwowany,https://www.reklama.ai/assets/images/billboardy/325_02_01.jpg,tak,https://www.reklama.ai/wynajem_billboardow/tablica/325_02/szczytna---pole-golfowe-dlugi-najazd
326_01,billboard,Szczytna,Pole golfowe. Długi najazd.,12.2,2.88,36,,1620,month,tak,tak,Ewelina@reklama.ai,602534843,zarezerwowany,https://www.reklama.ai/assets/images/billboardy/326_01_01.jpg,tak,https://www.reklama.ai/wynajem_billboardow/tablica/326_01/szczytna---pole-golfowe-dlugi-najazd
327,billboard,Kudowa Zdrój,TRASA NR 8,6.0,2.88,18,,810,month,tak,tak,Ewelina@reklama.ai,602534843,zarezerwowany,https://www.reklama.ai/assets/images/billboardy/327_01.jpg,tak,https://www.reklama.ai/wynajem_billboardow/tablica/327/kudowa-zdroj---trasa-nr-8
328_01,billboard,Kłodzko,"Bierkowice, przy stawach",6.0,2.88,18,,810,month,tak,tak,Ewelina@reklama.ai,602534843,zarezerwowany,https://www.reklama.ai/assets/images/billboardy/328_01_01.jpg,tak,https://www.reklama.ai/wynajem_billboardow/tablica/328_01/klodzko---bierkowice-przy-stawach
328_02,billboard,Kłodzko,"Bierkowice, przy stawach",6.0,2.88,18,,810,month,tak,tak,Ewelina@reklama.ai,602534843,zarezerwowany,https://www.reklama.ai/assets/images/billboardy/328_02_01.jpg,tak,https://www.reklama.ai/wynajem_billboardow/tablica/328_02/klodzko---bierkowice-przy-stawach
330_01,billboard,Kłodzko,ul.Połabska,10.2,2.5,26,,1170,month,tak,tak,Ewelina@reklama.ai,602534843,wolny,https://www.reklama.ai/assets/images/billboardy/330_01_01.jpg,tak,https://www.reklama.ai/wynajem_billboardow/tablica/330_01/klodzko---ulpolabska
330_02,billboard,Kłodzko,ul.Połabska,10.2,2.5,26,,1170,month,tak,tak,Ewelina@reklama.ai,602534843,wolny,https://www.reklama.ai/assets/images/billboardy/330_02_01.jpg,tak,https://www.reklama.ai/wynajem_billboardow/tablica/330_02/klodzko---ulpolabska
330_03,billboard,Kłodzko,ul.Połabska,10.2,2.5,26,,1170,month,tak,tak,Ewelina@reklama.ai,602534843,wolny,https://www.reklama.ai/assets/images/billboardy/330_03_01.jpg,tak,https://www.reklama.ai/wynajem_billboardow/tablica/330_03/klodzko---ulpolabska
332_01,billboard,Polanica-Zdrój,Wjazd do miasta,10.24,2.35,24,,1080,month,tak,tak,Ewelina@reklama.ai,602534843,zarezerwowany,https://www.reklama.ai/assets/images/billboardy/332_01_01.jpg,tak,https://www.reklama.ai/wynajem_billboardow/tablica/332_01/polanica-zdroj---wjazd-do-miasta
333_01,billboard,Oława,ul.Opolska,5.05,2.38,12,,540,month,tak,tak,Ewelina@reklama.ai,602534843,zarezerwowany,https://www.reklama.ai/assets/images/billboardy/333_01_01.jpg,tak,https://www.reklama.ai/wynajem_billboardow/tablica/333_01/olawa---ulopolska
333_02,billboard,Oława,ul.Opolska,5.05,2.38,12,,540,month,tak,tak,Ewelina@reklama.ai,602534843,zarezerwowany,https://www.reklama.ai/assets/images/billboardy/333_02_01.jpg,tak,https://www.reklama.ai/wynajem_billboardow/tablica/333_02/olawa---ulopolska
335,billboard,Szalejów Górny,TRASA NR 8,5.98,2.84,18,,810,month,tak,tak,Ewelina@reklama.ai,602534843,zarezerwowany,https://www.reklama.ai/assets/images/billboardy/335_01.jpg,tak,https://www.reklama.ai/wynajem_billboardow/tablica/335/szalejow-gorny---trasa-nr-8
336_01,billboard,Jordanów Śląski,Przy drodze krajowej nr 8,9.07,2.86,26,,1170,month,tak,tak,Ewelina@reklama.ai,602534843,zarezerwowany,https://www.reklama.ai/assets/images/billboardy/336_01_01.jpg,tak,https://www.reklama.ai/wynajem_billboardow/tablica/336_01/jordanow-slaski---przy-drodze-krajowej-nr-8
336_02,billboard,Jordanów Śląski,Przy drodze krajowej nr 8,9.07,2.86,26,,1170,month,tak,tak,Ewelina@reklama.ai,602534843,zarezerwowany,https://www.reklama.ai/assets/images/billboardy/336_02_01.jpg,tak,https://www.reklama.ai/wynajem_billboardow/tablica/336_02/jordanow-slaski---przy-drodze-krajowej-nr-8
337_01,billboard,Jordanów Śląski,Przy drodze krajowej nr 8,12.2,2.86,36,,1620,month,tak,tak,Ewelina@reklama.ai,602534843,zarezerwowany,https://www.reklama.ai/assets/images/billboardy/337_01_01.jpg,tak,https://www.reklama.ai/wynajem_billboardow/tablica/337_01/jordanow-slaski---przy-drodze-krajowej-nr-8
337_02,billboard,Jordanów Śląski,Przy drodze krajowej nr 8,12.2,2.88,36,,1620,month,tak,tak,Ewelina@reklama.ai,602534843,zarezerwowany,https://www.reklama.ai/assets/images/billboardy/337_02_01.jpg,tak,https://www.reklama.ai/wynajem_billboardow/tablica/337_02/jordanow-slaski---przy-drodze-krajowej-nr-8
338_01,billboard,Jordanów Śląski,Przy drodze krajowej nr 8,12.2,2.88,36,,1620,month,tak,tak,Ewelina@reklama.ai,602534843,zarezerwowany,https://www.reklama.ai/assets/images/billboardy/338_01_01.jpg,tak,https://www.reklama.ai/wynajem_billboardow/tablica/338_01/jordanow-slaski---przy-drodze-krajowej-nr-8
338_02,billboard,Jordanów Śląski,Przy drodze krajowej nr 8,12.2,2.88,36,,1620,month,tak,tak,Ewelina@reklama.ai,602534843,wolny,https://www.reklama.ai/assets/images/billboardy/338_02_01.jpg,tak,https://www.reklama.ai/wynajem_billboardow/tablica/338_02/jordanow-slaski---przy-drodze-krajowej-nr-8
339_01,billboard,Kłodzko,"Obwodnica Kłodzka, ul.Piłsudskiego",6.0,2.88,18,,810,month,tak,tak,Ewelina@reklama.ai,602534843,zarezerwowany,https://www.reklama.ai/assets/images/billboardy/339_01_01.jpg,tak,https://www.reklama.ai/wynajem_billboardow/tablica/339_01/klodzko---obwodnica-klodzka-ulpilsudskiego
339_02,billboard,Kłodzko,"Obwodnica Kłodzka, ul.Piłsudskiego",6.0,2.88,18,,810,month,tak,tak,Ewelina@reklama.ai,602534843,wolny,https://www.reklama.ai/assets/images/billboardy/339_02_01.jpg,tak,https://www.reklama.ai/wynajem_billboardow/tablica/339_02/klodzko---obwodnica-klodzka-ulpilsudskiego
341,billboard,Szalejów Górny,Wyjazd w kierunku Kłodzka,9.07,2.88,26,,1170,month,tak,tak,Ewelina@reklama.ai,602534843,zarezerwowany,https://www.reklama.ai/assets/images/billboardy/341_01.jpg,tak,https://www.reklama.ai/wynajem_billboardow/tablica/341/szalejow-gorny---wyjazd-w-kierunku-klodzka
342_01,billboard,Szalejów Górny,Wyjazd w kierunku Kłodzka,9.07,2.86,26,,1170,month,tak,tak,Ewelina@reklama.ai,602534843,zarezerwowany,https://www.reklama.ai/assets/images/billboardy/342_01_01.jpg,tak,https://www.reklama.ai/wynajem_billboardow/tablica/342_01/szalejow-gorny---wyjazd-w-kierunku-klodzka
342_02,billboard,Szalejów Górny,Wjazd od Kłodzka,9.07,2.86,26,,1170,month,tak,tak,Ewelina@reklama.ai,602534843,zarezerwowany,https://www.reklama.ai/assets/images/billboardy/342_02_01.jpg,tak,https://www.reklama.ai/wynajem_billboardow/tablica/342_02/szalejow-gorny---wjazd-od-klodzka
343_01,billboard,Polanica-Zdrój,Wyjazd z miasta,9.07,2.86,26,,1170,month,tak,tak,Ewelina@reklama.ai,602534843,wolny,https://www.reklama.ai/assets/images/billboardy/343_01_01.jpg,tak,https://www.reklama.ai/wynajem_billboardow/tablica/343_01/polanica-zdroj---wyjazd-z-miasta
343_02,billboard,Polanica-Zdrój,Wjazd do miasta,9.07,2.86,26,,1170,month,tak,tak,Ewelina@reklama.ai,602534843,zarezerwowany,https://www.reklama.ai/assets/images/billboardy/343_02_01.jpg,tak,https://www.reklama.ai/wynajem_billboardow/tablica/343_02/polanica-zdroj---wjazd-do-miasta
344,billboard,Magnice,Wjazd na AOW,12.2,2.88,36,,1620,month,tak,tak,Ewelina@reklama.ai,602534843,zarezerwowany,https://www.reklama.ai/assets/images/billboardy/344_01.jpg,tak,https://www.reklama.ai/wynajem_billboardow/tablica/344/magnice---wjazd-na-aow
344_02,billboard,Magnice,Zjazd z AOW,12.2,2.86,36,,1620,month,tak,tak,Ewelina@reklama.ai,602534843,zarezerwowany,https://www.reklama.ai/assets/images/billboardy/344_02_01.jpg,tak,https://www.reklama.ai/wynajem_billboardow/tablica/344_02/magnice---zjazd-z-aow
346_01,billboard,Bystrzyca Kłodzka,wyjazd na obwodnicę miasta,5.05,2.38,12,,540,month,tak,tak,Ewelina@reklama.ai,602534843,wolny,https://www.reklama.ai/assets/images/billboardy/346_01_01.jpg,tak,https://www.reklama.ai/wynajem_billboardow/tablica/346_01/bystrzyca-klodzka---wyjazd-na-obwodnice-miasta
346_02,billboard,Bystrzyca Kłodzka,wjazd do miasta,5.05,2.38,12,,540,month,tak,tak,Ewelina@reklama.ai,602534843,zarezerwowany,https://www.reklama.ai/assets/images/billboardy/346_02_01.jpg,tak,https://www.reklama.ai/wynajem_billboardow/tablica/346_02/bystrzyca-klodzka---wjazd-do-miasta
347,billboard,Magnice,Zjazd z autostradowej obwodnicy Wrocławia (AOW),12.2,2.88,36,,1620,month,tak,tak,Ewelina@reklama.ai,602534843,wolny,https://www.reklama.ai/assets/images/billboardy/347_01.jpg,tak,https://www.reklama.ai/wynajem_billboardow/tablica/347/magnice---zjazd-z-autostradowej-obwodnicy-wroclawia-aow
348,billboard,Kłodzko,"Jaszkówka, wjazd od Nysy",12.3,2.86,36,,1620,month,tak,tak,Ewelina@reklama.ai,602534843,zarezerwowany,https://www.reklama.ai/assets/images/billboardy/348_01.jpg,tak,https://www.reklama.ai/wynajem_billboardow/tablica/348/klodzko---jaszkowka-wjazd-od-nysy
350,billboard,Ząbkowice Śląskie,wjazd do miasta,5.05,2.38,12,,540,month,tak,tak,Ewelina@reklama.ai,602534843,zarezerwowany,https://www.reklama.ai/assets/images/billboardy/350_01.jpg,tak,https://www.reklama.ai/wynajem_billboardow/tablica/350/zabkowice-slaskie---wjazd-do-miasta
351,billboard,Ząbkowice Śląskie,wjazd do miasta,5.05,2.38,12,,540,month,tak,tak,Ewelina@reklama.ai,602534843,zarezerwowany,https://www.reklama.ai/assets/images/billboardy/351_01.jpg,tak,https://www.reklama.ai/wynajem_billboardow/tablica/351/zabkowice-slaskie---wjazd-do-miasta
352,billboard,Kłodzko,"Rondo przy Galerii Twierdza, ul.Objazdowa",5.05,2.38,12,,540,month,tak,tak,Ewelina@reklama.ai,602534843,zarezerwowany,https://www.reklama.ai/assets/images/billboardy/352_01.jpg,tak,https://www.reklama.ai/wynajem_billboardow/tablica/352/klodzko---rondo-przy-galerii-twierdza-ulobjazdowa
354_01,billboard,Braszowice,Wyjazd z terenu zabudowanego,6.07,2.86,18,,810,month,tak,tak,Ewelina@reklama.ai,602534843,zarezerwowany,https://www.reklama.ai/assets/images/billboardy/354_01_01.jpg,tak,https://www.reklama.ai/wynajem_billboardow/tablica/354_01/braszowice---wyjazd-z-terenu-zabudowanego
354_02,billboard,Braszowice,Wyjazd z terenu zabudowanego,5.97,2.86,18,,810,month,tak,tak,Ewelina@reklama.ai,602534843,zarezerwowany,https://www.reklama.ai/assets/images/billboardy/354_02_01.jpg,tak,https://www.reklama.ai/wynajem_billboardow/tablica/354_02/braszowice---wyjazd-z-terenu-zabudowanego
357_01,billboard,Zgorzelec,obwodnica miasta,12.2,2.86,36,,1620,month,tak,tak,Ewelina@reklama.ai,602534843,zarezerwowany,https://www.reklama.ai/assets/images/billboardy/357_01_01.jpg,tak,https://www.reklama.ai/wynajem_billboardow/tablica/357_01/zgorzelec---obwodnica-miasta
357_02,billboard,Zgorzelec,przy obwodnicy miasta,12.2,2.86,36,,1620,month,tak,tak,Ewelina@reklama.ai,602534843,zarezerwowany,https://www.reklama.ai/assets/images/billboardy/357_02_01.jpg,tak,https://www.reklama.ai/wynajem_billboardow/tablica/357_02/zgorzelec---przy-obwodnicy-miasta
358_01,billboard,Kłodzko,Boguszyn,6.0,2.88,18,,810,month,tak,tak,Ewelina@reklama.ai,602534843,zarezerwowany,https://www.reklama.ai/assets/images/billboardy/358_01_01.jpg,tak,https://www.reklama.ai/wynajem_billboardow/tablica/358_01/klodzko---boguszyn
358_02,billboard,Kłodzko,"Boguszyn, za stacją ORLEN",6.0,2.88,18,,810,month,tak,tak,Ewelina@reklama.ai,602534843,wolny,https://www.reklama.ai/assets/images/billboardy/358_02_01.jpg,tak,https://www.reklama.ai/wynajem_billboardow/tablica/358_02/klodzko---boguszyn-za-stacja-orlen
359,billboard,Szalejów Górny,Zjazd na Polanicę-Zdrój,10.13,2.35,24,,1080,month,tak,tak,Ewelina@reklama.ai,602534843,zarezerwowany,https://www.reklama.ai/assets/images/billboardy/359_01.jpg,tak,https://www.reklama.ai/wynajem_billboardow/tablica/359/szalejow-gorny---zjazd-na-polanice-zdroj
360_01,billboard,Otmuchów,wylot z miasta,12.32,2.88,36,,1620,month,tak,tak,Ewelina@reklama.ai,602534843,zarezerwowany,https://www.reklama.ai/assets/images/billboardy/360_01_01.jpg,tak,https://www.reklama.ai/wynajem_billboardow/tablica/360_01/otmuchow---wylot-z-miasta
360_02,billboard,Otmuchów,wjazd do miasta,12.2,2.86,36,,1620,month,tak,tak,Ewelina@reklama.ai,602534843,zarezerwowany,https://www.reklama.ai/assets/images/billboardy/360_02_01.jpg,tak,https://www.reklama.ai/wynajem_billboardow/tablica/360_02/otmuchow---wjazd-do-miasta
362,billboard,Kłodzko,"Obwodnica Kłodzka, przy Galerii Twierdza",6.0,2.88,18,,810,month,tak,tak,Ewelina@reklama.ai,602534843,zarezerwowany,https://www.reklama.ai/assets/images/billboardy/362_01.jpg,tak,https://www.reklama.ai/wynajem_billboardow/tablica/362/klodzko---obwodnica-klodzka-przy-galerii-twierdza
391,billboard,Polanica Zdrój,Parking Biedronka,5.05,2.35,12,,540,month,tak,tak,Ewelina@reklama.ai,602534843,zarezerwowany,https://www.reklama.ai/assets/images/billboardy/391_01.jpg,tak,https://www.reklama.ai/wynajem_billboardow/tablica/391/polanica-zdroj---parking-biedronka
392,billboard,Polanica Zdrój,Parking Biedronka,5.05,2.35,12,,540,month,tak,tak,Ewelina@reklama.ai,602534843,zarezerwowany,https://www.reklama.ai/assets/images/billboardy/392_01.jpg,tak,https://www.reklama.ai/wynajem_billboardow/tablica/392/polanica-zdroj---parking-biedronka
393_01,billboard,Bardo,"Wyjazd z Barda, dojazd do Kłodzka",10.24,2.35,24,,1080,month,tak,tak,Ewelina@reklama.ai,602534843,zarezerwowany,https://www.reklama.ai/assets/images/billboardy/393_01_01.jpg,tak,https://www.reklama.ai/wynajem_billboardow/tablica/393_01/bardo---wyjazd-z-barda-dojazd-do-klodzka
393_02,billboard,Bardo,Wjazd do Barda,10.24,2.35,24,,1080,month,tak,tak,Ewelina@reklama.ai,602534843,zarezerwowany,https://www.reklama.ai/assets/images/billboardy/393_02_01.jpg,tak,https://www.reklama.ai/wynajem_billboardow/tablica/393_02/bardo---wjazd-do-barda
394_01,billboard,Bardo,"Wyjazd z Barda, dojazd do Kłodzka",10.24,2.35,24,,1080,month,tak,tak,Ewelina@reklama.ai,602534843,zarezerwowany,https://www.reklama.ai/assets/images/billboardy/394_01_01.jpg,tak,https://www.reklama.ai/wynajem_billboardow/tablica/394_01/bardo---wyjazd-z-barda-dojazd-do-klodzka
394_02,billboard,Bardo,Wjazd do Barda,10.24,2.35,24,,1080,month,tak,tak,Ewelina@reklama.ai,602534843,zarezerwowany,https://www.reklama.ai/assets/images/billboardy/394_02_01.jpg,tak,https://www.reklama.ai/wynajem_billboardow/tablica/394_02/bardo---wjazd-do-barda
402_01,billboard,Polanica Zdrój,Polanica-Zdrój - Wolany,5.97,2.86,18,,810,month,tak,tak,Ewelina@reklama.ai,602534843,zarezerwowany,https://www.reklama.ai/assets/images/billboardy/402_01_01.jpg,tak,https://www.reklama.ai/wynajem_billboardow/tablica/402_01/polanica-zdroj---polanica-zdroj-wolany
402_02,billboard,Polanica Zdrój,Polanica-Zdrój - Wolany,5.97,2.86,18,,810,month,tak,tak,Ewelina@reklama.ai,602534843,zarezerwowany,https://www.reklama.ai/assets/images/billboardy/402_02_01.jpg,tak,https://www.reklama.ai/wynajem_billboardow/tablica/402_02/polanica-zdroj---polanica-zdroj-wolany
404_01,billboard,Szalejów Górny,,10.24,2.35,24,,1080,month,tak,tak,Ewelina@reklama.ai,602534843,zarezerwowany,https://www.reklama.ai/assets/images/billboardy/404_01_01.jpg,tak,https://www.reklama.ai/wynajem_billboardow/tablica/404_01/szalejow-gorny
404_02,billboard,Szalejów Górny,,10.24,2.35,24,,1080,month,tak,tak,Ewelina@reklama.ai,602534843,zarezerwowany,https://www.reklama.ai/assets/images/billboardy/404_02_01.jpg,tak,https://www.reklama.ai/wynajem_billboardow/tablica/404_02/szalejow-gorny
405_01,billboard,Sidzina,Droga nr 46 Opole - Nysa,12.2,2.88,36,,1620,month,tak,tak,Ewelina@reklama.ai,602534843,zarezerwowany,https://www.reklama.ai/assets/images/billboardy/405_01_01.jpg,tak,https://www.reklama.ai/wynajem_billboardow/tablica/405_01/sidzina---droga-nr-46-opole-nysa
405_02,billboard,Sidzina,Droga nr 46 Nysa - Opole,12.2,2.88,36,,1620,month,tak,tak,Ewelina@reklama.ai,602534843,zarezerwowany,https://www.reklama.ai/assets/images/billboardy/405_02_01.jpg,tak,https://www.reklama.ai/wynajem_billboardow/tablica/405_02/sidzina---droga-nr-46-nysa-opole
406_01,billboard,Ząbkowice Śląskie,"Ząbkowice Śląskie, nowa obwodnica",12.2,2.86,36,,1620,month,tak,tak,Ewelina@reklama.ai,602534843,zarezerwowany,https://www.reklama.ai/assets/images/billboardy/406_01_01.jpg,tak,https://www.reklama.ai/wynajem_billboardow/tablica/406_01/zabkowice-slaskie---zabkowice-slaskie-nowa-obwodnica
406_02,billboard,Ząbkowice Śląskie,"Ząbkowice Śląskie, nowa obwodnica",12.2,2.86,36,,1620,month,tak,tak,Ewelina@reklama.ai,602534843,zarezerwowany,https://www.reklama.ai/assets/images/billboardy/406_02_01.jpg,tak,https://www.reklama.ai/wynajem_billboardow/tablica/406_02/zabkowice-slaskie---zabkowice-slaskie-nowa-obwodnica
407,billboard,Ząbkowice Śląskie,"Ząbkowice Śląskie, nowa obwodnica",5.04,2.35,12,,540,month,tak,tak,Ewelina@reklama.ai,602534843,zarezerwowany,https://www.reklama.ai/assets/images/billboardy/407_01.jpg,tak,https://www.reklama.ai/wynajem_billboardow/tablica/407/zabkowice-slaskie---zabkowice-slaskie-nowa-obwodnica
408,billboard,Ząbkowice Śląskie,"Ząbkowice Śląskie, nowa obwodnica",5.04,2.35,12,,540,month,tak,tak,Ewelina@reklama.ai,602534843,zarezerwowany,https://www.reklama.ai/assets/images/billboardy/408_01.jpg,tak,https://www.reklama.ai/wynajem_billboardow/tablica/408/zabkowice-slaskie---zabkowice-slaskie-nowa-obwodnica
409,billboard,Ząbkowice Śląskie,"Ząbkowice Śląskie, nowa obwodnica",10.24,2.35,24,,1080,month,tak,tak,Ewelina@reklama.ai,602534843,zarezerwowany,https://www.reklama.ai/assets/images/billboardy/409_01.jpg,tak,https://www.reklama.ai/wynajem_billboardow/tablica/409/zabkowice-slaskie---zabkowice-slaskie-nowa-obwodnica
410,billboard,Jaszkówka,Wyjazd w kierunku Kłodzka,5.97,2.86,18,,810,month,tak,tak,Ewelina@reklama.ai,602534843,zarezerwowany,https://www.reklama.ai/assets/images/billboardy/410_01.jpg,tak,https://www.reklama.ai/wynajem_billboardow/tablica/410/jaszkowka---wyjazd-w-kierunku-klodzka
411,billboard,Nowa Ruda - Słupiec,Wyjazd w kierunku Kłodzka,5.04,2.35,12,,540,month,tak,tak,Ewelina@reklama.ai,602534843,zarezerwowany,https://www.reklama.ai/assets/images/billboardy/411_01.jpg,tak,https://www.reklama.ai/wynajem_billboardow/tablica/411/nowa-ruda-slupiec---wyjazd-w-kierunku-klodzka
412,billboard,Przerzeczyn-Zdrój,"obszar zabudowany, droga tranzytowa",9.07,2.86,26,,1170,month,tak,tak,Ewelina@reklama.ai,602534843,zarezerwowany,https://www.reklama.ai/assets/images/billboardy/412_01.jpg,tak,https://www.reklama.ai/wynajem_billboardow/tablica/412/przerzeczyn-zdroj---obszar-zabudowany-droga-tranzytowa
413_02,billboard,Kłodzko,"ul. Warty, wjad do Kłodzka",5.97,2.86,18,,810,month,tak,tak,Ewelina@reklama.ai,602534843,zarezerwowany,https://www.reklama.ai/assets/images/billboardy/413_02_01.jpg,tak,https://www.reklama.ai/wynajem_billboardow/tablica/413_02/klodzko---ul-warty-wjad-do-klodzka
414,billboard,Złoty Stok,"ul. Kłodzka, obok marketów",5.97,2.86,18,,810,month,tak,tak,Ewelina@reklama.ai,602534843,zarezerwowany,https://www.reklama.ai/assets/images/billboardy/414_01.jpg,tak,https://www.reklama.ai/wynajem_billboardow/tablica/414/zloty-stok---ul-klodzka-obok-marketow
415,billboard,Kłodzko,"Kłodzko, ul. Dusznicka",6.04,2.86,18,,810,month,tak,tak,Ewelina@reklama.ai,602534843,zarezerwowany,https://www.reklama.ai/assets/images/billboardy/415_01.jpg,tak,https://www.reklama.ai/wynajem_billboardow/tablica/415/klodzko---klodzko-ul-dusznicka
417_01,billboard,Kłodzko,Obwodnica Kłodzka,9.07,2.88,26,,1170,month,tak,tak,Ewelina@reklama.ai,602534843,zarezerwowany,https://www.reklama.ai/assets/images/billboardy/417_01_01.jpg,tak,https://www.reklama.ai/wynajem_billboardow/tablica/417_01/klodzko---obwodnica-klodzka
417_02,billboard,Kłodzko,Obwodnica Kłodzka,9.07,2.88,26,,1170,month,tak,tak,Ewelina@reklama.ai,602534843,zarezerwowany,https://www.reklama.ai/assets/images/billboardy/417_02_01.jpg,tak,https://www.reklama.ai/wynajem_billboardow/tablica/417_02/klodzko---obwodnica-klodzka
418_01,billboard,Braszowice,Braszowice,12.1,3.06,36,,1620,month,tak,tak,Ewelina@reklama.ai,602534843,zarezerwowany,https://www.reklama.ai/assets/images/billboardy/418_01_01.jpg,tak,https://www.reklama.ai/wynajem_billboardow/tablica/418_01/braszowice---braszowice
418_02,billboard,Braszowice,Braszowice,12.2,2.86,36,,1620,month,tak,tak,Ewelina@reklama.ai,602534843,zarezerwowany,https://www.reklama.ai/assets/images/billboardy/418_02_01.jpg,tak,https://www.reklama.ai/wynajem_billboardow/tablica/418_02/braszowice---braszowice
419,billboard,Szklary,Szklary,12.2,2.86,36,,1620,month,tak,tak,Ewelina@reklama.ai,602534843,zarezerwowany,https://www.reklama.ai/assets/images/billboardy/419_01.jpg,tak,https://www.reklama.ai/wynajem_billboardow/tablica/419/szklary---szklary
419_02,billboard,Szklary,Szklary,12.2,2.86,36,,1620,month,tak,tak,Ewelina@reklama.ai,602534843,zarezerwowany,https://www.reklama.ai/assets/images/billboardy/419_02_01.jpg,tak,https://www.reklama.ai/wynajem_billboardow/tablica/419_02/szklary---szklary
421_01,billboard,Kłodzko,"ul. Noworudzka, kier. Galeria Twierdza",5.97,2.86,18,,810,month,tak,tak,Ewelina@reklama.ai,602534843,zarezerwowany,https://www.reklama.ai/assets/images/billboardy/421_01_01.jpg,tak,https://www.reklama.ai/wynajem_billboardow/tablica/421_01/klodzko---ul-noworudzka-kier-galeria-twierdza
421_02,billboard,Kłodzko,"ul. Noworudzka, kier. centrum",5.97,2.86,18,,810,month,tak,tak,Ewelina@reklama.ai,602534843,wolny,https://www.reklama.ai/assets/images/billboardy/421_02_01.jpg,tak,https://www.reklama.ai/wynajem_billboardow/tablica/421_02/klodzko---ul-noworudzka-kier-centrum
422_01,billboard,Kłodzko,"ul. Noworudzka, kier. Galeria Twierdza",5.97,2.86,18,,810,month,tak,tak,Ewelina@reklama.ai,602534843,zarezerwowany,https://www.reklama.ai/assets/images/billboardy/422_01_01.jpg,tak,https://www.reklama.ai/wynajem_billboardow/tablica/422_01/klodzko---ul-noworudzka-kier-galeria-twierdza
422_02,billboard,Kłodzko,"ul. Noworudzka, kier. centrum",5.97,2.86,18,,810,month,tak,tak,Ewelina@reklama.ai,602534843,zarezerwowany,https://www.reklama.ai/assets/images/billboardy/422_02_01.jpg,tak,https://www.reklama.ai/wynajem_billboardow/tablica/422_02/klodzko---ul-noworudzka-kier-centrum
423_01,billboard,Kłodzko,"ul. Noworudzka, kier. Galeria Twierdza",5.97,2.86,18,,810,month,tak,tak,Ewelina@reklama.ai,602534843,zarezerwowany,https://www.reklama.ai/assets/images/billboardy/423_01_01.jpg,tak,https://www.reklama.ai/wynajem_billboardow/tablica/423_01/klodzko---ul-noworudzka-kier-galeria-twierdza
423_02,billboard,Kłodzko,"ul. Noworudzka, kier. centrum",5.97,2.86,18,,810,month,tak,tak,Ewelina@reklama.ai,602534843,wolny,https://www.reklama.ai/assets/images/billboardy/423_02_01.jpg,tak,https://www.reklama.ai/wynajem_billboardow/tablica/423_02/klodzko---ul-noworudzka-kier-centrum
424_01,billboard,Kłodzko,"ul. Noworudzka, kier. Galeria Twierdza",9.07,2.86,26,,1170,month,tak,tak,Ewelina@reklama.ai,602534843,zarezerwowany,https://www.reklama.ai/assets/images/billboardy/424_01_01.jpg,tak,https://www.reklama.ai/wynajem_billboardow/tablica/424_01/klodzko---ul-noworudzka-kier-galeria-twierdza
424_02,billboard,Kłodzko,"ul. Noworudzka, kier. centrum",9.07,2.86,26,,1170,month,tak,tak,Ewelina@reklama.ai,602534843,zarezerwowany,https://www.reklama.ai/assets/images/billboardy/424_02_01.jpg,tak,https://www.reklama.ai/wynajem_billboardow/tablica/424_02/klodzko---ul-noworudzka-kier-centrum
425_01,billboard,Ząbkowice,Wjazd od strony Wrocławia,5.97,2.86,18,,810,month,tak,tak,Ewelina@reklama.ai,602534843,zarezerwowany,https://www.reklama.ai/assets/images/billboardy/425_01_01.jpg,tak,https://www.reklama.ai/wynajem_billboardow/tablica/425_01/zabkowice---wjazd-od-strony-wroclawia
426,billboard,Kudowa Zdrój,DK-8 kier. centrum od granicy,5.97,2.86,18,,810,month,tak,tak,Ewelina@reklama.ai,602534843,zarezerwowany,https://www.reklama.ai/assets/images/billboardy/426_01.jpg,tak,https://www.reklama.ai/wynajem_billboardow/tablica/426/kudowa-zdroj---dk-8-kier-centrum-od-granicy
427_01,billboard,Ząbkowice Śląskie,DK-8 kier. Kłodzko,5.97,2.86,18,,810,month,tak,tak,Ewelina@reklama.ai,602534843,zarezerwowany,https://www.reklama.ai/assets/images/billboardy/427_01_01.jpg,tak,https://www.reklama.ai/wynajem_billboardow/tablica/427_01/zabkowice-slaskie---dk-8-kier-klodzko
427_02,billboard,Ząbkowice Śląskie,DK-8 kier. Wrocław,5.97,2.86,18,,810,month,tak,tak,Ewelina@reklama.ai,602534843,zarezerwowany,https://www.reklama.ai/assets/images/billboardy/427_02_01.jpg,tak,https://www.reklama.ai/wynajem_billboardow/tablica/427_02/zabkowice-slaskie---dk-8-kier-wroclaw
428_01,billboard,Krosnowice (k. Kłodzka),Obwodnica Kłodzka DK-33,12.2,2.86,36,,1620,month,tak,tak,Ewelina@reklama.ai,602534843,wolny,https://www.reklama.ai/assets/images/billboardy/428_01_01.jpg,tak,https://www.reklama.ai/wynajem_billboardow/tablica/428_01/krosnowice-k-klodzka---obwodnica-klodzka-dk-33
428_02,billboard,Krosnowice (k. Kłodzka),Obwodnica Kłodzka DK-33,12.2,2.86,36,,1620,month,tak,tak,Ewelina@reklama.ai,602534843,wolny,https://www.reklama.ai/assets/images/billboardy/428_02_01.jpg,tak,https://www.reklama.ai/wynajem_billboardow/tablica/428_02/krosnowice-k-klodzka---obwodnica-klodzka-dk-33
429,billboard,Złoty Stok,"ul. Kłodzka, obok marketów",5.97,2.86,18,,810,month,tak,tak,Ewelina@reklama.ai,602534843,zarezerwowany,https://www.reklama.ai/assets/images/billboardy/429_01.jpg,tak,https://www.reklama.ai/wynajem_billboardow/tablica/429/zloty-stok---ul-klodzka-obok-marketow
430,billboard,Kłodzko,"Kłodzko, ul. Dusznicka",5.97,2.86,18,,810,month,tak,tak,Ewelina@reklama.ai,602534843,zarezerwowany,https://www.reklama.ai/assets/images/billboardy/430_01.jpg,tak,https://www.reklama.ai/wynajem_billboardow/tablica/430/klodzko---klodzko-ul-dusznicka
431,billboard,Kłodzko,Rondo obok Castoramy,5.04,2.35,12,,540,month,tak,tak,Ewelina@reklama.ai,602534843,zarezerwowany,https://www.reklama.ai/assets/images/billboardy/431_01.jpg,tak,https://www.reklama.ai/wynajem_billboardow/tablica/431/klodzko---rondo-obok-castoramy
432,billboard,Kłodzko,Rondo obok Castoramy,5.04,2.35,12,,540,month,tak,tak,Ewelina@reklama.ai,602534843,zarezerwowany,https://www.reklama.ai/assets/images/billboardy/432_01.jpg,tak,https://www.reklama.ai/wynajem_billboardow/tablica/432/klodzko---rondo-obok-castoramy
433_01,billboard,Krosnowice (k. Kłodzka),Obwodnica Kłodzka DK-33,12.2,2.86,36,,1620,month,tak,tak,Ewelina@reklama.ai,602534843,zarezerwowany,https://www.reklama.ai/assets/images/billboardy/433_01_01.jpg,tak,https://www.reklama.ai/wynajem_billboardow/tablica/433_01/krosnowice-k-klodzka---obwodnica-klodzka-dk-33
433_02,billboard,Krosnowice (k. Kłodzka),Obwodnica Kłodzka DK-33,12.2,2.86,36,,1620,month,tak,tak,Ewelina@reklama.ai,602534843,zarezerwowany,https://www.reklama.ai/assets/images/billboardy/433_02_01.jpg,tak,https://www.reklama.ai/wynajem_billboardow/tablica/433_02/krosnowice-k-klodzka---obwodnica-klodzka-dk-33
434_01,billboard,Krosnowice (k. Kłodzka),Obwodnica Kłodzka DK-33,12.2,2.86,36,,1620,month,tak,tak,Ewelina@reklama.ai,602534843,zarezerwowany,https://www.reklama.ai/assets/images/billboardy/434_01_01.jpg,tak,https://www.reklama.ai/wynajem_billboardow/tablica/434_01/krosnowice-k-klodzka---obwodnica-klodzka-dk-33
434_02,billboard,Krosnowice (k. Kłodzka),Obwodnica Kłodzka DK-33,12.2,2.86,36,,1620,month,tak,tak,Ewelina@reklama.ai,602534843,wolny,https://www.reklama.ai/assets/images/billboardy/434_02_01.jpg,tak,https://www.reklama.ai/wynajem_billboardow/tablica/434_02/krosnowice-k-klodzka---obwodnica-klodzka-dk-33
435,billboard,Kłodzko,"Obwodnica Kłodzka, przy Galerii Twierdza",12.2,2.86,36,,1620,month,tak,tak,Ewelina@reklama.ai,602534843,zarezerwowany,https://www.reklama.ai/assets/images/billboardy/435_01.jpg,tak,https://www.reklama.ai/wynajem_billboardow/tablica/435/klodzko---obwodnica-klodzka-przy-galerii-twierdza
436_01,billboard,Kłodzko,Obwodnica Kłodzka,12.2,2.88,36,,1620,month,tak,tak,Ewelina@reklama.ai,602534843,zarezerwowany,https://www.reklama.ai/assets/images/billboardy/436_01_01.jpg,tak,https://www.reklama.ai/wynajem_billboardow/tablica/436_01/klodzko---obwodnica-klodzka
436_02,billboard,Kłodzko,Obwodnica Kłodzka,12.2,2.88,36,,1620,month,tak,tak,Ewelina@reklama.ai,602534843,wolny,https://www.reklama.ai/assets/images/billboardy/436_02_01.jpg,tak,https://www.reklama.ai/wynajem_billboardow/tablica/436_02/klodzko---obwodnica-klodzka
437,billboard,Duszniki-Zdrój,,12.2,2.86,36,,1620,month,tak,tak,Ewelina@reklama.ai,602534843,zarezerwowany,https://www.reklama.ai/assets/images/billboardy/437_01.jpg,tak,https://www.reklama.ai/wynajem_billboardow/tablica/437/duszniki-zdroj
438_01,billboard,Szklary-Huta,"Szklary-Huta, DK-8",12.2,2.86,36,,1620,month,tak,tak,Ewelina@reklama.ai,602534843,zarezerwowany,https://www.reklama.ai/assets/images/billboardy/438_01_01.jpg,tak,https://www.reklama.ai/wynajem_billboardow/tablica/438_01/szklary-huta---szklary-huta-dk-8
438_02,billboard,Szklary-Huta,"Szklary-Huta, DK-8",12.2,2.86,36,,1620,month,tak,tak,Ewelina@reklama.ai,602534843,wolny,https://www.reklama.ai/assets/images/billboardy/438_02_01.jpg,tak,https://www.reklama.ai/wynajem_billboardow/tablica/438_02/szklary-huta---szklary-huta-dk-8
439_01,billboard,Wilków Wielki,Wilków Wielki DK-8,12.2,2.86,36,,1620,month,tak,tak,Ewelina@reklama.ai,602534843,zarezerwowany,https://www.reklama.ai/assets/images/billboardy/439_01_01.jpg,tak,https://www.reklama.ai/wynajem_billboardow/tablica/439_01/wilkow-wielki---wilkow-wielki-dk-8
439_02,billboard,Wilków Wielki,Wilków Wielki DK-8,12.2,2.86,36,,1620,month,tak,tak,Ewelina@reklama.ai,602534843,zarezerwowany,https://www.reklama.ai/assets/images/billboardy/439_02_01.jpg,tak,https://www.reklama.ai/wynajem_billboardow/tablica/439_02/wilkow-wielki---wilkow-wielki-dk-8
440_01,billboard,Wilków Wielki,Wilków Wielki DK-8,12.2,2.86,36,,1620,month,tak,tak,Ewelina@reklama.ai,602534843,zarezerwowany,https://www.reklama.ai/assets/images/billboardy/440_01_01.jpg,tak,https://www.reklama.ai/wynajem_billboardow/tablica/440_01/wilkow-wielki---wilkow-wielki-dk-8
440_02,billboard,Wilków Wielki,Wilków Wielki DK-8,12.2,2.86,36,,1620,month,tak,tak,Ewelina@reklama.ai,602534843,zarezerwowany,https://www.reklama.ai/assets/images/billboardy/440_02_01.jpg,tak,https://www.reklama.ai/wynajem_billboardow/tablica/440_02/wilkow-wielki---wilkow-wielki-dk-8
441,billboard,Jaszkówka,Jaszkówka,5.97,2.86,18,,810,month,tak,tak,Ewelina@reklama.ai,602534843,zarezerwowany,https://www.reklama.ai/assets/images/billboardy/441_01.jpg,tak,https://www.reklama.ai/wynajem_billboardow/tablica/441/jaszkowka---jaszkowka
442,billboard,Kłodzko,"Kłodzko, wyjazd i wjazd do miasta",5.04,2.38,12,,540,month,tak,tak,Ewelina@reklama.ai,602534843,wolny,https://www.reklama.ai/assets/images/billboardy/442_01.jpg,tak,https://www.reklama.ai/wynajem_billboardow/tablica/442/klodzko---klodzko-wyjazd-i-wjazd-do-miasta
444,billboard,Braszowice,Braszowice DK-8,9.07,2.86,27,,1215,month,tak,tak,Ewelina@reklama.ai,602534843,zarezerwowany,https://www.reklama.ai/assets/images/billboardy/444_01.jpg,tak,https://www.reklama.ai/wynajem_billboardow/tablica/444/braszowice---braszowice-dk-8
446_01,billboard,Kłodzko,"Obwodnica Kłodzka, ul.Piłsudskiego",12.2,2.86,36,,1620,month,tak,tak,Ewelina@reklama.ai,602534843,zarezerwowany,https://www.reklama.ai/assets/images/billboardy/446_01_01.jpg,tak,https://www.reklama.ai/wynajem_billboardow/tablica/446_01/klodzko---obwodnica-klodzka-ulpilsudskiego
446_02,billboard,Kłodzko,"Obwodnica Kłodzka, ul.Piłsudskiego",12.2,2.86,36,,1620,month,tak,tak,Ewelina@reklama.ai,602534843,zarezerwowany,https://www.reklama.ai/assets/images/billboardy/446_02_01.jpg,tak,https://www.reklama.ai/wynajem_billboardow/tablica/446_02/klodzko---obwodnica-klodzka-ulpilsudskiego
447,billboard,Kłodzko,"Spółdzielcza, przy rondzie",5.04,2.35,12,,540,month,tak,tak,Ewelina@reklama.ai,602534843,zarezerwowany,https://www.reklama.ai/assets/images/billboardy/447_01.jpg,tak,https://www.reklama.ai/wynajem_billboardow/tablica/447/klodzko---spoldzielcza-przy-rondzie
448,billboard,Przerzeczyn-Zdrój,"obszar zabudowany, droga tranzytowa",5.97,2.86,18,,810,month,tak,tak,Ewelina@reklama.ai,602534843,zarezerwowany,https://www.reklama.ai/assets/images/billboardy/448_01.jpg,tak,https://www.reklama.ai/wynajem_billboardow/tablica/448/przerzeczyn-zdroj---obszar-zabudowany-droga-tranzytowa
449_01,billboard,Kudowa Zdrój,"Jeleniów, DK-8",5.97,2.86,18,,810,month,tak,tak,Ewelina@reklama.ai,602534843,zarezerwowany,https://www.reklama.ai/assets/images/billboardy/449_01_01.jpg,tak,https://www.reklama.ai/wynajem_billboardow/tablica/449_01/kudowa-zdroj---jeleniow-dk-8
449_02,billboard,Kudowa Zdrój,"Jeleniów, DK-8",5.97,2.86,18,,810,month,tak,tak,Ewelina@reklama.ai,602534843,zarezerwowany,https://www.reklama.ai/assets/images/billboardy/449_02_01.jpg,tak,https://www.reklama.ai/wynajem_billboardow/tablica/449_02/kudowa-zdroj---jeleniow-dk-8
450_01,billboard,Kłodzko,obok E.Leclerc,5.97,2.86,18,,810,month,tak,tak,Ewelina@reklama.ai,602534843,zarezerwowany,https://www.reklama.ai/assets/images/billboardy/450_01_01.jpg,tak,https://www.reklama.ai/wynajem_billboardow/tablica/450_01/klodzko---obok-eleclerc
450_02,billboard,Kłodzko,obok E.Leclerc,5.97,2.86,18,,810,month,tak,tak,Ewelina@reklama.ai,602534843,wolny,https://www.reklama.ai/assets/images/billboardy/450_02_01.jpg,tak,https://www.reklama.ai/wynajem_billboardow/tablica/450_02/klodzko---obok-eleclerc
451_01,billboard,Kłodzko,ul. Noworudzka,5.04,2.35,12,,540,month,tak,tak,Ewelina@reklama.ai,602534843,zarezerwowany,https://www.reklama.ai/assets/images/billboardy/451_01_01.jpg,tak,https://www.reklama.ai/wynajem_billboardow/tablica/451_01/klodzko---ul-noworudzka
451_02,billboard,Kłodzko,ul. Noworudzka,5.04,2.35,12,,540,month,tak,tak,Ewelina@reklama.ai,602534843,zarezerwowany,https://www.reklama.ai/assets/images/billboardy/451_02_01.jpg,tak,https://www.reklama.ai/wynajem_billboardow/tablica/451_02/klodzko---ul-noworudzka
452_01,billboard,Niemcza,Skrzyżowanie przy stacji BP,12.2,2.88,36,,1620,month,tak,tak,Ewelina@reklama.ai,602534843,zarezerwowany,https://www.reklama.ai/assets/images/billboardy/452_01_01.jpg,tak,https://www.reklama.ai/wynajem_billboardow/tablica/452_01/niemcza---skrzyzowanie-przy-stacji-bp
452_02,billboard,Niemcza,Skrzyżowanie przy stacji BP,12.2,2.88,36,,1620,month,tak,tak,Ewelina@reklama.ai,602534843,zarezerwowany,https://www.reklama.ai/assets/images/billboardy/452_02_01.jpg,tak,https://www.reklama.ai/wynajem_billboardow/tablica/452_02/niemcza---skrzyzowanie-przy-stacji-bp
453_01,billboard,Szalejów Górny,,12.2,2.86,36,,1620,month,tak,tak,Ewelina@reklama.ai,602534843,zarezerwowany,https://www.reklama.ai/assets/images/billboardy/453_01_01.jpg,tak,https://www.reklama.ai/wynajem_billboardow/tablica/453_01/szalejow-gorny
453_02,billboard,Szalejów Górny,,12.2,2.86,36,,1620,month,tak,tak,Ewelina@reklama.ai,602534843,zarezerwowany,https://www.reklama.ai/assets/images/billboardy/453_02_01.jpg,tak,https://www.reklama.ai/wynajem_billboardow/tablica/453_02/szalejow-gorny
454_01,billboard,Szalejów Górny,,12.2,2.86,36,,1620,month,tak,tak,Ewelina@reklama.ai,602534843,zarezerwowany,https://www.reklama.ai/assets/images/billboardy/454_01_01.jpg,tak,https://www.reklama.ai/wynajem_billboardow/tablica/454_01/szalejow-gorny
454_02,billboard,Szalejów Górny,,12.2,2.86,36,,1620,month,tak,tak,Ewelina@reklama.ai,602534843,zarezerwowany,https://www.reklama.ai/assets/images/billboardy/454_02_01.jpg,tak,https://www.reklama.ai/wynajem_billboardow/tablica/454_02/szalejow-gorny
455_01,billboard,Jordanów Śląski,Przy drodze krajowej nr 8,12.2,2.86,36,,1620,month,tak,tak,Ewelina@reklama.ai,602534843,zarezerwowany,https://www.reklama.ai/assets/images/billboardy/455_01_01.jpg,tak,https://www.reklama.ai/wynajem_billboardow/tablica/455_01/jordanow-slaski---przy-drodze-krajowej-nr-8
455_02,billboard,Jordanów Śląski,Przy drodze krajowej nr 8,12.2,2.86,36,,1620,month,tak,tak,Ewelina@reklama.ai,602534843,zarezerwowany,https://www.reklama.ai/assets/images/billboardy/455_02_01.jpg,tak,https://www.reklama.ai/wynajem_billboardow/tablica/455_02/jordanow-slaski---przy-drodze-krajowej-nr-8
456,billboard,Nowa Ruda,"Słupiec, ul. Kłodzka",5.04,2.35,12,,540,month,tak,tak,Ewelina@reklama.ai,602534843,zarezerwowany,https://www.reklama.ai/assets/images/billboardy/456_01.jpg,tak,https://www.reklama.ai/wynajem_billboardow/tablica/456/nowa-ruda---slupiec-ul-klodzka
457_01,billboard,Bożków,,9.07,2.86,27,,1215,month,tak,tak,Ewelina@reklama.ai,602534843,zarezerwowany,https://www.reklama.ai/assets/images/billboardy/457_01_01.jpg,tak,https://www.reklama.ai/wynajem_billboardow/tablica/457_01/bozkow
457_02,billboard,Bożków,,9.07,2.86,27,,1215,month,tak,tak,Ewelina@reklama.ai,602534843,zarezerwowany,https://www.reklama.ai/assets/images/billboardy/457_02_01.jpg,tak,https://www.reklama.ai/wynajem_billboardow/tablica/457_02/bozkow
458_01,billboard,"Jordanów Śląski, skrzyżowanie",Przy drodze krajowej nr 8,5.97,2.86,18,,810,month,tak,tak,Ewelina@reklama.ai,602534843,zarezerwowany,https://www.reklama.ai/assets/images/billboardy/458_01_01.jpg,tak,https://www.reklama.ai/wynajem_billboardow/tablica/458_01/jordanow-slaski-skrzyzowanie---przy-drodze-krajowej-nr-8
458_02,billboard,"Jordanów Śląski, skrzyżowanie",Przy drodze krajowej nr 8,5.97,2.86,18,,810,month,tak,tak,Ewelina@reklama.ai,602534843,wolny,https://www.reklama.ai/assets/images/billboardy/458_02_01.jpg,tak,https://www.reklama.ai/wynajem_billboardow/tablica/458_02/jordanow-slaski-skrzyzowanie---przy-drodze-krajowej-nr-8
459_01,billboard,Szalejów Górny,,12.2,2.86,36,,1620,month,tak,tak,Ewelina@reklama.ai,602534843,zarezerwowany,https://www.reklama.ai/assets/images/billboardy/459_01_01.jpg,tak,https://www.reklama.ai/wynajem_billboardow/tablica/459_01/szalejow-gorny
459_02,billboard,Szalejów Górny,,12.2,2.86,36,,1620,month,tak,tak,Ewelina@reklama.ai,602534843,zarezerwowany,https://www.reklama.ai/assets/images/billboardy/459_02_01.jpg,tak,https://www.reklama.ai/wynajem_billboardow/tablica/459_02/szalejow-gorny
460_01,billboard,Szalejów Górny,,12.2,2.86,36,,1620,month,tak,tak,Ewelina@reklama.ai,602534843,zarezerwowany,https://www.reklama.ai/assets/images/billboardy/460_01_01.jpg,tak,https://www.reklama.ai/wynajem_billboardow/tablica/460_01/szalejow-gorny
460_02,billboard,Szalejów Górny,,12.2,2.86,36,,1620,month,tak,tak,Ewelina@reklama.ai,602534843,zarezerwowany,https://www.reklama.ai/assets/images/billboardy/460_02_01.jpg,tak,https://www.reklama.ai/wynajem_billboardow/tablica/460_02/szalejow-gorny
461,billboard,Kłodzko,ul.Kościuszki,11.7,11.7,137,,6165,month,tak,tak,Ewelina@reklama.ai,602534843,zarezerwowany,https://www.reklama.ai/assets/images/billboardy/461_01.jpg,tak,https://www.reklama.ai/wynajem_billboardow/tablica/461/klodzko---ulkosciuszki
462_01,billboard,Kłodzko,ul. Letnia,5.97,2.86,18,,810,month,tak,tak,Ewelina@reklama.ai,602534843,zarezerwowany,https://www.reklama.ai/assets/images/billboardy/462_01_01.jpg,tak,https://www.reklama.ai/wynajem_billboardow/tablica/462_01/klodzko---ul-letnia
462_02,billboard,Kłodzko,ul. Letnia,5.97,2.86,18,,810,month,tak,tak,Ewelina@reklama.ai,602534843,zarezerwowany,https://www.reklama.ai/assets/images/billboardy/462_02_01.jpg,tak,https://www.reklama.ai/wynajem_billboardow/tablica/462_02/klodzko---ul-letnia
463_01,billboard,Szklary-Huta,"Szklary-Huta, DK-8",12.2,2.86,36,,1620,month,tak,tak,Ewelina@reklama.ai,602534843,zarezerwowany,https://www.reklama.ai/assets/images/billboardy/463_01_01.jpg,tak,https://www.reklama.ai/wynajem_billboardow/tablica/463_01/szklary-huta---szklary-huta-dk-8
464,billboard,Magnice,Zjazd z autostradowej obwodnicy Wrocławia (AOW),12.2,2.88,36,,1620,month,tak,tak,Ewelina@reklama.ai,602534843,zarezerwowany,https://www.reklama.ai/assets/images/billboardy/464_01.jpg,tak,https://www.reklama.ai/wynajem_billboardow/tablica/464/magnice---zjazd-z-autostradowej-obwodnicy-wroclawia-aow
465_01,billboard,Jordanów Śląski,Przy drodze krajowej nr 8,9.07,2.88,27,,1215,month,tak,tak,Ewelina@reklama.ai,602534843,zarezerwowany,https://www.reklama.ai/assets/images/billboardy/465_01_01.jpg,tak,https://www.reklama.ai/wynajem_billboardow/tablica/465_01/jordanow-slaski---przy-drodze-krajowej-nr-8
465_02,billboard,Jordanów Śląski,Przy drodze krajowej nr 8,9.07,2.88,27,,1215,month,tak,tak,Ewelina@reklama.ai,602534843,zarezerwowany,https://www.reklama.ai/assets/images/billboardy/465_02_01.jpg,tak,https://www.reklama.ai/wynajem_billboardow/tablica/465_02/jordanow-slaski---przy-drodze-krajowej-nr-8
466_01,billboard,Ząbkowice Śląskie,przy Biedronce,10.24,2.35,24,,1080,month,tak,tak,Ewelina@reklama.ai,602534843,zarezerwowany,https://www.reklama.ai/assets/images/billboardy/466_01_01.jpg,tak,https://www.reklama.ai/wynajem_billboardow/tablica/466_01/zabkowice-slaskie---przy-biedronce
466_02,billboard,Ząbkowice Śląskie,przy Biedronce,10.24,2.35,24,,1080,month,tak,tak,Ewelina@reklama.ai,602534843,zarezerwowany,https://www.reklama.ai/assets/images/billboardy/466_02_01.jpg,tak,https://www.reklama.ai/wynajem_billboardow/tablica/466_02/zabkowice-slaskie---przy-biedronce
467_01,billboard,Polanica Zdrój,Polanica-Zdrój,5.97,2.86,18,,810,month,tak,tak,Ewelina@reklama.ai,602534843,zarezerwowany,https://www.reklama.ai/assets/images/billboardy/467_01_01.jpg,tak,https://www.reklama.ai/wynajem_billboardow/tablica/467_01/polanica-zdroj---polanica-zdroj
467_02,billboard,Polanica Zdrój,Polanica-Zdrój,5.97,2.86,18,,810,month,tak,tak,Ewelina@reklama.ai,602534843,zarezerwowany,https://www.reklama.ai/assets/images/billboardy/467_02_01.jpg,tak,https://www.reklama.ai/wynajem_billboardow/tablica/467_02/polanica-zdroj---polanica-zdroj
468_01,billboard,Kudowa Zdrój,TRASA NR 8,5.97,2.86,18,,810,month,tak,tak,Ewelina@reklama.ai,602534843,zarezerwowany,https://www.reklama.ai/assets/images/billboardy/468_01_01.jpg,tak,https://www.reklama.ai/wynajem_billboardow/tablica/468_01/kudowa-zdroj---trasa-nr-8
468_02,billboard,Kudowa Zdrój,TRASA NR 8,5.97,2.86,18,,810,month,tak,tak,Ewelina@reklama.ai,602534843,zarezerwowany,https://www.reklama.ai/assets/images/billboardy/468_02_01.jpg,tak,https://www.reklama.ai/wynajem_billboardow/tablica/468_02/kudowa-zdroj---trasa-nr-8
469,billboard,Dzierżoniów,Dzierżoniów - miasto,5.04,2.35,12,,540,month,tak,tak,Ewelina@reklama.ai,602534843,zarezerwowany,https://www.reklama.ai/assets/images/billboardy/469_01.jpg,tak,https://www.reklama.ai/wynajem_billboardow/tablica/469/dzierzoniow---dzierzoniow-miasto
470_01,billboard,Dzierżoniów,Dzierżoniów - wjazd od Ząbkowic,5.97,2.86,18,,810,month,tak,tak,Ewelina@reklama.ai,602534843,zarezerwowany,https://www.reklama.ai/assets/images/billboardy/470_01_01.jpg,tak,https://www.reklama.ai/wynajem_billboardow/tablica/470_01/dzierzoniow---dzierzoniow-wjazd-od-zabkowic
470_02,billboard,Dzierżoniów,Dzierżoniów - od Ząbkowic,5.97,2.86,18,,810,month,tak,tak,Ewelina@reklama.ai,602534843,zarezerwowany,https://www.reklama.ai/assets/images/billboardy/470_02_01.jpg,tak,https://www.reklama.ai/wynajem_billboardow/tablica/470_02/dzierzoniow---dzierzoniow-od-zabkowic
471,billboard,Dzierżoniów,Dzierżoniów - miasto,5.04,2.35,12,,540,month,tak,tak,Ewelina@reklama.ai,602534843,zarezerwowany,https://www.reklama.ai/assets/images/billboardy/471_01.jpg,tak,https://www.reklama.ai/wynajem_billboardow/tablica/471/dzierzoniow---dzierzoniow-miasto
472,billboard,Dzierżoniów,Dzierżoniów - miasto,5.04,2.35,12,,540,month,tak,tak,Ewelina@reklama.ai,602534843,zarezerwowany,https://www.reklama.ai/assets/images/billboardy/472_01.jpg,tak,https://www.reklama.ai/wynajem_billboardow/tablica/472/dzierzoniow---dzierzoniow-miasto
473_01,billboard,Dzierżoniów,Dzierżoniów - miasto,5.04,2.35,12,,540,month,tak,tak,Ewelina@reklama.ai,602534843,zarezerwowany,https://www.reklama.ai/assets/images/billboardy/473_01_01.jpg,tak,https://www.reklama.ai/wynajem_billboardow/tablica/473_01/dzierzoniow---dzierzoniow-miasto
473_02,billboard,Dzierżoniów,Dzierżoniów - miasto,5.04,2.35,12,,540,month,tak,tak,Ewelina@reklama.ai,602534843,zarezerwowany,https://www.reklama.ai/assets/images/billboardy/473_02_01.jpg,tak,https://www.reklama.ai/wynajem_billboardow/tablica/473_02/dzierzoniow---dzierzoniow-miasto
474_01,billboard,Dzierżoniów,Dzierżoniów - Kościuszki,12.2,2.88,36,,1620,month,tak,tak,Ewelina@reklama.ai,602534843,zarezerwowany,https://www.reklama.ai/assets/images/billboardy/474_01_01.jpg,tak,https://www.reklama.ai/wynajem_billboardow/tablica/474_01/dzierzoniow---dzierzoniow-kosciuszki
474_02,billboard,Dzierżoniów,Dzierżoniów - Kościuszki,12.2,2.88,36,,1620,month,tak,tak,Ewelina@reklama.ai,602534843,zarezerwowany,https://www.reklama.ai/assets/images/billboardy/474_02_01.jpg,tak,https://www.reklama.ai/wynajem_billboardow/tablica/474_02/dzierzoniow---dzierzoniow-kosciuszki
475_01,billboard,Dzierżoniów,Dzierżoniów - ul.Kościuszki Globgranit,12.2,2.88,36,,1620,month,tak,tak,Ewelina@reklama.ai,602534843,zarezerwowany,https://www.reklama.ai/assets/images/billboardy/475_01_01.jpg,tak,https://www.reklama.ai/wynajem_billboardow/tablica/475_01/dzierzoniow---dzierzoniow-ulkosciuszki-globgranit
475_02,billboard,Dzierżoniów,Dzierżoniów - Kościuszki Globgranit,12.2,2.88,36,,1620,month,tak,tak,Ewelina@reklama.ai,602534843,zarezerwowany,https://www.reklama.ai/assets/images/billboardy/475_02_01.jpg,tak,https://www.reklama.ai/wynajem_billboardow/tablica/475_02/dzierzoniow---dzierzoniow-kosciuszki-globgranit
476,billboard,Dzierżoniów,Dzierżoniów - nowa Obwodnica,12.2,2.88,36,,1620,month,tak,tak,Ewelina@reklama.ai,602534843,zarezerwowany,https://www.reklama.ai/assets/images/billboardy/476_01.jpg,tak,https://www.reklama.ai/wynajem_billboardow/tablica/476/dzierzoniow---dzierzoniow-nowa-obwodnica
477,billboard,Dzierżoniów,Dzierżoniów - Kołaczów,5.97,2.86,18,,810,month,tak,tak,Ewelina@reklama.ai,602534843,zarezerwowany,https://www.reklama.ai/assets/images/billboardy/477_01.jpg,tak,https://www.reklama.ai/wynajem_billboardow/tablica/477/dzierzoniow---dzierzoniow-kolaczow
478,billboard,Dzierżoniów,Dzierżoniów - Batalionów Chłopskich,5.04,2.35,12,,540,month,tak,tak,Ewelina@reklama.ai,602534843,zarezerwowany,https://www.reklama.ai/assets/images/billboardy/478_01.jpg,tak,https://www.reklama.ai/wynajem_billboardow/tablica/478/dzierzoniow---dzierzoniow-batalionow-chlopskich
479_01,billboard,Bielawa,Bielawa Żeromskiego 24 kier LM,5.04,2.35,12,,540,month,tak,tak,Ewelina@reklama.ai,602534843,zarezerwowany,https://www.reklama.ai/assets/images/billboardy/479_01_01.jpg,tak,https://www.reklama.ai/wynajem_billboardow/tablica/479_01/bielawa---bielawa-zeromskiego-24-kier-lm
479_02,billboard,Bielawa,Bielawa Żeromskiego 24 kier miasto,5.04,2.35,12,,540,month,tak,tak,Ewelina@reklama.ai,602534843,zarezerwowany,https://www.reklama.ai/assets/images/billboardy/479_02_01.jpg,tak,https://www.reklama.ai/wynajem_billboardow/tablica/479_02/bielawa---bielawa-zeromskiego-24-kier-miasto
480_01,billboard,Bielawa,Bielawa Sikorskiego 37 kier LM,5.97,2.86,18,,810,month,tak,tak,Ewelina@reklama.ai,602534843,zarezerwowany,https://www.reklama.ai/assets/images/billboardy/480_01_01.jpg,tak,https://www.reklama.ai/wynajem_billboardow/tablica/480_01/bielawa---bielawa-sikorskiego-37-kier-lm
480_02,billboard,Bielawa,Bielawa Sikorskiego 37 kier miasto,5.97,2.86,18,,810,month,tak,tak,Ewelina@reklama.ai,602534843,zarezerwowany,https://www.reklama.ai/assets/images/billboardy/480_02_01.jpg,tak,https://www.reklama.ai/wynajem_billboardow/tablica/480_02/bielawa---bielawa-sikorskiego-37-kier-miasto
481_01,billboard,Bielawa,Bielawa Rondo przy Galerii W.Polskiego k. Galeria,5.97,2.86,18,,810,month,tak,tak,Ewelina@reklama.ai,602534843,zarezerwowany,https://www.reklama.ai/assets/images/billboardy/481_01_01.jpg,tak,https://www.reklama.ai/wynajem_billboardow/tablica/481_01/bielawa---bielawa-rondo-przy-galerii-wpolskiego-k-galeria
481_02,billboard,Bielawa,Bielawa Rondo przy Galerii W.Polskiego k. Dzierżoniów,5.97,2.86,18,,810,month,tak,tak,Ewelina@reklama.ai,602534843,zarezerwowany,https://www.reklama.ai/assets/images/billboardy/481_02_01.jpg,tak,https://www.reklama.ai/wynajem_billboardow/tablica/481_02/bielawa---bielawa-rondo-przy-galerii-wpolskiego-k-dzierzoniow
482,billboard,Bielawa,Bielawa Rondo Dzierżoniowska 31,5.97,2.86,18,,810,month,tak,tak,Ewelina@reklama.ai,602534843,zarezerwowany,https://www.reklama.ai/assets/images/billboardy/482_01.jpg,tak,https://www.reklama.ai/wynajem_billboardow/tablica/482/bielawa---bielawa-rondo-dzierzoniowska-31
483,billboard,Bielawa,Bielawa Wolności 141a,5.04,2.35,12,,540,month,tak,tak,Ewelina@reklama.ai,602534843,zarezerwowany,https://www.reklama.ai/assets/images/billboardy/483_01.jpg,tak,https://www.reklama.ai/wynajem_billboardow/tablica/483/bielawa---bielawa-wolnosci-141a
484_01,billboard,Bielawa,Bielawa ul.Kasztanowa rondo Wysoka,5.04,2.35,12,,540,month,tak,tak,Ewelina@reklama.ai,602534843,zarezerwowany,https://www.reklama.ai/assets/images/billboardy/484_01_01.jpg,tak,https://www.reklama.ai/wynajem_billboardow/tablica/484_01/bielawa---bielawa-ulkasztanowa-rondo-wysoka
484_02,billboard,Bielawa,Bielawa ul.Kasztanowa rondo Wysoka,5.04,2.35,12,,540,month,tak,tak,Ewelina@reklama.ai,602534843,zarezerwowany,https://www.reklama.ai/assets/images/billboardy/484_02_01.jpg,tak,https://www.reklama.ai/wynajem_billboardow/tablica/484_02/bielawa---bielawa-ulkasztanowa-rondo-wysoka
485,billboard,Bielawa,Bielawa Ostroszowicka 11,5.04,2.35,12,,540,month,tak,tak,Ewelina@reklama.ai,602534843,zarezerwowany,https://www.reklama.ai/assets/images/billboardy/485_01.jpg,tak,https://www.reklama.ai/wynajem_billboardow/tablica/485/bielawa---bielawa-ostroszowicka-11
486,billboard,Bielawa,Bielawa Boh Getta przejazd kolejowy,5.04,2.35,12,,540,month,tak,tak,Ewelina@reklama.ai,602534843,zarezerwowany,https://www.reklama.ai/assets/images/billboardy/486_01.jpg,tak,https://www.reklama.ai/wynajem_billboardow/tablica/486/bielawa---bielawa-boh-getta-przejazd-kolejowy
487,billboard,Dzierżoniów - Dobrocin,Dzierżoniów - Dobrocin,5.04,2.35,12,,540,month,tak,tak,Ewelina@reklama.ai,602534843,zarezerwowany,https://www.reklama.ai/assets/images/billboardy/487_01.jpg,tak,https://www.reklama.ai/wynajem_billboardow/tablica/487/dzierzoniow-dobrocin---dzierzoniow-dobrocin
488,billboard,Dzierżoniów,Dzierżoniów Ząbkowicka,6.8,2.75,19,,855,month,tak,tak,Ewelina@reklama.ai,602534843,zarezerwowany,https://www.reklama.ai/assets/images/billboardy/488_01.jpg,tak,https://www.reklama.ai/wynajem_billboardow/tablica/488/dzierzoniow---dzierzoniow-zabkowicka
489,billboard,Dzierżoniów,Dzierżoniów Batalionów Chłopskich,4.2,4.5,19,,855,month,tak,tak,Ewelina@reklama.ai,602534843,zarezerwowany,https://www.reklama.ai/assets/images/billboardy/489_01.jpg,tak,https://www.reklama.ai/wynajem_billboardow/tablica/489/dzierzoniow---dzierzoniow-batalionow-chlopskich
490_01,billboard,Dzierżoniów-Pieszyce,Pieszyce - Kościuszki,12.2,2.86,36,,1620,month,tak,tak,Ewelina@reklama.ai,602534843,wolny,https://www.reklama.ai/assets/images/billboardy/490_01_01.jpg,tak,https://www.reklama.ai/wynajem_billboardow/tablica/490_01/dzierzoniow-pieszyce---pieszyce-kosciuszki
490_02,billboard,Dzierżoniów-Pieszyce,Pieszyce - Kościuszki,12.2,2.86,36,,1620,month,tak,tak,Ewelina@reklama.ai,602534843,zarezerwowany,https://www.reklama.ai/assets/images/billboardy/490_02_01.jpg,tak,https://www.reklama.ai/wynajem_billboardow/tablica/490_02/dzierzoniow-pieszyce---pieszyce-kosciuszki
491_01,billboard,"Jordanów Śląski, skrzyżowanie",Przy drodze krajowej nr 8,12.2,2.86,36,,1620,month,tak,tak,Ewelina@reklama.ai,602534843,zarezerwowany,https://www.reklama.ai/assets/images/billboardy/491_01_01.jpg,tak,https://www.reklama.ai/wynajem_billboardow/tablica/491_01/jordanow-slaski-skrzyzowanie---przy-drodze-krajowej-nr-8
491_02,billboard,"Jordanów Śląski, skrzyżowanie",Przy drodze krajowej nr 8,12.2,2.86,36,,1620,month,tak,tak,Ewelina@reklama.ai,602534843,zarezerwowany,https://www.reklama.ai/assets/images/billboardy/491_02_01.jpg,tak,https://www.reklama.ai/wynajem_billboardow/tablica/491_02/jordanow-slaski-skrzyzowanie---przy-drodze-krajowej-nr-8
492,billboard,Braszowice,Braszowice DK-8,9.07,2.86,27,,1215,month,tak,tak,Ewelina@reklama.ai,602534843,zarezerwowany,https://www.reklama.ai/assets/images/billboardy/492_01.jpg,tak,https://www.reklama.ai/wynajem_billboardow/tablica/492/braszowice---braszowice-dk-8
493,billboard,Szczytna,Borowina,9.07,2.86,26,,1170,month,tak,tak,Ewelina@reklama.ai,602534843,zarezerwowany,https://www.reklama.ai/assets/images/billboardy/493_01.jpg,tak,https://www.reklama.ai/wynajem_billboardow/tablica/493/szczytna---borowina
500_01,billboard,Lądek-Zdrój,"Lądek-Zdr, ul. Mickiewicza, przed Rondem",5.05,2.35,12,,540,month,tak,tak,Ewelina@reklama.ai,602534843,zarezerwowany,https://www.reklama.ai/assets/images/billboardy/500_01_01.jpg,tak,https://www.reklama.ai/wynajem_billboardow/tablica/500_01/ladek-zdroj---ladek-zdr-ul-mickiewicza-przed-rondem
500_02,billboard,Lądek-Zdrój,"Lądek-Zdr., ul. Mickiewicza, za Rondem",5.05,2.35,12,,540,month,tak,tak,Ewelina@reklama.ai,602534843,zarezerwowany,https://www.reklama.ai/assets/images/billboardy/500_02_01.jpg,tak,https://www.reklama.ai/wynajem_billboardow/tablica/500_02/ladek-zdroj---ladek-zdr-ul-mickiewicza-za-rondem
telebim1,led_screen,"Kłodzko, ul Kościuszki",ul. Kościuszki,5.9,3.1,19,,855,month,tak,tak,Ewelina@reklama.ai,602534843,wolny,https://www.reklama.ai/assets/images/billboardy/telebim1_01.jpg,tak,https://www.reklama.ai/wynajem_billboardow/tablica/telebim1/klodzko-ul-kosciuszki---ul-kosciuszki
telebim2,led_screen,"Kłodzko, przy Galerii Twierdza",ul. Noworudzka,4.8,2.88,19,,855,month,tak,tak,Ewelina@reklama.ai,602534843,wolny,https://www.reklama.ai/assets/images/billboardy/telebim2_01.jpg,tak,https://www.reklama.ai/wynajem_billboardow/tablica/telebim2/klodzko-przy-galerii-twierdza---ul-noworudzka
